match_id,season,type_clean,competition_code,competition,gender,venue,date,timestamp,inning_number,id,overs_unique,overs_actual,over_number,ball_number,balls_remaining,total_inning_runs,run_rate,target,total_inning_wickets,bowl_team,bowl_team_id,bowl_team_abbr,bowler_cricinfo_id,bowler_player_id,bowler,bowler_wickets_cumulative,title,bat_team,bat_team_id,bat_team_abbr,batter_cricinfo_id,batter_player_id,batter,batter_runs_cumulative,total_runs,runs_off_bat,is_four,is_six,pitch_line,pitch_length,shot_type,shot_control,wagon_x,wagon_y,wagon_zone,byes,legbyes,wides,noballs,penalties,extras,out_player_cricinfo_id,out_player_id,out_player,dismissal_type,dismissal_text_shot,dismissal_text_long,dismissal_text_commentary,is_wicket,delivery_no,boundary,dot,six,phase,wp,xrun,exp_innings,custom_match_id
1387172,2023,T20,WBBL,WBBL,male,"North Sydney Oval, Sydney",2023-10-19,2023-10-19T08:41:15.000Z,1,43783152,0.01,0.1,1,1,122,0,0,0,0,Sydney Sixers Women,5641,SS-W,858811,81365,Lauren Cheatle,0,Cheatle to Dunkley,Melbourne Stars Women,5637,MS-W,885815,83055,Sophia Dunkley,0,0,0,FALSE,FALSE,OUTSIDE_OFFSTUMP,FULL,STEERED,1,126,144,7,0,0,0,0,0,0,NA,NA,NA,NA,NA,NA,NA,FALSE,1,0,1,0,powerplay,0.4969,1.0441,164.55218702861217,WBBL_2023_2023-10-19_MS-W_SS-W
1387173,2023,T20,WBBL,WBBL,male,"Junction Oval, Melbourne",2023-10-20,2023-10-20T04:01:32.000Z,1,43786294,0.01,0.1,1,1,120,2,12,0,0,Melbourne Renegades Women,5645,MR-W,474308,63409,Hayley Matthews,0,Matthews to Harris,Brisbane Heat Women,5635,BH-W,381268,58694,Grace Harris,2,2,2,FALSE,FALSE,OUTSIDE_OFFSTUMP,SHORT_OF_A_GOOD_LENGTH,COVER_DRIVE,1,38,190,6,0,0,0,0,0,0,NA,NA,NA,NA,NA,NA,NA,FALSE,1,0,0,0,powerplay,0.4977,1.0441,194.0839505310919,WBBL_2023_2023-10-20_BH-W_MR-W
1387174,2023,T20,WBBL,WBBL,male,"University of Tasmania Stadium, Launceston",2023-10-20,2023-10-20T08:11:48.000Z,1,43786968,0.01,0.1,1,1,126,0,0,0,0,Hobart Hurricanes Women,5649,HH-W,276997,51038,Shabnim Ismail,0,Ismail to Winfield-Hill,Perth Scorchers Women,5643,PS-W,517572,65418,Lauren Winfield-Hill,0,0,0,FALSE,FALSE,ON_THE_STUMPS,FULL,DEFENDED,1,179,195,5,0,0,0,0,0,0,NA,NA,NA,NA,NA,NA,NA,FALSE,1,0,1,0,powerplay,0.4969,1.0441,169.90514074730217,WBBL_2023_2023-10-20_PS-W_HH-W
1387175,2023,T20,WBBL,WBBL,male,"Karen Rolton Oval, Adelaide",2023-10-21,2023-10-21T08:11:54.000Z,1,43790280,0.01,0.1,1,1,121,0,0,0,0,Melbourne Stars Women,5637,MS-W,418423,60360,Kim Garth,0,Garth to Mack,Adelaide Strikers Women,5647,AS-W,678831,72533,Katie Mack,0,0,0,FALSE,FALSE,OUTSIDE_OFFSTUMP,GOOD_LENGTH,PUSH,2,0,0,0,0,0,0,0,0,0,NA,NA,NA,NA,NA,NA,NA,FALSE,1,0,1,0,powerplay,0.4969,1.0441,163.21394859893968,WBBL_2023_2023-10-21_AS-W_MS-W
1387176,2023,T20,WBBL,WBBL,male,"North Sydney Oval, Sydney",2023-10-22,2023-10-22T02:41:03.000Z,1,43793061,0.01,0.1,1,1,125,1,6,0,0,Perth Scorchers Women,5643,PS-W,1142970,102135,Stella Campbell,0,Campbell to Harris,Brisbane Heat Women,5635,BH-W,381268,58694,Grace Harris,0,1,0,FALSE,FALSE,DOWN_LEG,FULL,PADDLE_SWEEP,NA,0,0,0,0,0,1,0,0,1,NA,NA,NA,NA,NA,NA,NA,FALSE,1,0,0,0,powerplay,0.496,1.0441,184.67102249854207,WBBL_2023_2023-10-22_BH-W_PS-W
1387177,2023,T20,WBBL,WBBL,male,"North Sydney Oval, Sydney",2023-10-22,2023-10-22T06:26:28.000Z,1,43793686,0.01,0.1,1,1,122,0,0,0,0,Sydney Sixers Women,5641,SS-W,1068933,95267,Jess Kerr,0,Jess Kerr to Wilson,Sydney Thunder Women,5639,ST-W,1142969,102134,Tahlia Wilson,0,0,0,FALSE,FALSE,OUTSIDE_OFFSTUMP,FULL_TOSS,STRAIGHT_DRIVE,1,181,196,4,0,0,0,0,0,0,NA,NA,NA,NA,NA,NA,NA,FALSE,1,0,1,0,powerplay,0.4969,1.0441,164.55218702861217,WBBL_2023_2023-10-22_ST-W_SS-W
1387178,2023,T20,WBBL,WBBL,male,"Junction Oval, Melbourne",2023-10-23,NA,1,43796708,0.01,0.1,1,1,122,0,0,0,0,Adelaide Strikers Women,5647,AS-W,922493,84917,Anesu Mushangwe,0,Mushangwe to Beaumont,Melbourne Renegades Women,5645,MR-W,297074,52145,Tammy Beaumont,0,0,0,FALSE,FALSE,OUTSIDE_OFFSTUMP,GOOD_LENGTH,CUT_SHOT,1,120,151,7,0,0,0,0,0,0,NA,NA,NA,NA,NA,NA,NA,FALSE,1,0,1,0,powerplay,0.4969,1.0441,164.55218702861217,WBBL_2023_2023-10-23_MR-W_AS-W
1387179,2023,T20,WBBL,WBBL,male,"Junction Oval, Melbourne",2023-10-24,2023-10-24T03:31:18.000Z,1,43800001,0.01,0.1,1,1,122,1,6,0,0,Adelaide Strikers Women,5647,AS-W,420314,60446,Megan Schutt,0,Schutt to Lanning,Melbourne Stars Women,5637,MS-W,329336,54506,Meg Lanning,0,1,0,FALSE,FALSE,ON_THE_STUMPS,FULL,FLICK,NA,0,0,0,0,0,1,0,0,1,NA,NA,NA,NA,NA,NA,NA,FALSE,1,0,0,0,powerplay,0.496,1.0441,180.65630720952453,WBBL_2023_2023-10-24_MS-W_AS-W
1387180,2023,T20,WBBL,WBBL,male,"North Sydney Oval, Sydney",2023-10-24,2023-10-24T07:11:11.000Z,1,43800372,0.01,0.1,1,1,124,0,0,0,0,Brisbane Heat Women,5635,BH-W,767597,77297,Nicola Hancock,0,Hancock to Perry,Sydney Sixers Women,5641,SS-W,275487,50927,Ellyse Perry,0,0,0,FALSE,FALSE,ON_THE_STUMPS,SHORT_OF_A_GOOD_LENGTH,LEG_GLANCE,2,0,0,0,0,0,0,0,0,0,NA,NA,NA,NA,NA,NA,NA,FALSE,1,0,1,0,powerplay,0.4969,1.0441,167.22866388795717,WBBL_2023_2023-10-24_SS-W_BH-W
1387181,2023,T20,WBBL,WBBL,male,"Western Australia Cricket Association Ground, Perth",2023-10-25,2023-10-25T08:10:46.000Z,1,43803146,0.01,0.1,1,1,126,0,0,0,0,Perth Scorchers Women,5643,PS-W,944393,87731,Alana King,0,King to Lee,Hobart Hurricanes Women,5649,HH-W,483484,63771,Lizelle Lee,0,0,0,FALSE,FALSE,OUTSIDE_OFFSTUMP,GOOD_LENGTH,STEERED,1,146,116,8,0,0,0,0,0,0,NA,NA,NA,NA,NA,NA,NA,FALSE,1,0,1,0,powerplay,0.4969,1.0441,169.90514074730217,WBBL_2023_2023-10-25_HH-W_PS-W
1387182,2023,T20,WBBL,WBBL,male,Sydney Showground Stadium,2023-10-26,2023-10-26T04:01:19.000Z,1,43806347,0.01,0.1,1,1,123,1,6,0,0,Sydney Thunder Women,5639,ST-W,351836,56998,Marizanne Kapp,0,Kapp to Matthews,Melbourne Renegades Women,5645,MR-W,474308,63409,Hayley Matthews,1,1,1,FALSE,FALSE,OUTSIDE_OFFSTUMP,SHORT_OF_A_GOOD_LENGTH,STEERED,1,154,36,8,0,0,0,0,0,0,NA,NA,NA,NA,NA,NA,NA,FALSE,1,0,0,0,powerplay,0.496,1.0441,181.99454563919704,WBBL_2023_2023-10-26_MR-W_ST-W
1387183,2023,T20,WBBL,WBBL,male,"Allan Border Field, Brisbane",2023-10-27,2023-10-27T07:20:49.000Z,1,43810535,0.01,0.1,1,1,50,0,0,0,0,Hobart Hurricanes Women,5649,HH-W,382231,58807,Molly Strano,0,Strano to Mack,Adelaide Strikers Women,5647,AS-W,678831,72533,Katie Mack,0,0,0,FALSE,FALSE,OUTSIDE_OFFSTUMP,GOOD_LENGTH,CUT_SHOT,2,136,177,6,0,0,0,0,0,0,NA,NA,NA,NA,NA,NA,NA,FALSE,1,0,1,0,powerplay,0.5007,1.0441,68.19902009219211,WBBL_2023_2023-10-27_AS-W_HH-W
1387184,2023,T20,WBBL,WBBL,male,"Allan Border Field, Brisbane",2023-10-27,2023-10-27T09:31:07.000Z,1,43811358,0.01,0.1,1,1,123,2,12,0,0,Melbourne Stars Women,5637,MS-W,418423,60360,Kim Garth,0,Garth to Harris,Brisbane Heat Women,5635,BH-W,381268,58694,Grace Harris,2,2,2,FALSE,FALSE,OUTSIDE_OFFSTUMP,FULL,SQUARE_DRIVE,1,46,99,7,0,0,0,0,0,0,NA,NA,NA,NA,NA,NA,NA,FALSE,1,0,0,0,powerplay,0.4977,1.0441,198.09866582010937,WBBL_2023_2023-10-27_BH-W_MS-W
1387185,2023,T20,WBBL,WBBL,male,"Junction Oval, Melbourne",2023-10-28,2023-10-28T01:01:15.000Z,1,43813677,0.01,0.1,1,1,120,0,0,0,0,Melbourne Renegades Women,5645,MR-W,474308,63409,Hayley Matthews,0,Matthews to Perry,Sydney Sixers Women,5641,SS-W,275487,50927,Ellyse Perry,0,0,0,FALSE,FALSE,OUTSIDE_OFFSTUMP,GOOD_LENGTH,DEFENDED,1,165,188,5,0,0,0,0,0,0,NA,NA,NA,NA,NA,NA,NA,FALSE,1,0,1,0,powerplay,0.4969,1.0441,161.87571016926717,WBBL_2023_2023-10-28_SS-W_MR-W
1387186,2023,T20,WBBL,WBBL,male,"Junction Oval, Melbourne",2023-10-29,2023-10-29T04:01:24.000Z,1,43817623,0.01,0.1,1,1,127,1,6,0,0,Perth Scorchers Women,5643,PS-W,679171,72547,Taneale Peschel,0,Peschel to Reid,Melbourne Stars Women,5637,MS-W,1303225,111528,Sophie Reid,1,1,1,FALSE,FALSE,ON_THE_STUMPS,SHORT_OF_A_GOOD_LENGTH,PULL,1,42,120,7,0,0,0,0,0,0,NA,NA,NA,NA,NA,NA,NA,FALSE,1,0,0,0,powerplay,0.496,1.0441,187.34749935788705,WBBL_2023_2023-10-29_MS-W_PS-W
1387187,2023,T20,WBBL,WBBL,male,"Karen Rolton Oval, Adelaide",2023-10-29,2023-10-29T08:11:21.000Z,1,43818741,0.01,0.1,1,1,127,0,0,0,0,Brisbane Heat Women,5635,BH-W,1164537,104071,Charli Knott,0,Knott to Mack,Adelaide Strikers Women,5647,AS-W,678831,72533,Katie Mack,0,0,0,FALSE,FALSE,OUTSIDE_OFFSTUMP,GOOD_LENGTH,STEERED,1,149,145,7,0,0,0,0,0,0,NA,NA,NA,NA,NA,NA,NA,FALSE,1,0,1,0,powerplay,0.4969,1.0441,171.24337917697466,WBBL_2023_2023-10-29_AS-W_BH-W
1387188,2023,T20,WBBL,WBBL,male,"University of Tasmania Stadium, Launceston",2023-10-30,2023-10-30T07:10:59.000Z,1,43821947,0.01,0.1,1,1,122,0,0,0,0,Sydney Thunder Women,5639,ST-W,351836,56998,Marizanne Kapp,0,Kapp to Lee,Hobart Hurricanes Women,5649,HH-W,483484,63771,Lizelle Lee,0,0,0,FALSE,FALSE,OUTSIDE_OFFSTUMP,GOOD_LENGTH,LEFT_ALONE,1,0,0,0,0,0,0,0,0,0,NA,NA,NA,NA,NA,NA,NA,FALSE,1,0,1,0,powerplay,0.4969,1.0441,164.55218702861217,WBBL_2023_2023-10-30_HH-W_ST-W
1387189,2023,T20,WBBL,WBBL,male,"Western Australia Cricket Association Ground, Perth",2023-10-31,2023-10-31T09:11:56.000Z,1,43825863,0.01,0.1,1,1,123,1,6,0,0,Sydney Sixers Women,5641,SS-W,858811,81365,Lauren Cheatle,0,Cheatle to Piparo,Perth Scorchers Women,5643,PS-W,437274,61683,Chloe Piparo,0,1,0,FALSE,FALSE,ON_THE_STUMPS,GOOD_LENGTH,NA,2,0,0,0,1,0,0,0,0,1,NA,NA,NA,NA,NA,NA,NA,FALSE,1,0,0,0,powerplay,0.496,1.0441,181.99454563919704,WBBL_2023_2023-10-31_PS-W_SS-W
1387190,2023,T20,WBBL,WBBL,male,"Junction Oval, Melbourne",2023-11-01,2023-11-01T04:00:59.000Z,1,43827234,0.01,0.1,1,1,127,0,0,0,0,Melbourne Renegades Women,5645,MR-W,474308,63409,Hayley Matthews,0,Matthews to Wilson,Sydney Thunder Women,5639,ST-W,1142969,102134,Tahlia Wilson,0,0,0,FALSE,FALSE,OUTSIDE_OFFSTUMP,GOOD_LENGTH,PUSH,1,242,173,3,0,0,0,0,0,0,NA,NA,NA,NA,NA,NA,NA,FALSE,1,0,1,0,powerplay,0.4969,1.0441,171.24337917697466,WBBL_2023_2023-11-01_ST-W_MR-W
1387191,2023,T20,WBBL,WBBL,male,"Bellerive Oval, Hobart",2023-11-02,2023-11-02T08:11:16.000Z,1,43830301,0.01,0.1,1,1,122,0,0,0,0,Hobart Hurricanes Women,5649,HH-W,382231,58807,Molly Strano,0,Strano to Reid,Melbourne Stars Women,5637,MS-W,1303225,111528,Sophie Reid,0,0,0,FALSE,FALSE,ON_THE_STUMPS,GOOD_LENGTH,FLICK,1,129,181,6,0,0,0,0,0,0,NA,NA,NA,NA,NA,NA,NA,FALSE,1,0,1,0,powerplay,0.4969,1.0441,164.55218702861217,WBBL_2023_2023-11-02_MS-W_HH-W
1387192,2023,T20,WBBL,WBBL,male,"Western Australia Cricket Association Ground, Perth",2023-11-03,2023-11-03T06:10:43.000Z,1,43832425,0.01,0.1,1,1,121,0,0,0,0,Adelaide Strikers Women,5647,AS-W,420314,60446,Megan Schutt,0,Schutt to Bates,Sydney Sixers Women,5641,SS-W,54565,46564,Suzie Bates,0,0,0,FALSE,FALSE,OUTSIDE_OFFSTUMP,GOOD_LENGTH,DEFENDED,1,133,172,6,0,0,0,0,0,0,NA,NA,NA,NA,NA,NA,NA,FALSE,1,0,1,0,powerplay,0.4969,1.0441,163.21394859893968,WBBL_2023_2023-11-03_SS-W_AS-W
1387193,2023,T20,WBBL,WBBL,male,"Western Australia Cricket Association Ground, Perth",2023-11-03,2023-11-03T09:41:05.000Z,1,43833832,0.01,0.1,1,1,124,0,0,0,0,Perth Scorchers Women,5643,PS-W,944393,87731,Alana King,0,King to Beaumont,Melbourne Renegades Women,5645,MR-W,297074,52145,Tammy Beaumont,0,0,0,FALSE,FALSE,OUTSIDE_OFFSTUMP,GOOD_LENGTH,CUT_SHOT,1,120,152,7,0,0,0,0,0,0,NA,NA,NA,NA,NA,NA,NA,FALSE,1,0,1,0,powerplay,0.4969,1.0441,167.22866388795717,WBBL_2023_2023-11-03_MR-W_PS-W
1387194,2023,T20,WBBL,WBBL,male,"Casey Fields No 4, Melbourne",2023-11-04,2023-11-04T04:00:41.000Z,1,43835672,0.01,0.1,1,1,122,0,0,0,0,Sydney Thunder Women,5639,ST-W,318853,53652,Chamari Athapaththu,0,Athapaththu to Reid,Melbourne Stars Women,5637,MS-W,1303225,111528,Sophie Reid,0,0,0,FALSE,FALSE,ON_THE_STUMPS,GOOD_LENGTH,COVER_DRIVE,1,233,180,3,0,0,0,0,0,0,NA,NA,NA,NA,NA,NA,NA,FALSE,1,0,1,0,powerplay,0.4969,1.0441,164.55218702861217,WBBL_2023_2023-11-04_MS-W_ST-W
1387195,2023,T20,WBBL,WBBL,male,"Bellerive Oval, Hobart",2023-11-04,2023-11-04T07:31:19.000Z,1,43836971,0.01,0.1,1,1,123,2,12,0,0,Brisbane Heat Women,5635,BH-W,767597,77297,Nicola Hancock,0,Hancock to Lee,Hobart Hurricanes Women,5649,HH-W,483484,63771,Lizelle Lee,0,2,0,FALSE,FALSE,OUTSIDE_OFFSTUMP,GOOD_LENGTH,DEFENDED,2,0,0,0,0,2,0,0,0,2,NA,NA,NA,NA,NA,NA,NA,FALSE,1,0,0,0,powerplay,0.4977,1.0441,198.09866582010937,WBBL_2023_2023-11-04_HH-W_BH-W
1387196,2023,T20,WBBL,WBBL,male,"Western Australia Cricket Association Ground, Perth",2023-11-05,2023-11-05T02:41:00.000Z,1,43838960,0.01,0.1,1,1,121,0,0,0,0,Sydney Sixers Women,5641,SS-W,858811,81365,Lauren Cheatle,0,Cheatle to Matthews,Melbourne Renegades Women,5645,MR-W,474308,63409,Hayley Matthews,0,0,0,FALSE,FALSE,OUTSIDE_OFFSTUMP,GOOD_LENGTH,DEFENDED,1,163,186,5,0,0,0,0,0,0,NA,NA,NA,NA,NA,NA,NA,FALSE,1,0,1,0,powerplay,0.4969,1.0441,163.21394859893968,WBBL_2023_2023-11-05_MR-W_SS-W
1387197,2023,T20,WBBL,WBBL,male,"Western Australia Cricket Association Ground, Perth",2023-11-05,2023-11-05T06:25:46.000Z,1,43842178,0.01,0.1,1,1,122,0,0,0,0,Adelaide Strikers Women,5647,AS-W,420314,60446,Megan Schutt,0,Schutt to Mooney,Perth Scorchers Women,5643,PS-W,381258,58687,Beth Mooney,0,0,0,FALSE,FALSE,ON_THE_STUMPS,GOOD_LENGTH,LEFT_ALONE,1,0,0,0,0,0,0,0,0,0,NA,NA,NA,NA,NA,NA,NA,FALSE,1,0,1,0,powerplay,0.4969,1.0441,164.55218702861217,WBBL_2023_2023-11-05_PS-W_AS-W
1387198,2023,T20,WBBL,WBBL,male,"North Sydney Oval, Sydney",2023-11-06,2023-11-06T07:11:14.000Z,1,43884081,0.01,0.1,1,1,123,4,24,0,0,Brisbane Heat Women,5635,BH-W,1164537,104071,Charli Knott,0,Knott to Wilson,Sydney Thunder Women,5639,ST-W,1142969,102134,Tahlia Wilson,4,4,4,TRUE,FALSE,OUTSIDE_OFFSTUMP,GOOD_LENGTH,PUSH,2,160,0,8,0,0,0,0,0,0,NA,NA,NA,NA,NA,NA,NA,FALSE,1,1,0,0,powerplay,0.4986,1.0441,230.3069061819341,WBBL_2023_2023-11-06_ST-W_BH-W
1387199,2023,T20,WBBL,WBBL,male,"Jubilee Park, Ringwood, Melbourne",2023-11-08,2023-11-08T04:00:31.000Z,1,44030806,0.01,0.1,1,1,125,4,24,0,0,Melbourne Stars Women,5637,MS-W,418423,60360,Kim Garth,0,Garth to Perry,Sydney Sixers Women,5641,SS-W,275487,50927,Ellyse Perry,4,4,4,TRUE,FALSE,ON_THE_STUMPS,FULL,FLICK,1,288,27,1,0,0,0,0,0,0,NA,NA,NA,NA,NA,NA,NA,FALSE,1,1,0,0,powerplay,0.4986,1.0441,232.98338304127913,WBBL_2023_2023-11-08_SS-W_MS-W
1387200,2023,T20,WBBL,WBBL,male,"Karen Rolton Oval, Adelaide",2023-11-08,2023-11-08T08:10:57.000Z,1,44031252,0.01,0.1,1,1,122,4,24,0,0,Adelaide Strikers Women,5647,AS-W,469879,63077,Georgia Adams,0,Adams to Beaumont,Melbourne Renegades Women,5645,MR-W,297074,52145,Tammy Beaumont,4,4,4,TRUE,FALSE,DOWN_LEG,FULL,SWEEP_SHOT,1,244,6,1,0,0,0,0,0,0,NA,NA,NA,NA,NA,NA,NA,FALSE,1,1,0,0,powerplay,0.4986,1.0441,228.9686677522616,WBBL_2023_2023-11-08_MR-W_AS-W
1387202,2023,T20,WBBL,WBBL,male,"Allan Border Field, Brisbane",2023-11-09,2023-11-09T08:10:47.000Z,1,44033367,0.01,0.1,1,1,124,1,6,0,0,Brisbane Heat Women,5635,BH-W,767597,77297,Nicola Hancock,0,Hancock to Devine,Perth Scorchers Women,5643,PS-W,231740,49081,Sophie Devine,1,1,1,FALSE,FALSE,ON_THE_STUMPS,GOOD_LENGTH,FLICK,1,247,178,3,0,0,0,0,0,0,NA,NA,NA,NA,NA,NA,NA,FALSE,1,0,0,0,powerplay,0.496,1.0441,183.33278406886956,WBBL_2023_2023-11-09_PS-W_BH-W
1387203,2023,T20,WBBL,WBBL,male,"North Sydney Oval, Sydney",2023-11-10,2023-11-10T04:20:48.000Z,1,44034979,0.01,0.1,1,1,126,0,0,0,0,Melbourne Stars Women,5637,MS-W,418423,60360,Kim Garth,0,Garth to Athapaththu,Sydney Thunder Women,5639,ST-W,318853,53652,Chamari Athapaththu,0,0,0,FALSE,FALSE,ON_THE_STUMPS,GOOD_LENGTH,DEFENDED,2,180,185,4,0,0,0,0,0,0,NA,NA,NA,NA,NA,NA,NA,FALSE,1,0,1,0,powerplay,0.4969,1.0441,169.90514074730217,WBBL_2023_2023-11-10_ST-W_MS-W
1387204,2023,T20,WBBL,WBBL,male,"North Sydney Oval, Sydney",2023-11-10,2023-11-10T08:10:55.000Z,1,44036658,0.01,0.1,1,1,128,4,24,0,0,Hobart Hurricanes Women,5649,HH-W,382231,58807,Molly Strano,0,Strano to Perry,Sydney Sixers Women,5641,SS-W,275487,50927,Ellyse Perry,4,4,4,TRUE,FALSE,ON_THE_STUMPS,GOOD_LENGTH,SWEEP_SHOT,1,267,12,1,0,0,0,0,0,0,NA,NA,NA,NA,NA,NA,NA,FALSE,1,1,0,0,powerplay,0.4986,1.0441,236.9980983302966,WBBL_2023_2023-11-10_SS-W_HH-W
1387205,2023,T20,WBBL,WBBL,male,"Junction Oval, Melbourne",2023-11-11,2023-11-11T03:00:40.000Z,1,44041260,0.01,0.1,1,1,127,0,0,0,0,Perth Scorchers Women,5643,PS-W,944393,87731,Alana King,0,King to Beaumont,Melbourne Renegades Women,5645,MR-W,297074,52145,Tammy Beaumont,0,0,0,FALSE,FALSE,ON_THE_STUMPS,GOOD_LENGTH,DEFENDED,1,210,184,3,0,0,0,0,0,0,NA,NA,NA,NA,NA,NA,NA,FALSE,1,0,1,0,powerplay,0.4969,1.0441,171.24337917697466,WBBL_2023_2023-11-11_MR-W_PS-W
1387206,2023,T20,WBBL,WBBL,male,"Great Barrier Reef Arena, Mackay",2023-11-11,2023-11-11T08:11:37.000Z,1,44043832,0.01,0.1,1,1,126,1,6,0,0,Brisbane Heat Women,5635,BH-W,1167399,104117,Courtney Grace Sippel,0,Sippel to Mack,Adelaide Strikers Women,5647,AS-W,678831,72533,Katie Mack,0,1,0,FALSE,FALSE,DOWN_LEG,SHORT_OF_A_GOOD_LENGTH,LEG_GLANCE,NA,0,0,0,0,0,1,0,0,1,NA,NA,NA,NA,NA,NA,NA,FALSE,1,0,0,0,powerplay,0.496,1.0441,186.00926092821453,WBBL_2023_2023-11-11_AS-W_BH-W
1387207,2023,T20,WBBL,WBBL,male,"Junction Oval, Melbourne",2023-11-12,2023-11-11T23:10:58.000Z,1,44053113,0.01,0.1,1,1,122,0,0,0,0,Sydney Thunder Women,5639,ST-W,351836,56998,Marizanne Kapp,0,Kapp to Devine,Perth Scorchers Women,5643,PS-W,231740,49081,Sophie Devine,0,0,0,FALSE,FALSE,ON_THE_STUMPS,GOOD_LENGTH,DEFENDED,1,180,186,4,0,0,0,0,0,0,NA,NA,NA,NA,NA,NA,NA,FALSE,1,0,1,0,powerplay,0.4969,1.0441,164.55218702861217,WBBL_2023_2023-11-12_PS-W_ST-W
1387208,2023,T20,WBBL,WBBL,male,"Junction Oval, Melbourne",2023-11-12,2023-11-12T02:40:46.000Z,1,44053454,0.01,0.1,1,1,122,0,0,0,0,Melbourne Renegades Women,5645,MR-W,474308,63409,Hayley Matthews,0,Matthews to Lanning,Melbourne Stars Women,5637,MS-W,329336,54506,Meg Lanning,0,0,0,FALSE,FALSE,OUTSIDE_OFFSTUMP,FULL,DEFENDED,1,120,183,6,0,0,0,0,0,0,NA,NA,NA,NA,NA,NA,NA,FALSE,1,0,1,0,powerplay,0.4969,1.0441,164.55218702861217,WBBL_2023_2023-11-12_MS-W_MR-W
1387209,2023,T20,WBBL,WBBL,male,"Bellerive Oval, Hobart",2023-11-13,2023-11-13T07:10:39.000Z,1,44140439,0.01,0.1,1,1,123,1,6,0,0,Sydney Sixers Women,5641,SS-W,517577,65422,Linsey Smith,0,Smith to Lee,Hobart Hurricanes Women,5649,HH-W,483484,63771,Lizelle Lee,1,1,1,FALSE,FALSE,OUTSIDE_OFFSTUMP,FULL,COVER_DRIVE,1,109,224,6,0,0,0,0,0,0,NA,NA,NA,NA,NA,NA,NA,FALSE,1,0,0,0,powerplay,0.496,1.0441,181.99454563919704,WBBL_2023_2023-11-13_HH-W_SS-W
1387210,2023,T20,WBBL,WBBL,male,"Allan Border Field, Brisbane",2023-11-15,2023-11-15T01:00:47.000Z,1,44143388,0.01,0.1,1,1,122,0,0,0,0,Hobart Hurricanes Women,5649,HH-W,276997,51038,Shabnim Ismail,0,Ismail to Harris,Brisbane Heat Women,5635,BH-W,381268,58694,Grace Harris,0,0,0,FALSE,FALSE,OUTSIDE_OFFSTUMP,GOOD_LENGTH,CUT_SHOT,1,121,183,6,0,0,0,0,0,0,NA,NA,NA,NA,NA,NA,NA,FALSE,1,0,1,0,powerplay,0.4969,1.0441,164.55218702861217,WBBL_2023_2023-11-15_BH-W_HH-W
1387211,2023,T20,WBBL,WBBL,male,"Karen Rolton Oval, Adelaide",2023-11-15,2023-11-15T04:30:54.000Z,1,44144049,0.01,0.1,1,1,122,1,6,0,0,Adelaide Strikers Women,5647,AS-W,381263,58689,Jemma Barsby,0,Barsby to Wilson,Sydney Thunder Women,5639,ST-W,1142969,102134,Tahlia Wilson,0,1,0,FALSE,FALSE,DOWN_LEG,GOOD_LENGTH,FLICK,NA,0,0,0,0,0,1,0,0,1,NA,NA,NA,NA,NA,NA,NA,FALSE,1,0,0,0,powerplay,0.496,1.0441,180.65630720952453,WBBL_2023_2023-11-15_ST-W_AS-W
1387212,2023,T20,WBBL,WBBL,male,"North Sydney Oval, Sydney",2023-11-16,2023-11-16T04:30:56.000Z,1,44147477,0.01,0.1,1,1,123,0,0,0,0,Sydney Sixers Women,5641,SS-W,858811,81365,Lauren Cheatle,0,Cheatle to Devine,Perth Scorchers Women,5643,PS-W,231740,49081,Sophie Devine,0,0,0,FALSE,FALSE,ON_THE_STUMPS,GOOD_LENGTH,STEERED,1,169,117,8,0,0,0,0,0,0,NA,NA,NA,NA,NA,NA,NA,FALSE,1,0,1,0,powerplay,0.4969,1.0441,165.89042545828465,WBBL_2023_2023-11-16_PS-W_SS-W
1387213,2023,T20,WBBL,WBBL,male,"Allan Border Field, Brisbane",2023-11-17,2023-11-17T05:11:00.000Z,1,44150467,0.01,0.1,1,1,116,0,0,0,0,Hobart Hurricanes Women,5649,HH-W,276997,51038,Shabnim Ismail,0,Ismail to Lanning,Melbourne Stars Women,5637,MS-W,329336,54506,Meg Lanning,0,0,0,FALSE,FALSE,ON_THE_STUMPS,FULL,ON_DRIVE,1,203,221,4,0,0,0,0,0,0,NA,NA,NA,NA,NA,NA,NA,FALSE,1,0,1,0,powerplay,0.5012,1.0441,156.52275645057716,WBBL_2023_2023-11-17_MS-W_HH-W
1387214,2023,T20,WBBL,WBBL,male,"Allan Border Field, Brisbane",2023-11-17,2023-11-17T08:40:45.000Z,1,44163165,0.01,0.1,1,1,128,0,0,0,0,Brisbane Heat Women,5635,BH-W,1343643,113871,Lucy Hamilton,0,Hamilton to de Broughe,Melbourne Renegades Women,5645,MR-W,1201485,106410,Emma de Broughe,0,0,0,FALSE,FALSE,ON_THE_STUMPS,FULL,DEFENDED,1,129,184,6,0,0,0,0,0,0,NA,NA,NA,NA,NA,NA,NA,FALSE,1,0,1,0,powerplay,0.4969,1.0441,172.58161760664717,WBBL_2023_2023-11-17_MR-W_BH-W
1387215,2023,T20,WBBL,WBBL,male,"Cricket Central, Sydney",2023-11-18,2023-11-18T04:00:39.000Z,1,44182156,0.01,0.1,1,1,121,0,0,0,0,Sydney Thunder Women,5639,ST-W,318853,53652,Chamari Athapaththu,0,Athapaththu to Devine,Perth Scorchers Women,5643,PS-W,231740,49081,Sophie Devine,0,0,0,FALSE,FALSE,ON_THE_STUMPS,FULL,STRAIGHT_DRIVE,1,180,194,4,0,0,0,0,0,0,NA,NA,NA,NA,NA,NA,NA,FALSE,1,0,1,0,powerplay,0.4969,1.0441,163.21394859893968,WBBL_2023_2023-11-18_PS-W_ST-W
1387216,2023,T20,WBBL,WBBL,male,"North Sydney Oval, Sydney",2023-11-18,2023-11-18T08:15:33.000Z,1,44215191,0.01,0.1,1,1,125,1,6,0,0,Adelaide Strikers Women,5647,AS-W,886203,83261,Danielle Gibson,0,Gibson to Perry,Sydney Sixers Women,5641,SS-W,275487,50927,Ellyse Perry,0,1,0,FALSE,FALSE,DOWN_LEG,GOOD_LENGTH,FLICK,NA,0,0,0,0,0,1,0,0,1,NA,NA,NA,NA,NA,NA,NA,FALSE,1,0,0,0,powerplay,0.496,1.0441,184.67102249854207,WBBL_2023_2023-11-18_SS-W_AS-W
1387217,2023,T20,WBBL,WBBL,male,"Junction Oval, Melbourne",2023-11-19,2023-11-18T23:10:49.000Z,1,44244557,0.01,0.1,1,1,121,0,0,0,0,Hobart Hurricanes Women,5649,HH-W,276997,51038,Shabnim Ismail,0,Ismail to Beaumont,Melbourne Renegades Women,5645,MR-W,297074,52145,Tammy Beaumont,0,0,0,FALSE,FALSE,OUTSIDE_OFFSTUMP,FULL,STEERED,1,119,147,7,0,0,0,0,0,0,NA,NA,NA,NA,NA,NA,NA,FALSE,1,0,1,0,powerplay,0.4969,1.0441,163.21394859893968,WBBL_2023_2023-11-19_MR-W_HH-W
1387218,2023,T20,WBBL,WBBL,male,"Junction Oval, Melbourne",2023-11-19,2023-11-19T02:40:45.000Z,1,44245394,0.01,0.1,1,1,120,0,0,0,0,Brisbane Heat Women,5635,BH-W,767597,77297,Nicola Hancock,0,Hancock to Dunkley,Melbourne Stars Women,5637,MS-W,885815,83055,Sophia Dunkley,0,0,0,FALSE,FALSE,OUTSIDE_OFFSTUMP,SHORT_OF_A_GOOD_LENGTH,CUT_SHOT,1,125,136,7,0,0,0,0,0,0,NA,NA,NA,NA,NA,NA,NA,FALSE,1,0,1,0,powerplay,0.4969,1.0441,161.87571016926717,WBBL_2023_2023-11-19_MS-W_BH-W
1387219,2023,T20,WBBL,WBBL,male,"Cricket Central, Sydney",2023-11-21,2023-11-21T04:01:10.000Z,1,44336846,0.01,0.1,1,1,121,0,0,0,1,Sydney Thunder Women,5639,ST-W,351836,56998,Marizanne Kapp,1,Kapp to Mack,Adelaide Strikers Women,5647,AS-W,678831,72533,Katie Mack,0,0,0,FALSE,FALSE,ON_THE_STUMPS,FULL,ON_DRIVE,2,0,0,0,0,0,0,0,0,0,678831,72533,Katie Mack,3,lbw,lbw b Kapp,Katie Mack lbw b Kapp 0 (1b 0x4 0x6 1m) SR: 0,TRUE,1,0,1,0,powerplay,0.4616,1.0441,160.6710775111578,WBBL_2023_2023-11-21_AS-W_ST-W
1387220,2023,T20,WBBL,WBBL,male,"Allan Border Field, Brisbane",2023-11-21,2023-11-21T08:11:27.000Z,1,44337335,0.01,0.1,1,1,121,2,12,0,0,Sydney Sixers Women,5641,SS-W,858811,81365,Lauren Cheatle,0,Cheatle to Harris,Brisbane Heat Women,5635,BH-W,381268,58694,Grace Harris,2,2,2,FALSE,FALSE,OUTSIDE_OFFSTUMP,SHORT_OF_A_GOOD_LENGTH,CUT_SHOT,1,118,138,7,0,0,0,0,0,0,NA,NA,NA,NA,NA,NA,NA,FALSE,1,0,0,0,powerplay,0.4977,1.0441,195.4221889607644,WBBL_2023_2023-11-21_BH-W_SS-W
1387221,2023,T20,WBBL,WBBL,male,"Western Australia Cricket Association Ground, Perth",2023-11-22,2023-11-22T09:10:44.000Z,1,44338316,0.01,0.1,1,1,122,4,24,0,0,Perth Scorchers Women,5643,PS-W,944393,87731,Alana King,0,King to Dunkley,Melbourne Stars Women,5637,MS-W,885815,83055,Sophia Dunkley,4,4,4,TRUE,FALSE,ON_THE_STUMPS,FULL,PADDLE_SWEEP,1,220,5,1,0,0,0,0,0,0,NA,NA,NA,NA,NA,NA,NA,FALSE,1,1,0,0,powerplay,0.4986,1.0441,228.9686677522616,WBBL_2023_2023-11-22_MS-W_PS-W
1387222,2023,T20,WBBL,WBBL,male,"Bellerive Oval, Hobart",2023-11-23,2023-11-23T08:10:44.000Z,1,44340032,0.01,0.1,1,1,125,4,24,0,0,Melbourne Renegades Women,5645,MR-W,1351915,114335,Sara Kennedy,0,Kennedy to Lee,Hobart Hurricanes Women,5649,HH-W,483484,63771,Lizelle Lee,4,4,4,TRUE,FALSE,ON_THE_STUMPS,FULL,FLICK,1,327,60,2,0,0,0,0,0,0,NA,NA,NA,NA,NA,NA,NA,FALSE,1,1,0,0,powerplay,0.4986,1.0441,232.98338304127913,WBBL_2023_2023-11-23_HH-W_MR-W
1387223,2023,T20,WBBL,WBBL,male,Adelaide Oval,2023-11-24,2023-11-24T04:40:51.000Z,1,44341994,0.01,0.1,1,1,121,0,0,0,0,Sydney Thunder Women,5639,ST-W,351836,56998,Marizanne Kapp,0,Kapp to Redmayne,Brisbane Heat Women,5635,BH-W,381197,58674,Georgia Redmayne,0,0,0,FALSE,FALSE,OUTSIDE_OFFSTUMP,GOOD_LENGTH,PUSH,1,222,189,3,0,0,0,0,0,0,NA,NA,NA,NA,NA,NA,NA,FALSE,1,0,1,0,powerplay,0.4969,1.0441,163.21394859893968,WBBL_2023_2023-11-24_BH-W_ST-W
1387224,2023,T20,WBBL,WBBL,male,Adelaide Oval,2023-11-24,2023-11-24T08:14:45.000Z,1,44345671,0.01,0.1,1,1,119,1,6,0,0,Adelaide Strikers Women,5647,AS-W,420314,60446,Megan Schutt,0,Schutt to Winfield-Hill,Perth Scorchers Women,5643,PS-W,517572,65418,Lauren Winfield-Hill,1,1,1,FALSE,FALSE,ON_THE_STUMPS,FULL,FLICK,1,228,43,1,0,0,0,0,0,0,NA,NA,NA,NA,NA,NA,NA,FALSE,1,0,0,0,powerplay,0.4995,1.0441,176.64159192050704,WBBL_2023_2023-11-24_PS-W_AS-W
1387225,2023,T20,WBBL,WBBL,male,Melbourne Cricket Ground,2023-11-25,2023-11-25T07:11:13.000Z,1,44375558,0.01,0.1,1,1,121,0,0,0,0,Melbourne Renegades Women,5645,MR-W,474308,63409,Hayley Matthews,0,Matthews to Dunkley,Melbourne Stars Women,5637,MS-W,885815,83055,Sophia Dunkley,0,0,0,FALSE,FALSE,OUTSIDE_OFFSTUMP,GOOD_LENGTH,ON_DRIVE,1,135,217,5,0,0,0,0,0,0,NA,NA,NA,NA,NA,NA,NA,FALSE,1,0,1,0,powerplay,0.4969,1.0441,163.21394859893968,WBBL_2023_2023-11-25_MS-W_MR-W
1387226,2023,T20,WBBL,WBBL,male,Sydney Cricket Ground,2023-11-26,2023-11-25T23:12:07.000Z,1,44415670,0.01,0.1,1,1,123,1,6,0,0,Hobart Hurricanes Women,5649,HH-W,276997,51038,Shabnim Ismail,0,Ismail to Mack,Adelaide Strikers Women,5647,AS-W,678831,72533,Katie Mack,0,1,0,FALSE,FALSE,DOWN_LEG,GOOD_LENGTH,FLICK,NA,0,0,0,0,0,1,0,0,1,NA,NA,NA,NA,NA,NA,NA,FALSE,1,0,0,0,powerplay,0.496,1.0441,181.99454563919704,WBBL_2023_2023-11-26_AS-W_HH-W
1387227,2023,T20,WBBL,WBBL,male,Sydney Cricket Ground,2023-11-26,2023-11-26T02:40:55.000Z,1,44416137,0.01,0.1,1,1,122,1,6,0,0,Sydney Sixers Women,5641,SS-W,858811,81365,Lauren Cheatle,0,Cheatle to Wilson,Sydney Thunder Women,5639,ST-W,1142969,102134,Tahlia Wilson,1,1,1,FALSE,FALSE,DOWN_LEG,GOOD_LENGTH,LEG_GLANCE,1,209,41,1,0,0,0,0,0,0,NA,NA,NA,NA,NA,NA,NA,FALSE,1,0,0,0,powerplay,0.496,1.0441,180.65630720952453,WBBL_2023_2023-11-26_ST-W_SS-W
1387228,2023,T20,WBBL,WBBL,male,Adelaide Oval,2023-12-02,2023-12-02T08:10:46.000Z,1,44576106,0.01,0.1,1,1,128,0,0,0,0,Brisbane Heat Women,5635,BH-W,1215360,107454,Georgia Voll,0,Voll to Mack,Adelaide Strikers Women,5647,AS-W,678831,72533,Katie Mack,0,0,0,FALSE,FALSE,OUTSIDE_OFFSTUMP,GOOD_LENGTH,SQUARE_DRIVE,1,142,145,7,0,0,0,0,0,0,NA,NA,NA,NA,NA,NA,NA,FALSE,1,0,1,0,powerplay,0.4969,1.0441,172.58161760664717,WBBL_2023_2023-12-02_AS-W_BH-W
1409205,2023,T20,WBBL,WBBL,male,"Western Australia Cricket Association Ground, Perth",2023-11-28,2023-11-28T08:40:53.000Z,1,44509341,0.01,0.1,1,1,123,0,0,0,0,Sydney Thunder Women,5639,ST-W,351836,56998,Marizanne Kapp,0,Kapp to Redmayne,Brisbane Heat Women,5635,BH-W,381197,58674,Georgia Redmayne,0,0,0,FALSE,FALSE,OUTSIDE_OFFSTUMP,FULL,DEFENDED,2,189,171,3,0,0,0,0,0,0,NA,NA,NA,NA,NA,NA,NA,FALSE,1,0,1,0,powerplay,0.4969,1.0441,165.89042545828465,WBBL_2023_2023-11-28_BH-W_ST-W
1409206,2023,T20,WBBL,WBBL,male,"Western Australia Cricket Association Ground, Perth",2023-11-29,2023-11-29T08:40:49.000Z,1,44513133,0.01,0.1,1,1,128,0,0,0,0,Perth Scorchers Women,5643,PS-W,1160200,103734,Amy Edgar,0,Edgar to Harris,Brisbane Heat Women,5635,BH-W,381268,58694,Grace Harris,0,0,0,FALSE,FALSE,ON_THE_STUMPS,FULL,STRAIGHT_DRIVE,1,184,202,4,0,0,0,0,0,0,NA,NA,NA,NA,NA,NA,NA,FALSE,1,0,1,0,powerplay,0.4969,1.0441,172.58161760664717,WBBL_2023_2023-11-29_BH-W_PS-W
1323554,2022,T20,WBBL,WBBL,male,"Great Barrier Reef Arena, Mackay",2022-10-13,2022-10-13T08:40:44.000Z,1,41883144,0.01,0.1,1,1,123,0,0,0,0,Sydney Sixers Women,5641,SS-W,858811,81365,Lauren Cheatle,0,Cheatle to Harris,Brisbane Heat Women,5635,BH-W,381268,58694,Grace Harris,0,0,0,FALSE,FALSE,ON_THE_STUMPS,FULL,ON_DRIVE,1,194,191,4,0,0,0,0,0,0,NA,NA,NA,NA,NA,NA,NA,FALSE,1,0,1,0,powerplay,0.4969,1.0441,165.89042545828465,WBBL_2022_2022-10-13_BH-W_SS-W
1323555,2022,T20,WBBL,WBBL,male,"Blacktown International Sportspark, Sydney",2022-10-14,2022-10-14T04:02:01.000Z,1,41884913,0.01,0.1,1,1,122,1,6,0,0,Sydney Thunder Women,5639,ST-W,537440,66749,Samantha Bates,0,Bates to Villani,Hobart Hurricanes Women,5649,HH-W,275442,50914,Elyse Villani,0,1,0,FALSE,FALSE,OUTSIDE_OFFSTUMP,GOOD_LENGTH,SWEEP_SHOT,2,0,0,0,0,1,0,0,0,1,NA,NA,NA,NA,NA,NA,NA,FALSE,1,0,0,0,powerplay,0.496,1.0441,180.65630720952453,WBBL_2022_2022-10-14_HH-W_ST-W
1323556,2022,T20,WBBL,WBBL,male,"Great Barrier Reef Arena, Mackay",2022-10-15,2022-10-15T04:40:41.000Z,1,41888527,0.01,0.1,1,1,121,1,6,0,0,Adelaide Strikers Women,5647,AS-W,420314,60446,Megan Schutt,0,Schutt to Healy,Sydney Sixers Women,5641,SS-W,275486,50926,Alyssa Healy,1,1,1,FALSE,FALSE,ON_THE_STUMPS,GOOD_LENGTH,FLICK,1,288,78,2,0,0,0,0,0,0,NA,NA,NA,NA,NA,NA,NA,FALSE,1,0,0,0,powerplay,0.496,1.0441,179.31806877985207,WBBL_2022_2022-10-15_SS-W_AS-W
1323557,2022,T20,WBBL,WBBL,male,"Great Barrier Reef Arena, Mackay",2022-10-15,2022-10-15T08:07:42.000Z,1,41889666,0.01,0.1,1,1,128,0,0,0,0,Melbourne Stars Women,5637,MS-W,418423,60360,Kim Garth,0,Garth to Redmayne,Brisbane Heat Women,5635,BH-W,381197,58674,Georgia Redmayne,0,0,0,FALSE,FALSE,DOWN_LEG,FULL_TOSS,FLICK,2,0,0,0,0,0,0,0,0,0,NA,NA,NA,NA,NA,NA,NA,FALSE,1,0,1,0,powerplay,0.4969,1.0441,172.58161760664717,WBBL_2022_2022-10-15_BH-W_MS-W
1323558,2022,T20,WBBL,WBBL,male,"Great Barrier Reef Arena, Mackay",2022-10-16,2022-10-15T23:15:47.000Z,1,41892108,0.01,0.1,1,1,124,2,12,0,0,Melbourne Renegades Women,5645,MR-W,944373,87729,Sophie Molineux,0,Molineux to Dottin,Adelaide Strikers Women,5647,AS-W,355349,57201,Deandra Dottin,0,2,0,FALSE,FALSE,DOWN_LEG,GOOD_LENGTH,LEG_GLANCE,NA,0,0,0,0,0,2,0,0,2,NA,NA,NA,NA,NA,NA,NA,FALSE,1,0,0,0,powerplay,0.4977,1.0441,199.4369042497819,WBBL_2022_2022-10-16_AS-W_MR-W
1323559,2022,T20,WBBL,WBBL,male,"Great Barrier Reef Arena, Mackay",2022-10-16,2022-10-16T02:40:35.000Z,1,41892690,0.01,0.1,1,1,124,0,0,0,0,Melbourne Stars Women,5637,MS-W,418423,60360,Kim Garth,0,Garth to Healy,Sydney Sixers Women,5641,SS-W,275486,50926,Alyssa Healy,0,0,0,FALSE,FALSE,OUTSIDE_OFFSTUMP,FULL,DEFENDED,1,0,0,0,0,0,0,0,0,0,NA,NA,NA,NA,NA,NA,NA,FALSE,1,0,1,0,powerplay,0.4969,1.0441,167.22866388795717,WBBL_2022_2022-10-16_SS-W_MS-W
1323560,2022,T20,WBBL,WBBL,male,"Blacktown International Sportspark, Sydney",2022-10-16,2022-10-16T06:01:02.000Z,1,41895635,0.01,0.1,1,1,124,0,0,0,0,Perth Scorchers Women,5643,PS-W,1203888,106664,Lilly Mills,0,Mills to Beaumont,Sydney Thunder Women,5639,ST-W,297074,52145,Tammy Beaumont,0,0,0,FALSE,FALSE,OUTSIDE_OFFSTUMP,SHORT_OF_A_GOOD_LENGTH,PUSH,1,159,215,5,0,0,0,0,0,0,NA,NA,NA,NA,NA,NA,NA,FALSE,1,0,1,0,powerplay,0.4969,1.0441,167.22866388795717,WBBL_2022_2022-10-16_ST-W_PS-W
1323561,2022,T20,WBBL,WBBL,male,"Blacktown International Sportspark, Sydney",2022-10-17,2022-10-17T08:07:24.000Z,1,41921757,0.01,0.1,1,1,125,2,12,0,0,Perth Scorchers Women,5643,PS-W,944393,87731,Alana King,0,King to Lee,Hobart Hurricanes Women,5649,HH-W,483484,63771,Lizelle Lee,2,2,2,FALSE,FALSE,DOWN_LEG,GOOD_LENGTH,PADDLE_SWEEP,1,200,37,1,0,0,0,0,0,0,NA,NA,NA,NA,NA,NA,NA,FALSE,1,0,0,0,powerplay,0.4977,1.0441,200.7751426794544,WBBL_2022_2022-10-17_HH-W_PS-W
1323562,2022,T20,WBBL,WBBL,male,"Great Barrier Reef Arena, Mackay",2022-10-18,2022-10-18T04:31:37.000Z,1,41924506,0.01,0.1,1,1,126,4,24,0,0,Melbourne Renegades Women,5645,MR-W,276997,51038,Shabnim Ismail,0,Ismail to Harris,Brisbane Heat Women,5635,BH-W,381268,58694,Grace Harris,4,4,4,TRUE,FALSE,WIDE_OUTSIDE_OFFSTUMP,SHORT,CUT_SHOT,1,5,169,6,0,0,0,0,0,0,NA,NA,NA,NA,NA,NA,NA,FALSE,1,1,0,0,powerplay,0.4986,1.0441,234.3216214709516,WBBL_2022_2022-10-18_BH-W_MR-W
1323563,2022,T20,WBBL,WBBL,male,"Blacktown International Sportspark, Sydney",2022-10-18,2022-10-18T08:08:21.000Z,1,41927920,0.01,0.1,1,1,122,2,12,0,0,Sydney Thunder Women,5639,ST-W,380929,58588,Lea Tahuhu,0,Tahuhu to Villani,Hobart Hurricanes Women,5649,HH-W,275442,50914,Elyse Villani,2,2,2,FALSE,FALSE,OUTSIDE_OFFSTUMP,SHORT_OF_A_GOOD_LENGTH,STEERED,1,61,92,7,0,0,0,0,0,0,NA,NA,NA,NA,NA,NA,NA,FALSE,1,0,0,0,powerplay,0.4977,1.0441,196.7604273904369,WBBL_2022_2022-10-18_HH-W_ST-W
1323564,2022,T20,WBBL,WBBL,male,"Western Australia Cricket Association Ground, Perth",2022-10-20,2022-10-20T09:11:11.000Z,1,41937550,0.01,0.1,1,1,122,0,0,0,1,Perth Scorchers Women,5643,PS-W,679171,72547,Taneale Peschel,1,Peschel to Winfield-Hill,Melbourne Stars Women,5637,MS-W,517572,65418,Lauren Winfield-Hill,0,0,0,FALSE,FALSE,OUTSIDE_OFFSTUMP,GOOD_LENGTH,STEERED,2,175,132,8,0,0,0,0,0,0,517572,65418,Lauren Winfield-Hill,1,caught,c †Mooney b Peschel,Lauren Winfield-Hill c †Mooney b Peschel 0 (1b 0x4 0x6 1m) SR: 0,TRUE,1,0,1,0,powerplay,0.4616,1.0441,162.00931594083028,WBBL_2022_2022-10-20_MS-W_PS-W
1323565,2022,T20,WBBL,WBBL,male,"Karen Rolton Oval, Adelaide",2022-10-21,2022-10-21T01:00:37.000Z,1,41939884,0.01,0.1,1,1,121,0,0,0,0,Melbourne Renegades Women,5645,MR-W,276997,51038,Shabnim Ismail,0,Ismail to Harris,Brisbane Heat Women,5635,BH-W,381268,58694,Grace Harris,0,0,0,FALSE,FALSE,OUTSIDE_OFFSTUMP,GOOD_LENGTH,PUSH,2,0,0,0,0,0,0,0,0,0,NA,NA,NA,NA,NA,NA,NA,FALSE,1,0,1,0,powerplay,0.4969,1.0441,163.21394859893968,WBBL_2022_2022-10-21_BH-W_MR-W
1323566,2022,T20,WBBL,WBBL,male,"Karen Rolton Oval, Adelaide",2022-10-21,2022-10-21T04:26:08.000Z,1,41940748,0.01,0.1,1,1,123,0,0,0,0,Sydney Sixers Women,5641,SS-W,878039,82431,Sophie Ecclestone,0,Ecclestone to Dottin,Adelaide Strikers Women,5647,AS-W,355349,57201,Deandra Dottin,0,0,0,FALSE,FALSE,OUTSIDE_OFFSTUMP,GOOD_LENGTH,PUSH,1,123,192,6,0,0,0,0,0,0,NA,NA,NA,NA,NA,NA,NA,FALSE,1,0,1,0,powerplay,0.4969,1.0441,165.89042545828465,WBBL_2022_2022-10-21_AS-W_SS-W
1323567,2022,T20,WBBL,WBBL,male,"Western Australia Cricket Association Ground, Perth",2022-10-22,2022-10-22T03:47:48.000Z,1,41945038,0.01,0.1,1,1,127,2,12,0,0,Perth Scorchers Women,5643,PS-W,351836,56998,Marizanne Kapp,0,Kapp to Beaumont,Sydney Thunder Women,5639,ST-W,297074,52145,Tammy Beaumont,0,2,0,FALSE,FALSE,DOWN_LEG,SHORT_OF_A_GOOD_LENGTH,LEFT_ALONE,1,0,0,0,0,0,2,0,0,2,NA,NA,NA,NA,NA,NA,NA,FALSE,1,0,0,0,powerplay,0.4977,1.0441,203.45161953879938,WBBL_2022_2022-10-22_ST-W_PS-W
1323570,2022,T20,WBBL,WBBL,male,"Karen Rolton Oval, Adelaide",2022-10-24,2022-10-24T04:31:21.000Z,1,41951544,0.01,0.1,1,1,119,0,0,0,0,Adelaide Strikers Women,5647,AS-W,420314,60446,Megan Schutt,0,Schutt to Matthews,Melbourne Renegades Women,5645,MR-W,474308,63409,Hayley Matthews,0,0,0,FALSE,FALSE,OUTSIDE_OFFSTUMP,GOOD_LENGTH,STRAIGHT_DRIVE,1,172,193,5,0,0,0,0,0,0,NA,NA,NA,NA,NA,NA,NA,FALSE,1,0,1,0,powerplay,0.5004,1.0441,160.53747173959465,WBBL_2022_2022-10-24_MR-W_AS-W
1323571,2022,T20,WBBL,WBBL,male,"Allan Border Field, Brisbane",2022-10-25,2022-10-25T07:16:43.000Z,1,41953667,0.01,0.1,1,1,123,4,24,0,0,Brisbane Heat Women,5635,BH-W,1167399,104117,Courtney Grace Sippel,0,Sippel to Beaumont,Sydney Thunder Women,5639,ST-W,297074,52145,Tammy Beaumont,4,4,4,TRUE,FALSE,WIDE_OUTSIDE_OFFSTUMP,FULL,SQUARE_DRIVE,1,7,193,6,0,0,0,0,0,0,NA,NA,NA,NA,NA,NA,NA,FALSE,1,1,0,0,powerplay,0.4986,1.0441,230.3069061819341,WBBL_2022_2022-10-25_ST-W_BH-W
1323572,2022,T20,WBBL,WBBL,male,"Allan Border Field, Brisbane",2022-10-27,2022-10-27T08:15:19.000Z,1,41959092,1.01,1.1,2,1,97,7,6,0,0,Brisbane Heat Women,5635,BH-W,767597,77297,Nicola Hancock,0,Hancock to Mack,Adelaide Strikers Women,5647,AS-W,678831,72533,Katie Mack,1,1,1,FALSE,FALSE,OUTSIDE_OFFSTUMP,YORKER,SQUARE_DRIVE,2,213,152,2,0,0,0,0,0,0,NA,NA,NA,NA,NA,NA,NA,FALSE,1,0,0,0,powerplay,0.5094,1.0441,153.77088693757872,WBBL_2022_2022-10-27_AS-W_BH-W
1323573,2022,T20,WBBL,WBBL,male,"Allan Border Field, Brisbane",2022-10-28,2022-10-28T04:16:05.000Z,1,41960723,0.01,0.1,1,1,121,0,0,0,0,Adelaide Strikers Women,5647,AS-W,420314,60446,Megan Schutt,0,Schutt to Devine,Perth Scorchers Women,5643,PS-W,231740,49081,Sophie Devine,0,0,0,FALSE,FALSE,OUTSIDE_OFFSTUMP,GOOD_LENGTH,DEFENDED,1,178,184,5,0,0,0,0,0,0,NA,NA,NA,NA,NA,NA,NA,FALSE,1,0,1,0,powerplay,0.4969,1.0441,163.21394859893968,WBBL_2022_2022-10-28_PS-W_AS-W
1323574,2022,T20,WBBL,WBBL,male,"Eastern Oval, Ballarat",2022-10-29,2022-10-29T00:22:04.000Z,1,41969216,0.01,0.1,1,1,73,0,0,0,0,Sydney Sixers Women,5641,SS-W,878039,82431,Sophie Ecclestone,0,Ecclestone to Lee,Hobart Hurricanes Women,5649,HH-W,483484,63771,Lizelle Lee,0,0,0,FALSE,FALSE,ON_THE_STUMPS,FULL,DEFENDED,1,188,193,4,0,0,0,0,0,0,NA,NA,NA,NA,NA,NA,NA,FALSE,1,0,1,0,powerplay,0.4896,1.0441,98.97850397465963,WBBL_2022_2022-10-29_HH-W_SS-W
1323575,2022,T20,WBBL,WBBL,male,"Eastern Oval, Ballarat",2022-10-29,2022-10-29T03:02:16.000Z,1,41969536,0.01,0.1,1,1,117,1,6,0,0,Melbourne Stars Women,5637,MS-W,418423,60360,Kim Garth,0,Garth to Matthews,Melbourne Renegades Women,5645,MR-W,474308,63409,Hayley Matthews,1,1,1,FALSE,FALSE,OUTSIDE_OFFSTUMP,FULL,COVER_DRIVE,1,78,222,6,0,0,0,0,0,0,NA,NA,NA,NA,NA,NA,NA,FALSE,1,0,0,0,powerplay,0.5015,1.0441,173.96511506116207,WBBL_2022_2022-10-29_MR-W_MS-W
1323576,2022,T20,WBBL,WBBL,male,"Allan Border Field, Brisbane",2022-10-29,2022-10-29T08:15:44.000Z,1,41973445,0.01,0.1,1,1,121,1,6,0,0,Brisbane Heat Women,5635,BH-W,1167399,104117,Courtney Grace Sippel,0,Sippel to Devine,Perth Scorchers Women,5643,PS-W,231740,49081,Sophie Devine,1,1,1,FALSE,FALSE,ON_THE_STUMPS,GOOD_LENGTH,LEG_GLANCE,1,206,31,1,0,0,0,0,0,0,NA,NA,NA,NA,NA,NA,NA,FALSE,1,0,0,0,powerplay,0.496,1.0441,179.31806877985207,WBBL_2022_2022-10-29_PS-W_BH-W
1323577,2022,T20,WBBL,WBBL,male,"Eastern Oval, Ballarat",2022-10-30,2022-10-30T04:01:09.000Z,1,41978325,0.01,0.1,1,1,120,0,0,0,0,Melbourne Renegades Women,5645,MR-W,276997,51038,Shabnim Ismail,0,Ismail to Bates,Sydney Sixers Women,5641,SS-W,54565,46564,Suzie Bates,0,0,0,FALSE,FALSE,OUTSIDE_OFFSTUMP,SHORT_OF_A_GOOD_LENGTH,CUT_SHOT,1,133,135,7,0,0,0,0,0,0,NA,NA,NA,NA,NA,NA,NA,FALSE,1,0,1,0,powerplay,0.4969,1.0441,161.87571016926717,WBBL_2022_2022-10-30_SS-W_MR-W
1323579,2022,T20,WBBL,WBBL,male,"North Sydney Oval, Sydney",2022-11-02,2022-11-02T04:31:33.000Z,1,41999392,0.01,0.1,1,1,126,0,0,0,0,Adelaide Strikers Women,5647,AS-W,420314,60446,Megan Schutt,0,Schutt to Winfield-Hill,Melbourne Stars Women,5637,MS-W,517572,65418,Lauren Winfield-Hill,0,0,0,FALSE,FALSE,OUTSIDE_OFFSTUMP,GOOD_LENGTH,STEERED,1,141,114,8,0,0,0,0,0,0,NA,NA,NA,NA,NA,NA,NA,FALSE,1,0,1,0,powerplay,0.4969,1.0441,169.90514074730217,WBBL_2022_2022-11-02_MS-W_AS-W
1323580,2022,T20,WBBL,WBBL,male,"North Sydney Oval, Sydney",2022-11-02,2022-11-02T08:06:24.000Z,1,42001475,0.01,0.1,1,1,124,0,0,0,0,Sydney Thunder Women,5639,ST-W,542229,66949,Sammy-Jo Johnson,0,Johnson to Bates,Sydney Sixers Women,5641,SS-W,54565,46564,Suzie Bates,0,0,0,FALSE,FALSE,OUTSIDE_OFFSTUMP,FULL,ON_DRIVE,1,171,197,5,0,0,0,0,0,0,NA,NA,NA,NA,NA,NA,NA,FALSE,1,0,1,0,powerplay,0.4969,1.0441,167.22866388795717,WBBL_2022_2022-11-02_SS-W_ST-W
1323581,2022,T20,WBBL,WBBL,male,"Bellerive Oval, Hobart",2022-11-03,2022-11-03T08:11:25.000Z,1,42005267,0.01,0.1,1,1,122,0,0,0,0,Hobart Hurricanes Women,5649,HH-W,382231,58807,Molly Strano,0,Strano to Matthews,Melbourne Renegades Women,5645,MR-W,474308,63409,Hayley Matthews,0,0,0,FALSE,FALSE,OUTSIDE_OFFSTUMP,FULL,ON_DRIVE,1,143,219,5,0,0,0,0,0,0,NA,NA,NA,NA,NA,NA,NA,FALSE,1,0,1,0,powerplay,0.4969,1.0441,164.55218702861217,WBBL_2022_2022-11-03_MR-W_HH-W
1323582,2022,T20,WBBL,WBBL,male,"Bellerive Oval, Hobart",2022-11-04,2022-11-04T04:31:02.000Z,1,42007000,0.01,0.1,1,1,122,0,0,0,0,Sydney Thunder Women,5639,ST-W,380929,58588,Lea Tahuhu,0,Tahuhu to Redmayne,Brisbane Heat Women,5635,BH-W,381197,58674,Georgia Redmayne,0,0,0,FALSE,FALSE,ON_THE_STUMPS,FULL,DEFENDED,1,181,187,4,0,0,0,0,0,0,NA,NA,NA,NA,NA,NA,NA,FALSE,1,0,1,0,powerplay,0.4969,1.0441,164.55218702861217,WBBL_2022_2022-11-04_BH-W_ST-W
1323583,2022,T20,WBBL,WBBL,male,"Lilac Hill Park, Perth",2022-11-05,2022-11-05T02:04:03.000Z,1,42014187,0.01,0.1,1,1,126,0,0,0,0,Adelaide Strikers Women,5647,AS-W,420314,60446,Megan Schutt,0,Schutt to Winfield-Hill,Melbourne Stars Women,5637,MS-W,517572,65418,Lauren Winfield-Hill,0,0,0,FALSE,FALSE,OUTSIDE_OFFSTUMP,FULL,COVER_DRIVE,1,116,204,6,0,0,0,0,0,0,NA,NA,NA,NA,NA,NA,NA,FALSE,1,0,1,0,powerplay,0.4969,1.0441,169.90514074730217,WBBL_2022_2022-11-05_MS-W_AS-W
1323584,2022,T20,WBBL,WBBL,male,"Lilac Hill Park, Perth",2022-11-05,2022-11-05T05:31:23.000Z,1,42016286,0.01,0.1,1,1,125,4,24,0,0,Perth Scorchers Women,5643,PS-W,679171,72547,Taneale Peschel,0,Peschel to Healy,Sydney Sixers Women,5641,SS-W,275486,50926,Alyssa Healy,4,4,4,TRUE,FALSE,ON_THE_STUMPS,FULL,FLICK,1,351,248,3,0,0,0,0,0,0,NA,NA,NA,NA,NA,NA,NA,FALSE,1,1,0,0,powerplay,0.4986,1.0441,232.98338304127913,WBBL_2022_2022-11-05_SS-W_PS-W
1323585,2022,T20,WBBL,WBBL,male,"Bellerive Oval, Hobart",2022-11-06,2022-11-05T23:16:05.000Z,1,42024474,0.01,0.1,1,1,130,0,0,0,0,Brisbane Heat Women,5635,BH-W,1167399,104117,Courtney Grace Sippel,0,Sippel to Lee,Hobart Hurricanes Women,5649,HH-W,483484,63771,Lizelle Lee,0,0,0,FALSE,FALSE,OUTSIDE_OFFSTUMP,GOOD_LENGTH,LEFT_ALONE,1,0,0,0,0,0,0,0,0,0,NA,NA,NA,NA,NA,NA,NA,FALSE,1,0,1,0,powerplay,0.4969,1.0441,175.25809446599217,WBBL_2022_2022-11-06_HH-W_BH-W
1323586,2022,T20,WBBL,WBBL,male,"Bellerive Oval, Hobart",2022-11-06,2022-11-06T02:50:58.000Z,1,42024940,0.01,0.1,1,1,122,2,12,0,0,Melbourne Renegades Women,5645,MR-W,1236786,108221,Ella Hayward,0,Hayward to Amy Jones,Sydney Thunder Women,5639,ST-W,515874,65324,Amy Jones,2,2,2,FALSE,FALSE,OUTSIDE_OFFSTUMP,FULL,SQUARE_DRIVE,1,38,156,7,0,0,0,0,0,0,NA,NA,NA,NA,NA,NA,NA,FALSE,1,0,0,0,powerplay,0.4977,1.0441,196.7604273904369,WBBL_2022_2022-11-06_ST-W_MR-W
1323587,2022,T20,WBBL,WBBL,male,"Lilac Hill Park, Perth",2022-11-06,2022-11-06T05:52:12.000Z,1,42027082,0.01,0.1,1,1,123,1,6,0,0,Adelaide Strikers Women,5647,AS-W,381263,58689,Jemma Barsby,0,Barsby to Devine,Perth Scorchers Women,5643,PS-W,231740,49081,Sophie Devine,1,1,1,FALSE,FALSE,ON_THE_STUMPS,FULL_TOSS,FLICK,1,243,192,3,0,0,0,0,0,0,NA,NA,NA,NA,NA,NA,NA,FALSE,1,0,0,0,powerplay,0.496,1.0441,181.99454563919704,WBBL_2022_2022-11-06_PS-W_AS-W
1323588,2022,T20,WBBL,WBBL,male,"Bellerive Oval, Hobart",2022-11-07,2022-11-07T08:42:35.000Z,1,42048126,0.01,0.1,1,1,104,4,24,0,0,Hobart Hurricanes Women,5649,HH-W,1282061,110379,Ruth Johnston,0,Johnston to Matthews,Melbourne Renegades Women,5645,MR-W,474308,63409,Hayley Matthews,4,4,4,TRUE,FALSE,WIDE_OUTSIDE_OFFSTUMP,FULL,SQUARE_DRIVE,1,8,164,7,0,0,0,0,0,0,NA,NA,NA,NA,NA,NA,NA,FALSE,1,1,0,0,powerplay,0.5114,1.0441,204.8803760181566,WBBL_2022_2022-11-07_MR-W_HH-W
1323589,2022,T20,WBBL,WBBL,male,"Lilac Hill Park, Perth",2022-11-09,2022-11-09T04:01:07.000Z,1,42050649,0.01,0.1,1,1,124,2,12,0,0,Perth Scorchers Women,5643,PS-W,1203888,106664,Lilly Mills,0,Mills to Wyatt,Brisbane Heat Women,5635,BH-W,254168,49764,Danni Wyatt,2,2,2,FALSE,FALSE,OUTSIDE_OFFSTUMP,GOOD_LENGTH,DAB,1,150,45,8,0,0,0,0,0,0,NA,NA,NA,NA,NA,NA,NA,FALSE,1,0,0,0,powerplay,0.4977,1.0441,199.4369042497819,WBBL_2022_2022-11-09_BH-W_PS-W
1323591,2022,T20,WBBL,WBBL,male,"Karen Rolton Oval, Adelaide",2022-11-11,2022-11-11T07:01:10.000Z,1,42056993,0.01,0.1,1,1,121,0,0,0,0,Adelaide Strikers Women,5647,AS-W,420314,60446,Megan Schutt,0,Schutt to Lee,Hobart Hurricanes Women,5649,HH-W,483484,63771,Lizelle Lee,0,0,0,FALSE,FALSE,WIDE_OUTSIDE_OFFSTUMP,GOOD_LENGTH,PUSH,1,142,197,6,0,0,0,0,0,0,NA,NA,NA,NA,NA,NA,NA,FALSE,1,0,1,0,powerplay,0.4969,1.0441,163.21394859893968,WBBL_2022_2022-11-11_HH-W_AS-W
1323592,2022,T20,WBBL,WBBL,male,"Junction Oval, Melbourne",2022-11-12,2022-11-11T23:16:13.000Z,1,42061845,0.01,0.1,1,1,124,0,0,0,0,Melbourne Renegades Women,5645,MR-W,1236786,108221,Ella Hayward,0,Hayward to Mooney,Perth Scorchers Women,5643,PS-W,381258,58687,Beth Mooney,0,0,0,FALSE,FALSE,ON_THE_STUMPS,FULL,DEFENDED,1,183,192,4,0,0,0,0,0,0,NA,NA,NA,NA,NA,NA,NA,FALSE,1,0,1,0,powerplay,0.4969,1.0441,167.22866388795717,WBBL_2022_2022-11-12_PS-W_MR-W
1323593,2022,T20,WBBL,WBBL,male,"Junction Oval, Melbourne",2022-11-12,2022-11-12T02:41:23.000Z,1,42062312,0.01,0.1,1,1,125,0,0,0,0,Melbourne Stars Women,5637,MS-W,418423,60360,Kim Garth,0,Garth to Bates,Sydney Sixers Women,5641,SS-W,54565,46564,Suzie Bates,0,0,0,FALSE,FALSE,OUTSIDE_OFFSTUMP,FULL,ON_DRIVE,1,162,249,5,0,0,0,0,0,0,NA,NA,NA,NA,NA,NA,NA,FALSE,1,0,1,0,powerplay,0.4969,1.0441,168.56690231762968,WBBL_2022_2022-11-12_SS-W_MS-W
1323594,2022,T20,WBBL,WBBL,male,"Karen Rolton Oval, Adelaide",2022-11-12,2022-11-12T08:00:53.000Z,1,42065242,0.01,0.1,1,1,81,0,0,0,0,Hobart Hurricanes Women,5649,HH-W,382231,58807,Molly Strano,0,Strano to Wyatt,Brisbane Heat Women,5635,BH-W,254168,49764,Danni Wyatt,0,0,0,FALSE,FALSE,ON_THE_STUMPS,GOOD_LENGTH,LEFT_ALONE,2,0,0,0,0,0,0,0,0,0,NA,NA,NA,NA,NA,NA,NA,FALSE,1,0,1,0,powerplay,0.5068,1.0441,109.68441141203964,WBBL_2022_2022-11-12_BH-W_HH-W
1323595,2022,T20,WBBL,WBBL,male,"Junction Oval, Melbourne",2022-11-13,2022-11-12T23:16:22.000Z,1,42067573,0.01,0.1,1,1,120,1,6,0,0,Sydney Sixers Women,5641,SS-W,858811,81365,Lauren Cheatle,0,Cheatle to Mooney,Perth Scorchers Women,5643,PS-W,381258,58687,Beth Mooney,1,1,1,FALSE,FALSE,OUTSIDE_OFFSTUMP,GOOD_LENGTH,LEG_GLANCE,1,139,49,8,0,0,0,0,0,0,NA,NA,NA,NA,NA,NA,NA,FALSE,1,0,0,0,powerplay,0.496,1.0441,177.97983035017955,WBBL_2022_2022-11-13_PS-W_SS-W
1323596,2022,T20,WBBL,WBBL,male,"Junction Oval, Melbourne",2022-11-13,2022-11-13T02:42:48.000Z,1,42068138,0.01,0.1,1,1,124,0,0,0,0,Melbourne Stars Women,5637,MS-W,418423,60360,Kim Garth,0,Garth to Matthews,Melbourne Renegades Women,5645,MR-W,474308,63409,Hayley Matthews,0,0,0,FALSE,FALSE,OUTSIDE_OFFSTUMP,GOOD_LENGTH,LEFT_ALONE,1,0,0,0,0,0,0,0,0,0,NA,NA,NA,NA,NA,NA,NA,FALSE,1,0,1,0,powerplay,0.4969,1.0441,167.22866388795717,WBBL_2022_2022-11-13_MR-W_MS-W
1323598,2022,T20,WBBL,WBBL,male,"Karen Rolton Oval, Adelaide",2022-11-14,2022-11-14T07:17:10.000Z,1,42076363,0.01,0.1,1,1,98,0,0,0,0,Adelaide Strikers Women,5647,AS-W,381263,58689,Jemma Barsby,0,Barsby to Wyatt,Brisbane Heat Women,5635,BH-W,254168,49764,Danni Wyatt,0,0,0,FALSE,FALSE,ON_THE_STUMPS,GOOD_LENGTH,STEERED,1,146,165,6,0,0,0,0,0,0,NA,NA,NA,NA,NA,NA,NA,FALSE,1,0,1,0,powerplay,0.5115,1.0441,132.43446471647215,WBBL_2022_2022-11-14_BH-W_AS-W
1323599,2022,T20,WBBL,WBBL,male,"Latrobe Recreation Ground, Latrobe",2022-11-15,2022-11-15T04:01:20.000Z,1,42078863,0.01,0.1,1,1,127,0,0,0,0,Melbourne Stars Women,5637,MS-W,418423,60360,Kim Garth,0,Garth to Trenaman,Hobart Hurricanes Women,5649,HH-W,1065982,95238,Rachel Trenaman,0,0,0,FALSE,FALSE,OUTSIDE_OFFSTUMP,FULL,PUSH,1,146,211,5,0,0,0,0,0,0,NA,NA,NA,NA,NA,NA,NA,FALSE,1,0,1,0,powerplay,0.4969,1.0441,171.24337917697466,WBBL_2022_2022-11-15_HH-W_MS-W
1323600,2022,T20,WBBL,WBBL,male,"Manuka Oval, Canberra",2022-11-15,2022-11-15T08:11:10.000Z,1,42079333,0.01,0.1,1,1,125,0,0,0,0,Melbourne Renegades Women,5645,MR-W,1236786,108221,Ella Hayward,0,Hayward to Beaumont,Sydney Thunder Women,5639,ST-W,297074,52145,Tammy Beaumont,0,0,0,FALSE,FALSE,OUTSIDE_OFFSTUMP,SHORT_OF_A_GOOD_LENGTH,CUT_SHOT,1,121,180,6,0,0,0,0,0,0,NA,NA,NA,NA,NA,NA,NA,FALSE,1,0,1,0,powerplay,0.4969,1.0441,168.56690231762968,WBBL_2022_2022-11-15_ST-W_MR-W
1323601,2022,T20,WBBL,WBBL,male,"Latrobe Recreation Ground, Latrobe",2022-11-16,2022-11-16T04:01:27.000Z,1,42080306,0.01,0.1,1,1,130,1,6,0,0,Melbourne Stars Women,5637,MS-W,418423,60360,Kim Garth,0,Garth to Lee,Hobart Hurricanes Women,5649,HH-W,483484,63771,Lizelle Lee,0,1,0,FALSE,FALSE,WIDE_OUTSIDE_OFFSTUMP,FULL,COVER_DRIVE,NA,0,0,0,0,0,1,0,0,1,NA,NA,NA,NA,NA,NA,NA,FALSE,1,0,0,0,powerplay,0.496,1.0441,191.36221464690453,WBBL_2022_2022-11-16_HH-W_MS-W
1323602,2022,T20,WBBL,WBBL,male,"North Sydney Oval, Sydney",2022-11-16,2022-11-16T08:11:13.000Z,1,42081520,0.01,0.1,1,1,122,0,0,0,0,Sydney Sixers Women,5641,SS-W,858811,81365,Lauren Cheatle,0,Cheatle to Wyatt,Brisbane Heat Women,5635,BH-W,254168,49764,Danni Wyatt,0,0,0,FALSE,FALSE,OUTSIDE_OFFSTUMP,FULL_TOSS,COVER_DRIVE,1,130,193,6,0,0,0,0,0,0,NA,NA,NA,NA,NA,NA,NA,FALSE,1,0,1,0,powerplay,0.4969,1.0441,164.55218702861217,WBBL_2022_2022-11-16_BH-W_SS-W
1323603,2022,T20,WBBL,WBBL,male,"North Sydney Oval, Sydney",2022-11-18,2022-11-18T04:40:23.000Z,1,42087514,0.01,0.1,1,1,126,0,0,0,0,Adelaide Strikers Women,5647,AS-W,388845,59152,Darcie Brown,0,Brown to Lee,Hobart Hurricanes Women,5649,HH-W,483484,63771,Lizelle Lee,0,0,0,FALSE,FALSE,OUTSIDE_OFFSTUMP,FULL,LEFT_ALONE,1,0,0,0,0,0,0,0,0,0,NA,NA,NA,NA,NA,NA,NA,FALSE,1,0,1,0,powerplay,0.4969,1.0441,169.90514074730217,WBBL_2022_2022-11-18_HH-W_AS-W
1323604,2022,T20,WBBL,WBBL,male,"North Sydney Oval, Sydney",2022-11-18,2022-11-18T08:05:40.000Z,1,42088632,0.01,0.1,1,1,121,0,0,0,0,Sydney Thunder Women,5639,ST-W,542229,66949,Sammy-Jo Johnson,0,Johnson to Bates,Sydney Sixers Women,5641,SS-W,54565,46564,Suzie Bates,0,0,0,FALSE,FALSE,OUTSIDE_OFFSTUMP,FULL_TOSS,ON_DRIVE,1,205,242,4,0,0,0,0,0,0,NA,NA,NA,NA,NA,NA,NA,FALSE,1,0,1,0,powerplay,0.4969,1.0441,163.21394859893968,WBBL_2022_2022-11-18_SS-W_ST-W
1323605,2022,T20,WBBL,WBBL,male,"Ted Summerton Reserve, Moe",2022-11-19,2022-11-18T23:52:48.000Z,1,42090473,0.01,0.1,1,1,105,1,6,0,0,Perth Scorchers Women,5643,PS-W,679171,72547,Taneale Peschel,0,Peschel to Winfield-Hill,Melbourne Stars Women,5637,MS-W,517572,65418,Lauren Winfield-Hill,0,1,0,FALSE,FALSE,ON_THE_STUMPS,SHORT_OF_A_GOOD_LENGTH,PULL,NA,0,0,0,0,0,1,0,0,1,NA,NA,NA,NA,NA,NA,NA,FALSE,1,0,0,0,powerplay,0.5068,1.0441,157.90625390509206,WBBL_2022_2022-11-19_MS-W_PS-W
1323606,2022,T20,WBBL,WBBL,male,"Ted Summerton Reserve, Moe",2022-11-20,2022-11-19T23:50:56.000Z,1,42092706,0.01,0.1,1,1,47,1,6,0,0,Melbourne Renegades Women,5645,MR-W,1236786,108221,Ella Hayward,0,Hayward to Devine,Perth Scorchers Women,5643,PS-W,231740,49081,Sophie Devine,1,1,1,FALSE,FALSE,OUTSIDE_OFFSTUMP,SHORT_OF_A_GOOD_LENGTH,PULL,1,251,259,4,0,0,0,0,0,0,NA,NA,NA,NA,NA,NA,NA,FALSE,1,0,0,0,powerplay,0.4992,1.0441,80.28842498408697,WBBL_2022_2022-11-20_PS-W_MR-W
1323607,2022,T20,WBBL,WBBL,male,"North Sydney Oval, Sydney",2022-11-20,2022-11-20T02:41:03.000Z,1,42093110,0.01,0.1,1,1,124,1,6,0,0,Sydney Sixers Women,5641,SS-W,858811,81365,Lauren Cheatle,0,Cheatle to Trenaman,Hobart Hurricanes Women,5649,HH-W,1065982,95238,Rachel Trenaman,0,1,0,FALSE,FALSE,DOWN_LEG,FULL,LEFT_ALONE,NA,0,0,0,0,0,1,0,0,1,NA,NA,NA,NA,NA,NA,NA,FALSE,1,0,0,0,powerplay,0.496,1.0441,183.33278406886956,WBBL_2022_2022-11-20_HH-W_SS-W
1323609,2022,T20,WBBL,WBBL,male,"North Sydney Oval, Sydney",2022-11-20,2022-11-20T06:16:13.000Z,1,42093832,0.01,0.1,1,1,123,0,0,0,0,Sydney Thunder Women,5639,ST-W,542229,66949,Sammy-Jo Johnson,0,Johnson to Mack,Adelaide Strikers Women,5647,AS-W,678831,72533,Katie Mack,0,0,0,FALSE,FALSE,WIDE_OUTSIDE_OFFSTUMP,FULL,SQUARE_DRIVE,1,109,169,6,0,0,0,0,0,0,NA,NA,NA,NA,NA,NA,NA,FALSE,1,0,1,0,powerplay,0.4969,1.0441,165.89042545828465,WBBL_2022_2022-11-20_AS-W_ST-W
1341266,2022,T20,WBBL,WBBL,male,"Karen Rolton Oval, Adelaide",2022-11-23,2022-11-23T08:10:59.000Z,1,42105749,0.01,0.1,1,1,120,2,12,0,0,Hobart Hurricanes Women,5649,HH-W,439029,61819,Hayley Jensen,0,Jensen to Redmayne,Brisbane Heat Women,5635,BH-W,381197,58674,Georgia Redmayne,0,2,0,FALSE,FALSE,DOWN_LEG,GOOD_LENGTH,LEG_GLANCE,NA,0,0,0,0,0,2,0,0,2,NA,NA,NA,NA,NA,NA,NA,FALSE,1,0,0,0,powerplay,0.4977,1.0441,194.0839505310919,WBBL_2022_2022-11-23_BH-W_HH-W
1341267,2022,T20,WBBL,WBBL,male,"Karen Rolton Oval, Adelaide",2022-11-24,2022-11-24T08:10:55.000Z,1,42110212,0.01,0.1,1,1,125,0,0,0,0,Adelaide Strikers Women,5647,AS-W,388845,59152,Darcie Brown,0,Brown to Redmayne,Brisbane Heat Women,5635,BH-W,381197,58674,Georgia Redmayne,0,0,0,FALSE,FALSE,ON_THE_STUMPS,SHORT_OF_A_GOOD_LENGTH,STEERED,1,220,151,2,0,0,0,0,0,0,NA,NA,NA,NA,NA,NA,NA,FALSE,1,0,1,0,powerplay,0.4969,1.0441,168.56690231762968,WBBL_2022_2022-11-24_BH-W_AS-W
1341268,2022,T20,WBBL,WBBL,male,"North Sydney Oval, Sydney",2022-11-26,2022-11-26T06:20:53.000Z,1,42122558,0.01,0.1,1,1,122,1,6,0,0,Sydney Sixers Women,5641,SS-W,858811,81365,Lauren Cheatle,0,Cheatle to Mack,Adelaide Strikers Women,5647,AS-W,678831,72533,Katie Mack,0,1,0,FALSE,FALSE,DOWN_LEG,FULL,LEG_GLANCE,2,0,0,0,0,1,0,0,0,1,NA,NA,NA,NA,NA,NA,NA,FALSE,1,0,0,0,powerplay,0.496,1.0441,180.65630720952453,WBBL_2022_2022-11-26_AS-W_SS-W
1269055,2021,T20,WBBL,WBBL,male,"Bellerive Oval, Hobart",2021-10-14,2021-10-14T10:01:15.000Z,1,35023596,0.01,0.1,1,1,70,1,6,0,0,Sydney Sixers Women,5641,SS-W,267611,50306,Nicole Bolton,0,Bolton to Villani,Melbourne Stars Women,5637,MS-W,275442,50914,Elyse Villani,1,1,1,FALSE,FALSE,OUTSIDE_OFFSTUMP,SHORT_OF_A_GOOD_LENGTH,FLICK,1,278,138,2,0,0,0,0,0,0,NA,NA,NA,NA,NA,NA,NA,FALSE,1,0,0,0,powerplay,0.4843,1.0441,111.06790886655449,WBBL_2021_2021-10-14_MS-W_SS-W
1269056,2021,T20,WBBL,WBBL,male,"Bellerive Oval, Hobart",2021-10-16,2021-10-16T04:40:51.000Z,1,35028584,0.01,0.1,1,1,124,0,0,0,0,Melbourne Renegades Women,5645,MR-W,381266,58692,Holly Ferling,0,Ferling to Priest,Hobart Hurricanes Women,5649,HH-W,231305,49069,Rachel Priest,0,0,0,FALSE,FALSE,OUTSIDE_OFFSTUMP,GOOD_LENGTH,LEFT_ALONE,1,0,0,0,0,0,0,0,0,0,NA,NA,NA,NA,NA,NA,NA,FALSE,1,0,1,0,powerplay,0.4969,1.0441,167.22866388795717,WBBL_2021_2021-10-16_HH-W_MR-W
1269057,2021,T20,WBBL,WBBL,male,"Bellerive Oval, Hobart",2021-10-16,NA,1,35029565,0.01,0.1,1,1,129,0,0,0,0,Sydney Thunder Women,5639,ST-W,1146066,102297,Issy Wong,0,Wong to D van Niekerk,Adelaide Strikers Women,5647,AS-W,364413,57816,Dane van Niekerk,0,0,0,FALSE,FALSE,OUTSIDE_OFFSTUMP,FULL,LEFT_ALONE,1,0,0,0,0,0,0,0,0,0,NA,NA,NA,NA,NA,NA,NA,FALSE,1,0,1,0,powerplay,0.4969,1.0441,173.9198560363197,WBBL_2021_2021-10-16_AS-W_ST-W
1269058,2021,T20,WBBL,WBBL,male,"Bellerive Oval, Hobart",2021-10-17,2021-10-17T02:47:09.000Z,1,35033045,0.01,0.1,1,1,127,0,0,0,0,Brisbane Heat Women,5635,BH-W,939249,87275,Nadine de Klerk,0,de Klerk to Devine,Perth Scorchers Women,5643,PS-W,231740,49081,Sophie Devine,0,0,0,FALSE,FALSE,OUTSIDE_OFFSTUMP,GOOD_LENGTH,LEFT_ALONE,1,0,0,0,0,0,0,0,0,0,NA,NA,NA,NA,NA,NA,NA,FALSE,1,0,1,0,powerplay,0.4969,1.0441,171.24337917697466,WBBL_2021_2021-10-17_PS-W_BH-W
1269059,2021,T20,WBBL,WBBL,male,"Bellerive Oval, Hobart",2021-10-17,2021-10-16T23:15:40.000Z,1,35032390,0.01,0.1,1,1,127,1,6,0,0,Sydney Sixers Women,5641,SS-W,267611,50306,Nicole Bolton,0,Bolton to Priest,Hobart Hurricanes Women,5649,HH-W,231305,49069,Rachel Priest,1,1,1,FALSE,FALSE,OUTSIDE_OFFSTUMP,FULL,COVER_DRIVE,2,154,60,8,0,0,0,0,0,0,NA,NA,NA,NA,NA,NA,NA,FALSE,1,0,0,0,powerplay,0.496,1.0441,187.34749935788705,WBBL_2021_2021-10-17_HH-W_SS-W
1269060,2021,T20,WBBL,WBBL,male,"Bellerive Oval, Hobart",2021-10-19,2021-10-19T02:25:47.000Z,1,35042463,0.01,0.1,1,1,126,0,0,0,0,Melbourne Stars Women,5637,MS-W,418423,60360,Kim Garth,0,Garth to Priest,Hobart Hurricanes Women,5649,HH-W,231305,49069,Rachel Priest,0,0,0,FALSE,FALSE,WIDE_OUTSIDE_OFFSTUMP,GOOD_LENGTH,LEFT_ALONE,1,0,0,0,0,0,0,0,0,0,NA,NA,NA,NA,NA,NA,NA,FALSE,1,0,1,0,powerplay,0.4969,1.0441,169.90514074730217,WBBL_2021_2021-10-19_HH-W_MS-W
1269061,2021,T20,WBBL,WBBL,male,"Bellerive Oval, Hobart",2021-10-19,2021-10-19T05:50:59.000Z,1,35043136,0.01,0.1,1,1,125,0,0,0,0,Perth Scorchers Women,5643,PS-W,351836,56998,Marizanne Kapp,0,Kapp to Harris,Brisbane Heat Women,5635,BH-W,381268,58694,Grace Harris,0,0,0,FALSE,FALSE,OUTSIDE_OFFSTUMP,GOOD_LENGTH,PUSH,2,0,0,0,0,0,0,0,0,0,NA,NA,NA,NA,NA,NA,NA,FALSE,1,0,1,0,powerplay,0.4969,1.0441,168.56690231762968,WBBL_2021_2021-10-19_BH-W_PS-W
1269062,2021,T20,WBBL,WBBL,male,"Bellerive Oval, Hobart",2021-10-20,2021-10-20T02:27:08.000Z,1,35046900,0.01,0.1,1,1,124,1,6,0,0,Adelaide Strikers Women,5647,AS-W,388845,59152,Darcie Brown,0,Brown to Molineux,Melbourne Renegades Women,5645,MR-W,944373,87729,Sophie Molineux,0,1,0,FALSE,FALSE,DOWN_LEG,FULL,FLICK,NA,0,0,0,0,0,1,0,0,1,NA,NA,NA,NA,NA,NA,NA,FALSE,1,0,0,0,powerplay,0.496,1.0441,183.33278406886956,WBBL_2021_2021-10-20_MR-W_AS-W
1269063,2021,T20,WBBL,WBBL,male,"Bellerive Oval, Hobart",2021-10-20,2021-10-20T05:50:14.000Z,1,35047545,0.01,0.1,1,1,123,0,0,0,0,Sydney Sixers Women,5641,SS-W,267611,50306,Nicole Bolton,0,Bolton to Villani,Melbourne Stars Women,5637,MS-W,275442,50914,Elyse Villani,0,0,0,FALSE,FALSE,ON_THE_STUMPS,GOOD_LENGTH,DEFENDED,1,169,186,5,0,0,0,0,0,0,NA,NA,NA,NA,NA,NA,NA,FALSE,1,0,1,0,powerplay,0.4969,1.0441,165.89042545828465,WBBL_2021_2021-10-20_MS-W_SS-W
1269068,2021,T20,WBBL,WBBL,male,"Invermay Park, Launceston",2021-10-24,NA,1,35067058,0.01,0.1,1,1,68,0,0,0,0,Adelaide Strikers Women,5647,AS-W,388845,59152,Darcie Brown,0,Brown to Harris,Brisbane Heat Women,5635,BH-W,381268,58694,Grace Harris,0,0,0,FALSE,FALSE,NA,NA,NA,NA,0,0,0,0,0,0,0,0,0,NA,NA,NA,NA,NA,NA,NA,FALSE,1,0,1,0,powerplay,0.4866,1.0441,92.28731182629713,WBBL_2021_2021-10-24_BH-W_AS-W
1269069,2021,T20,WBBL,WBBL,male,"Aurora Stadium, Launceston",2021-10-24,NA,1,35067473,0.01,0.1,1,1,122,0,0,0,0,Melbourne Renegades Women,5645,MR-W,944373,87729,Sophie Molineux,0,Molineux to Healy,Sydney Sixers Women,5641,SS-W,275486,50926,Alyssa Healy,0,0,0,FALSE,FALSE,NA,NA,NA,NA,0,0,0,0,0,0,0,0,0,NA,NA,NA,NA,NA,NA,NA,FALSE,1,0,1,0,powerplay,0.4969,1.0441,164.55218702861217,WBBL_2021_2021-10-24_SS-W_MR-W
1269070,2021,T20,WBBL,WBBL,male,"Aurora Stadium, Launceston",2021-10-24,2021-10-24T06:15:42.000Z,1,35069525,0.01,0.1,1,1,126,0,0,0,0,Sydney Thunder Women,5639,ST-W,537440,66749,Samantha Bates,0,Bates to Devine,Perth Scorchers Women,5643,PS-W,231740,49081,Sophie Devine,0,0,0,FALSE,FALSE,ON_THE_STUMPS,FULL,SWEEP_SHOT,1,250,182,3,0,0,0,0,0,0,NA,NA,NA,NA,NA,NA,NA,FALSE,1,0,1,0,powerplay,0.4969,1.0441,169.90514074730217,WBBL_2021_2021-10-24_PS-W_ST-W
1269071,2021,T20,WBBL,WBBL,male,"Aurora Stadium, Launceston",2021-10-26,2021-10-26T02:24:49.000Z,1,35076783,0.01,0.1,1,1,122,0,0,0,0,Sydney Thunder Women,5639,ST-W,537440,66749,Samantha Bates,0,Bates to Villani,Melbourne Stars Women,5637,MS-W,275442,50914,Elyse Villani,0,0,0,FALSE,FALSE,DOWN_LEG,FULL,SWEEP_SHOT,1,236,127,2,0,0,0,0,0,0,NA,NA,NA,NA,NA,NA,NA,FALSE,1,0,1,0,powerplay,0.4969,1.0441,164.55218702861217,WBBL_2021_2021-10-26_MS-W_ST-W
1269072,2021,T20,WBBL,WBBL,male,"Aurora Stadium, Launceston",2021-10-26,2021-10-26T05:51:18.000Z,1,35077379,0.01,0.1,1,1,127,0,0,0,1,Brisbane Heat Women,5635,BH-W,1167399,104117,Courtney Grace Sippel,1,Sippel to Priest,Hobart Hurricanes Women,5649,HH-W,231305,49069,Rachel Priest,0,0,0,FALSE,FALSE,ON_THE_STUMPS,GOOD_LENGTH,DEFENDED,2,0,0,0,0,0,0,0,0,0,231305,49069,Rachel Priest,2,bowled, b Sippel,Rachel Priest b Sippel 0 (1b 0x4 0x6 2m) SR: 0,TRUE,1,0,1,0,powerplay,0.4616,1.0441,168.70050808919277,WBBL_2021_2021-10-26_HH-W_BH-W
1269073,2021,T20,WBBL,WBBL,male,"University Oval, Hobart",2021-10-27,2021-10-27T02:25:56.000Z,1,35079779,0.01,0.1,1,1,121,0,0,0,0,Sydney Thunder Women,5639,ST-W,1146066,102297,Issy Wong,0,Wong to Dooley,Melbourne Renegades Women,5645,MR-W,1126066,101452,Josephine Dooley,0,0,0,FALSE,FALSE,OUTSIDE_OFFSTUMP,FULL,STRAIGHT_DRIVE,1,190,193,4,0,0,0,0,0,0,NA,NA,NA,NA,NA,NA,NA,FALSE,1,0,1,0,powerplay,0.4969,1.0441,163.21394859893968,WBBL_2021_2021-10-27_MR-W_ST-W
1269074,2021,T20,WBBL,WBBL,male,"University Oval, Hobart",2021-10-27,2021-10-27T05:51:39.000Z,1,35080783,0.01,0.1,1,1,127,1,6,0,0,Hobart Hurricanes Women,5649,HH-W,1282061,110379,Ruth Johnston,0,Johnston to Villani,Melbourne Stars Women,5637,MS-W,275442,50914,Elyse Villani,1,1,1,FALSE,FALSE,OUTSIDE_OFFSTUMP,SHORT_OF_A_GOOD_LENGTH,PULL,1,225,320,4,0,0,0,0,0,0,NA,NA,NA,NA,NA,NA,NA,FALSE,1,0,0,0,powerplay,0.496,1.0441,187.34749935788705,WBBL_2021_2021-10-27_MS-W_HH-W
1269075,2021,T20,WBBL,WBBL,male,"Lilac Hill Park, Perth",2021-10-30,2021-10-30T02:29:03.000Z,1,35121201,0.01,0.1,1,1,123,0,0,0,0,Sydney Sixers Women,5641,SS-W,858811,81365,Lauren Cheatle,0,Cheatle to E Jones,Melbourne Renegades Women,5645,MR-W,858807,81361,Eve Jones,0,0,0,FALSE,FALSE,OUTSIDE_OFFSTUMP,SHORT_OF_A_GOOD_LENGTH,CUT_SHOT,2,0,0,0,0,0,0,0,0,0,NA,NA,NA,NA,NA,NA,NA,FALSE,1,0,1,0,powerplay,0.4969,1.0441,165.89042545828465,WBBL_2021_2021-10-30_MR-W_SS-W
1269076,2021,T20,WBBL,WBBL,male,"Aurora Stadium, Launceston",2021-10-30,2021-10-30T05:05:59.000Z,1,35122218,0.01,0.1,1,1,120,0,0,0,0,Melbourne Stars Women,5637,MS-W,418423,60360,Kim Garth,0,Garth to Wilson,Sydney Thunder Women,5639,ST-W,1142969,102134,Tahlia Wilson,0,0,0,FALSE,FALSE,OUTSIDE_OFFSTUMP,FULL,ON_DRIVE,1,146,221,5,0,0,0,0,0,0,NA,NA,NA,NA,NA,NA,NA,FALSE,1,0,1,0,powerplay,0.4969,1.0441,161.87571016926717,WBBL_2021_2021-10-30_ST-W_MS-W
1269077,2021,T20,WBBL,WBBL,male,"Lilac Hill Park, Perth",2021-10-30,2021-10-30T05:51:18.000Z,1,35122477,0.01,0.1,1,1,120,1,6,0,0,Adelaide Strikers Women,5647,AS-W,420314,60446,Megan Schutt,0,Schutt to Devine,Perth Scorchers Women,5643,PS-W,231740,49081,Sophie Devine,0,1,0,FALSE,FALSE,ON_THE_STUMPS,GOOD_LENGTH,FLICK,2,0,0,0,0,1,0,0,0,1,NA,NA,NA,NA,NA,NA,NA,FALSE,1,0,0,0,powerplay,0.496,1.0441,177.97983035017955,WBBL_2021_2021-10-30_PS-W_AS-W
1269078,2021,T20,WBBL,WBBL,male,"Aurora Stadium, Launceston",2021-10-30,2021-10-30T08:30:52.000Z,1,35125710,0.01,0.1,1,1,129,0,0,0,0,Hobart Hurricanes Women,5649,HH-W,1071711,95774,Tayla Vlaeminck,0,Vlaeminck to Harris,Brisbane Heat Women,5635,BH-W,381268,58694,Grace Harris,0,0,0,FALSE,FALSE,OUTSIDE_OFFSTUMP,FULL_TOSS,COVER_DRIVE,2,119,156,7,0,0,0,0,0,0,NA,NA,NA,NA,NA,NA,NA,FALSE,1,0,1,0,powerplay,0.4969,1.0441,173.9198560363197,WBBL_2021_2021-10-30_BH-W_HH-W
1269079,2021,T20,WBBL,WBBL,male,"Aurora Stadium, Launceston",2021-10-31,2021-10-30T23:16:02.000Z,1,35138839,0.01,0.1,1,1,129,0,0,0,0,Hobart Hurricanes Women,5649,HH-W,1071711,95774,Tayla Vlaeminck,0,Vlaeminck to Mandhana,Sydney Thunder Women,5639,ST-W,597806,70132,Smriti Mandhana,0,0,0,FALSE,FALSE,OUTSIDE_OFFSTUMP,FULL,ON_DRIVE,1,199,242,4,0,0,0,0,0,0,NA,NA,NA,NA,NA,NA,NA,FALSE,1,0,1,0,powerplay,0.4969,1.0441,173.9198560363197,WBBL_2021_2021-10-31_ST-W_HH-W
1269080,2021,T20,WBBL,WBBL,male,"Lilac Hill Park, Perth",2021-10-31,2021-10-31T02:25:51.000Z,1,35139231,0.01,0.1,1,1,124,5,30,0,0,Melbourne Renegades Women,5645,MR-W,944373,87729,Sophie Molineux,0,Molineux to D van Niekerk,Adelaide Strikers Women,5647,AS-W,364413,57816,Dane van Niekerk,0,5,0,FALSE,FALSE,ON_THE_STUMPS,SHORT_OF_A_GOOD_LENGTH,LEFT_ALONE,NA,0,0,0,0,0,5,0,0,5,NA,NA,NA,NA,NA,NA,NA,FALSE,1,0,0,0,powerplay,0.4968,1.0441,247.749264792519,WBBL_2021_2021-10-31_AS-W_MR-W
1269081,2021,T20,WBBL,WBBL,male,"Aurora Stadium, Launceston",2021-10-31,2021-10-31T02:40:51.000Z,1,35139318,0.01,0.1,1,1,123,1,6,0,0,Melbourne Stars Women,5637,MS-W,418423,60360,Kim Garth,0,Garth to Redmayne,Brisbane Heat Women,5635,BH-W,381197,58674,Georgia Redmayne,0,1,0,FALSE,FALSE,WIDE_DOWN_LEG,GOOD_LENGTH,LEFT_ALONE,NA,0,0,0,0,0,1,0,0,1,NA,NA,NA,NA,NA,NA,NA,FALSE,1,0,0,0,powerplay,0.496,1.0441,181.99454563919704,WBBL_2021_2021-10-31_BH-W_MS-W
1269082,2021,T20,WBBL,WBBL,male,"Lilac Hill Park, Perth",2021-10-31,2021-10-31T05:50:46.000Z,1,35142916,0.01,0.1,1,1,125,1,6,0,0,Perth Scorchers Women,5643,PS-W,351836,56998,Marizanne Kapp,0,Kapp to Healy,Sydney Sixers Women,5641,SS-W,275486,50926,Alyssa Healy,1,1,1,FALSE,FALSE,OUTSIDE_OFFSTUMP,SHORT_OF_A_GOOD_LENGTH,PULL,1,321,103,2,0,0,0,0,0,0,NA,NA,NA,NA,NA,NA,NA,FALSE,1,0,0,0,powerplay,0.496,1.0441,184.67102249854207,WBBL_2021_2021-10-31_SS-W_PS-W
1269083,2021,T20,WBBL,WBBL,male,"Western Australia Cricket Association Ground, Perth",2021-11-03,2021-11-03T02:26:01.000Z,1,35192542,0.01,0.1,1,1,128,0,0,0,0,Hobart Hurricanes Women,5649,HH-W,1071711,95774,Tayla Vlaeminck,0,Vlaeminck to Perry,Sydney Sixers Women,5641,SS-W,275487,50927,Ellyse Perry,0,0,0,FALSE,FALSE,ON_THE_STUMPS,SHORT,PULL,2,0,0,0,0,0,0,0,0,0,NA,NA,NA,NA,NA,NA,NA,FALSE,1,0,1,0,powerplay,0.4969,1.0441,172.58161760664717,WBBL_2021_2021-11-03_SS-W_HH-W
1269084,2021,T20,WBBL,WBBL,male,"Western Australia Cricket Association Ground, Perth",2021-11-03,2021-11-03T05:51:11.000Z,1,35193868,0.01,0.1,1,1,125,0,0,0,0,Melbourne Renegades Women,5645,MR-W,944373,87729,Sophie Molineux,0,Molineux to Devine,Perth Scorchers Women,5643,PS-W,231740,49081,Sophie Devine,0,0,0,FALSE,FALSE,OUTSIDE_OFFSTUMP,GOOD_LENGTH,PUSH,1,168,193,5,0,0,0,0,0,0,NA,NA,NA,NA,NA,NA,NA,FALSE,1,0,1,0,powerplay,0.4969,1.0441,168.56690231762968,WBBL_2021_2021-11-03_PS-W_MR-W
1269085,2021,T20,WBBL,WBBL,male,"Karen Rolton Oval, Adelaide",2021-11-06,2021-11-05T23:16:12.000Z,1,35210470,0.01,0.1,1,1,124,4,24,0,0,Brisbane Heat Women,5635,BH-W,939249,87275,Nadine de Klerk,0,de Klerk to Rodrigues,Melbourne Renegades Women,5645,MR-W,883405,82827,Jemimah Rodrigues,4,4,4,TRUE,FALSE,OUTSIDE_OFFSTUMP,FULL,ON_DRIVE,1,123,350,5,0,0,0,0,0,0,NA,NA,NA,NA,NA,NA,NA,FALSE,1,1,0,0,powerplay,0.4986,1.0441,231.6451446116066,WBBL_2021_2021-11-06_MR-W_BH-W
1269086,2021,T20,WBBL,WBBL,male,"Karen Rolton Oval, Adelaide",2021-11-06,2021-11-06T03:31:41.000Z,1,35211023,0.01,0.1,1,1,84,0,0,0,0,Adelaide Strikers Women,5647,AS-W,388845,59152,Darcie Brown,0,Brown to Villani,Melbourne Stars Women,5637,MS-W,275442,50914,Elyse Villani,0,0,0,FALSE,FALSE,OUTSIDE_OFFSTUMP,FULL,SQUARE_DRIVE,1,115,165,6,0,0,0,0,0,0,NA,NA,NA,NA,NA,NA,NA,FALSE,1,0,1,0,powerplay,0.501,1.0441,113.69912670105714,WBBL_2021_2021-11-06_MS-W_AS-W
1269087,2021,T20,WBBL,WBBL,male,"Western Australia Cricket Association Ground, Perth",2021-11-06,2021-11-06T05:50:45.000Z,1,35211678,0.01,0.1,1,1,126,0,0,0,0,Perth Scorchers Women,5643,PS-W,351836,56998,Marizanne Kapp,0,Kapp to Priest,Hobart Hurricanes Women,5649,HH-W,231305,49069,Rachel Priest,0,0,0,FALSE,FALSE,ON_THE_STUMPS,GOOD_LENGTH,PUSH,1,144,189,6,0,0,0,0,0,0,NA,NA,NA,NA,NA,NA,NA,FALSE,1,0,1,0,powerplay,0.4969,1.0441,169.90514074730217,WBBL_2021_2021-11-06_HH-W_PS-W
1269088,2021,T20,WBBL,WBBL,male,Adelaide Oval,2021-11-07,2021-11-06T23:16:12.000Z,1,35223350,0.01,0.1,1,1,126,1,6,0,0,Brisbane Heat Women,5635,BH-W,792417,78771,Georgia Prestwidge,0,Prestwidge to Mandhana,Sydney Thunder Women,5639,ST-W,597806,70132,Smriti Mandhana,0,1,0,FALSE,FALSE,ON_THE_STUMPS,SHORT_OF_A_GOOD_LENGTH,LEFT_ALONE,NA,0,0,0,0,0,1,0,0,1,NA,NA,NA,NA,NA,NA,NA,FALSE,1,0,0,0,powerplay,0.496,1.0441,186.00926092821453,WBBL_2021_2021-11-07_ST-W_BH-W
1269089,2021,T20,WBBL,WBBL,male,Adelaide Oval,2021-11-07,2021-11-07T02:40:35.000Z,1,35223960,0.01,0.1,1,1,119,1,6,0,0,Melbourne Renegades Women,5645,MR-W,944373,87729,Sophie Molineux,0,Molineux to Villani,Melbourne Stars Women,5637,MS-W,275442,50914,Elyse Villani,1,1,1,FALSE,FALSE,ON_THE_STUMPS,FULL,FLICK,1,292,215,3,0,0,0,0,0,0,NA,NA,NA,NA,NA,NA,NA,FALSE,1,0,0,0,powerplay,0.4995,1.0441,176.64159192050704,WBBL_2021_2021-11-07_MS-W_MR-W
1269090,2021,T20,WBBL,WBBL,male,"Western Australia Cricket Association Ground, Perth",2021-11-07,2021-11-07T05:51:57.000Z,1,35225831,0.01,0.1,1,1,124,0,0,0,0,Perth Scorchers Women,5643,PS-W,679171,72547,Taneale Peschel,0,Peschel to Priest,Hobart Hurricanes Women,5649,HH-W,231305,49069,Rachel Priest,0,0,0,FALSE,FALSE,OUTSIDE_OFFSTUMP,GOOD_LENGTH,FLICK,2,244,191,3,0,0,0,0,0,0,NA,NA,NA,NA,NA,NA,NA,FALSE,1,0,1,0,powerplay,0.4969,1.0441,167.22866388795717,WBBL_2021_2021-11-07_HH-W_PS-W
1269091,2021,T20,WBBL,WBBL,male,"Karen Rolton Oval, Adelaide",2021-11-09,2021-11-09T03:35:23.000Z,1,35235795,0.01,0.1,1,1,124,1,6,0,0,Brisbane Heat Women,5635,BH-W,767597,77297,Nicola Hancock,0,Hancock to Healy,Sydney Sixers Women,5641,SS-W,275486,50926,Alyssa Healy,0,1,0,FALSE,FALSE,DOWN_LEG,GOOD_LENGTH,LEFT_ALONE,NA,0,0,0,0,0,1,0,0,1,NA,NA,NA,NA,NA,NA,NA,FALSE,1,0,0,0,powerplay,0.496,1.0441,183.33278406886956,WBBL_2021_2021-11-09_SS-W_BH-W
1269092,2021,T20,WBBL,WBBL,male,"Karen Rolton Oval, Adelaide",2021-11-09,NA,1,35237801,0.01,0.1,1,1,123,0,0,0,0,Sydney Thunder Women,5639,ST-W,1146066,102297,Issy Wong,0,Wong to D van Niekerk,Adelaide Strikers Women,5647,AS-W,364413,57816,Dane van Niekerk,0,0,0,FALSE,FALSE,OUTSIDE_OFFSTUMP,GOOD_LENGTH,LEFT_ALONE,1,0,0,0,0,0,0,0,0,0,NA,NA,NA,NA,NA,NA,NA,FALSE,1,0,1,0,powerplay,0.4969,1.0441,165.89042545828465,WBBL_2021_2021-11-09_AS-W_ST-W
1269093,2021,T20,WBBL,WBBL,male,"Karen Rolton Oval, Adelaide",2021-11-10,NA,1,35239572,0.01,0.1,1,1,124,0,0,0,0,Perth Scorchers Women,5643,PS-W,679171,72547,Taneale Peschel,0,Peschel to Villani,Melbourne Stars Women,5637,MS-W,275442,50914,Elyse Villani,0,0,0,FALSE,FALSE,NA,NA,NA,NA,0,0,0,0,0,0,0,0,0,NA,NA,NA,NA,NA,NA,NA,FALSE,1,0,1,0,powerplay,0.4969,1.0441,167.22866388795717,WBBL_2021_2021-11-10_MS-W_PS-W
1269094,2021,T20,WBBL,WBBL,male,"Karen Rolton Oval, Adelaide",2021-11-10,2021-11-10T05:50:53.000Z,1,35240788,0.01,0.1,1,1,120,0,0,0,0,Adelaide Strikers Women,5647,AS-W,420314,60446,Megan Schutt,0,Schutt to Perry,Sydney Sixers Women,5641,SS-W,275487,50927,Ellyse Perry,0,0,0,FALSE,FALSE,ON_THE_STUMPS,GOOD_LENGTH,ON_DRIVE,1,207,251,4,0,0,0,0,0,0,NA,NA,NA,NA,NA,NA,NA,FALSE,1,0,1,0,powerplay,0.4969,1.0441,161.87571016926717,WBBL_2021_2021-11-10_SS-W_AS-W
1269096,2021,T20,WBBL,WBBL,male,"Ray Mitchell Oval, Harrup Park, Mackay",2021-11-13,2021-11-13T04:41:34.000Z,1,35249506,0.01,0.1,1,1,127,0,0,0,0,Hobart Hurricanes Women,5649,HH-W,1071711,95774,Tayla Vlaeminck,0,Vlaeminck to Mack,Adelaide Strikers Women,5647,AS-W,678831,72533,Katie Mack,0,0,0,FALSE,FALSE,OUTSIDE_OFFSTUMP,GOOD_LENGTH,LEFT_ALONE,1,0,0,0,0,0,0,0,0,0,NA,NA,NA,NA,NA,NA,NA,FALSE,1,0,1,0,powerplay,0.4969,1.0441,171.24337917697466,WBBL_2021_2021-11-13_AS-W_HH-W
1269098,2021,T20,WBBL,WBBL,male,"Ray Mitchell Oval, Harrup Park, Mackay",2021-11-13,2021-11-13T08:06:02.000Z,1,35251660,0.01,0.1,1,1,125,0,0,0,0,Brisbane Heat Women,5635,BH-W,792417,78771,Georgia Prestwidge,0,Prestwidge to Healy,Sydney Sixers Women,5641,SS-W,275486,50926,Alyssa Healy,0,0,0,FALSE,FALSE,OUTSIDE_OFFSTUMP,FULL,ON_DRIVE,1,146,230,5,0,0,0,0,0,0,NA,NA,NA,NA,NA,NA,NA,FALSE,1,0,1,0,powerplay,0.4969,1.0441,168.56690231762968,WBBL_2021_2021-11-13_SS-W_BH-W
1269099,2021,T20,WBBL,WBBL,male,"Ray Mitchell Oval, Harrup Park, Mackay",2021-11-14,2021-11-13T23:16:13.000Z,1,35256599,0.01,0.1,1,1,121,0,0,0,0,Adelaide Strikers Women,5647,AS-W,420314,60446,Megan Schutt,0,Schutt to Harris,Brisbane Heat Women,5635,BH-W,381268,58694,Grace Harris,0,0,0,FALSE,FALSE,OUTSIDE_OFFSTUMP,GOOD_LENGTH,PUSH,1,217,191,3,0,0,0,0,0,0,NA,NA,NA,NA,NA,NA,NA,FALSE,1,0,1,0,powerplay,0.4969,1.0441,163.21394859893968,WBBL_2021_2021-11-14_BH-W_AS-W
1269100,2021,T20,WBBL,WBBL,male,"Ray Mitchell Oval, Harrup Park, Mackay",2021-11-14,2021-11-14T02:41:13.000Z,1,35257705,0.01,0.1,1,1,122,0,0,0,0,Sydney Thunder Women,5639,ST-W,537440,66749,Samantha Bates,0,Bates to Healy,Sydney Sixers Women,5641,SS-W,275486,50926,Alyssa Healy,0,0,0,FALSE,FALSE,OUTSIDE_OFFSTUMP,GOOD_LENGTH,DEFENDED,1,160,182,6,0,0,0,0,0,0,NA,NA,NA,NA,NA,NA,NA,FALSE,1,0,1,0,powerplay,0.4969,1.0441,164.55218702861217,WBBL_2021_2021-11-14_SS-W_ST-W
1269101,2021,T20,WBBL,WBBL,male,"Karen Rolton Oval, Adelaide",2021-11-17,NA,1,35279455,0.01,0.1,1,1,122,0,0,0,0,Adelaide Strikers Women,5647,AS-W,388845,59152,Darcie Brown,0,Brown to Devine,Perth Scorchers Women,5643,PS-W,231740,49081,Sophie Devine,0,0,0,FALSE,FALSE,WIDE_OUTSIDE_OFFSTUMP,GOOD_LENGTH,COVER_DRIVE,2,0,0,0,0,0,0,0,0,0,NA,NA,NA,NA,NA,NA,NA,FALSE,1,0,1,0,powerplay,0.4969,1.0441,164.55218702861217,WBBL_2021_2021-11-17_PS-W_AS-W
1269102,2021,T20,WBBL,WBBL,male,"Ray Mitchell Oval, Harrup Park, Mackay",2021-11-17,NA,1,35281857,0.01,0.1,1,1,125,0,0,0,0,Sydney Thunder Women,5639,ST-W,537440,66749,Samantha Bates,0,Bates to Rodrigues,Melbourne Renegades Women,5645,MR-W,883405,82827,Jemimah Rodrigues,0,0,0,FALSE,FALSE,OUTSIDE_OFFSTUMP,GOOD_LENGTH,STEERED,1,124,146,7,0,0,0,0,0,0,NA,NA,NA,NA,NA,NA,NA,FALSE,1,0,1,0,powerplay,0.4969,1.0441,168.56690231762968,WBBL_2021_2021-11-17_MR-W_ST-W
1269103,2021,T20,WBBL,WBBL,male,"Ray Mitchell Oval, Harrup Park, Mackay",2021-11-19,2021-11-19T04:41:06.000Z,1,35313955,0.01,0.1,1,1,123,0,0,0,0,Melbourne Renegades Women,5645,MR-W,944373,87729,Sophie Molineux,0,Molineux to Priest,Hobart Hurricanes Women,5649,HH-W,231305,49069,Rachel Priest,0,0,0,FALSE,FALSE,OUTSIDE_OFFSTUMP,GOOD_LENGTH,DEFENDED,1,151,184,6,0,0,0,0,0,0,NA,NA,NA,NA,NA,NA,NA,FALSE,1,0,1,0,powerplay,0.4969,1.0441,165.89042545828465,WBBL_2021_2021-11-19_HH-W_MR-W
1269104,2021,T20,WBBL,WBBL,male,"Ray Mitchell Oval, Harrup Park, Mackay",2021-11-19,2021-11-19T08:06:15.000Z,1,35314522,0.01,0.1,1,1,128,2,12,0,0,Brisbane Heat Women,5635,BH-W,1167399,104117,Courtney Grace Sippel,0,Sippel to Mandhana,Sydney Thunder Women,5639,ST-W,597806,70132,Smriti Mandhana,2,2,2,FALSE,FALSE,ON_THE_STUMPS,FULL,LEG_GLANCE,1,30,154,7,0,0,0,0,0,0,NA,NA,NA,NA,NA,NA,NA,FALSE,1,0,0,0,powerplay,0.4977,1.0441,204.7898579684719,WBBL_2021_2021-11-19_ST-W_BH-W
1269105,2021,T20,WBBL,WBBL,male,Adelaide Oval,2021-11-20,2021-11-19T22:45:57.000Z,1,35333940,0.01,0.1,1,1,128,0,0,0,0,Perth Scorchers Women,5643,PS-W,351836,56998,Marizanne Kapp,0,Kapp to Villani,Melbourne Stars Women,5637,MS-W,275442,50914,Elyse Villani,0,0,0,FALSE,FALSE,OUTSIDE_OFFSTUMP,GOOD_LENGTH,DEFENDED,2,0,0,0,0,0,0,0,0,0,NA,NA,NA,NA,NA,NA,NA,FALSE,1,0,1,0,powerplay,0.4969,1.0441,172.58161760664717,WBBL_2021_2021-11-20_MS-W_PS-W
1269106,2021,T20,WBBL,WBBL,male,Adelaide Oval,2021-11-20,2021-11-20T02:10:47.000Z,1,35334386,0.01,0.1,1,1,118,1,6,0,0,Adelaide Strikers Women,5647,AS-W,420314,60446,Megan Schutt,0,Schutt to Healy,Sydney Sixers Women,5641,SS-W,275486,50926,Alyssa Healy,0,1,0,FALSE,FALSE,ON_THE_STUMPS,GOOD_LENGTH,LEG_GLANCE,NA,0,0,0,0,0,1,0,0,1,NA,NA,NA,NA,NA,NA,NA,FALSE,1,0,0,0,powerplay,0.4995,1.0441,175.30335349083452,WBBL_2021_2021-11-20_SS-W_AS-W
1269107,2021,T20,WBBL,WBBL,male,"Ray Mitchell Oval, Harrup Park, Mackay",2021-11-20,2021-11-20T04:41:03.000Z,1,35334904,0.01,0.1,1,1,121,0,0,0,0,Sydney Thunder Women,5639,ST-W,1146066,102297,Issy Wong,0,Wong to Priest,Hobart Hurricanes Women,5649,HH-W,231305,49069,Rachel Priest,0,0,0,FALSE,FALSE,OUTSIDE_OFFSTUMP,SHORT_OF_A_GOOD_LENGTH,LEFT_ALONE,1,0,0,0,0,0,0,0,0,0,NA,NA,NA,NA,NA,NA,NA,FALSE,1,0,1,0,powerplay,0.4969,1.0441,163.21394859893968,WBBL_2021_2021-11-20_HH-W_ST-W
1269108,2021,T20,WBBL,WBBL,male,"Ray Mitchell Oval, Harrup Park, Mackay",2021-11-20,2021-11-20T08:06:32.000Z,1,35341403,0.01,0.1,1,1,122,1,6,0,0,Melbourne Renegades Women,5645,MR-W,944373,87729,Sophie Molineux,0,Molineux to Harris,Brisbane Heat Women,5635,BH-W,381268,58694,Grace Harris,0,1,0,FALSE,FALSE,ON_THE_STUMPS,GOOD_LENGTH,LEFT_ALONE,1,0,0,0,0,0,1,0,0,1,NA,NA,NA,NA,NA,NA,NA,FALSE,1,0,0,0,powerplay,0.496,1.0441,180.65630720952453,WBBL_2021_2021-11-20_BH-W_MR-W
1269109,2021,T20,WBBL,WBBL,male,Adelaide Oval,2021-11-21,2021-11-20T23:15:39.000Z,1,35349428,0.01,0.1,1,1,123,1,6,0,0,Perth Scorchers Women,5643,PS-W,351836,56998,Marizanne Kapp,0,Kapp to Shafali Verma,Sydney Sixers Women,5641,SS-W,1182523,105213,Shafali Verma,1,1,1,FALSE,FALSE,WIDE_OUTSIDE_OFFSTUMP,SHORT_OF_A_GOOD_LENGTH,CUT_SHOT,1,48,98,7,0,0,0,0,0,0,NA,NA,NA,NA,NA,NA,NA,FALSE,1,0,0,0,powerplay,0.496,1.0441,181.99454563919704,WBBL_2021_2021-11-21_SS-W_PS-W
1269110,2021,T20,WBBL,WBBL,male,Adelaide Oval,2021-11-21,NA,1,35349857,0.01,0.1,1,1,126,0,0,0,0,Melbourne Stars Women,5637,MS-W,418423,60360,Kim Garth,0,Garth to Mack,Adelaide Strikers Women,5647,AS-W,678831,72533,Katie Mack,0,0,0,FALSE,FALSE,OUTSIDE_OFFSTUMP,GOOD_LENGTH,DEFENDED,1,182,189,4,0,0,0,0,0,0,NA,NA,NA,NA,NA,NA,NA,FALSE,1,0,1,0,powerplay,0.4969,1.0441,169.90514074730217,WBBL_2021_2021-11-21_AS-W_MS-W
1269111,2021,T20,WBBL,WBBL,male,Adelaide Oval,2021-11-24,2021-11-24T08:11:07.000Z,1,35487583,0.01,0.1,1,1,127,2,12,0,0,Adelaide Strikers Women,5647,AS-W,420314,60446,Megan Schutt,0,Schutt to Harris,Brisbane Heat Women,5635,BH-W,381268,58694,Grace Harris,2,2,2,FALSE,FALSE,OUTSIDE_OFFSTUMP,FULL_TOSS,ON_DRIVE,1,101,312,5,0,0,0,0,0,0,NA,NA,NA,NA,NA,NA,NA,FALSE,1,0,0,0,powerplay,0.4977,1.0441,203.45161953879938,WBBL_2021_2021-11-24_BH-W_AS-W
1269112,2021,T20,WBBL,WBBL,male,Adelaide Oval,2021-11-25,2021-11-25T08:11:19.000Z,1,35521465,0.01,0.1,1,1,120,0,0,0,1,Adelaide Strikers Women,5647,AS-W,420314,60446,Megan Schutt,1,Schutt to Dooley,Melbourne Renegades Women,5645,MR-W,1126066,101452,Josephine Dooley,0,0,0,FALSE,FALSE,OUTSIDE_OFFSTUMP,FULL,STRAIGHT_DRIVE,2,0,0,0,0,0,0,0,0,0,1126066,101452,Josephine Dooley,2,bowled, b Schutt,Josephine Dooley b Schutt 0 (1b 0x4 0x6 1m) SR: 0,TRUE,1,0,1,0,powerplay,0.4616,1.0441,159.33283908148528,WBBL_2021_2021-11-25_MR-W_AS-W
1269113,2021,T20,WBBL,WBBL,male,Perth Stadium,2021-11-27,2021-11-27T08:11:02.000Z,1,35533360,0.01,0.1,1,1,126,0,0,0,0,Adelaide Strikers Women,5647,AS-W,420314,60446,Megan Schutt,0,Schutt to Devine,Perth Scorchers Women,5643,PS-W,231740,49081,Sophie Devine,0,0,0,FALSE,FALSE,OUTSIDE_OFFSTUMP,GOOD_LENGTH,DEFENDED,1,170,186,5,0,0,0,0,0,0,NA,NA,NA,NA,NA,NA,NA,FALSE,1,0,1,0,powerplay,0.4969,1.0441,169.90514074730217,WBBL_2021_2021-11-27_PS-W_AS-W
1226906,2020,T20,WBBL,WBBL,male,"Hurstville Oval, Sydney",2020-10-25,NA,1,33054348,0.01,0.1,1,1,104,1,6,0,0,Adelaide Strikers Women,5647,AS-W,420314,60446,Megan Schutt,0,Schutt to Priest,Hobart Hurricanes Women,5649,HH-W,231305,49069,Rachel Priest,0,1,0,FALSE,FALSE,NA,NA,NA,NA,0,0,0,0,0,1,0,0,1,NA,NA,NA,NA,NA,NA,NA,FALSE,1,0,0,0,powerplay,0.5088,1.0441,156.56801547541954,WBBL_2020_2020-10-25_HH-W_AS-W
1226908,2020,T20,WBBL,WBBL,male,"North Sydney Oval, Sydney",2020-10-25,NA,1,33054327,0.01,0.1,1,1,121,0,0,0,0,Brisbane Heat Women,5635,BH-W,767597,77297,Nicola Hancock,0,Hancock to Devine,Perth Scorchers Women,5643,PS-W,231740,49081,Sophie Devine,0,0,0,FALSE,FALSE,NA,NA,NA,NA,0,0,0,0,0,0,0,0,0,NA,NA,NA,NA,NA,NA,NA,FALSE,1,0,1,0,powerplay,0.4969,1.0441,163.21394859893968,WBBL_2020_2020-10-25_PS-W_BH-W
1226912,2020,T20,WBBL,WBBL,male,"North Sydney Oval, Sydney",2020-10-26,NA,1,33063898,0.01,0.1,1,1,60,1,6,0,0,Sydney Sixers Women,5641,SS-W,351836,56998,Marizanne Kapp,0,Kapp to McGrath,Adelaide Strikers Women,5647,AS-W,381311,58717,Tahlia McGrath,0,1,0,FALSE,FALSE,NA,NA,NA,NA,0,0,0,0,0,1,0,0,1,NA,NA,NA,NA,NA,NA,NA,FALSE,1,0,0,0,powerplay,0.4827,1.0441,97.68552456982948,WBBL_2020_2020-10-26_AS-W_SS-W
1226913,2020,T20,WBBL,WBBL,male,Sydney Showground Stadium,2020-10-31,NA,1,33073389,0.01,0.1,1,1,124,1,6,0,0,Adelaide Strikers Women,5647,AS-W,420314,60446,Megan Schutt,0,Schutt to Trenaman,Sydney Thunder Women,5639,ST-W,1065982,95238,Rachel Trenaman,0,1,0,FALSE,FALSE,NA,NA,NA,NA,0,0,0,0,0,1,0,0,1,NA,NA,NA,NA,NA,NA,NA,FALSE,1,0,0,0,powerplay,0.496,1.0441,183.33278406886956,WBBL_2020_2020-10-31_ST-W_AS-W
1226914,2020,T20,WBBL,WBBL,male,"Drummoyne Oval, Sydney",2020-10-31,NA,1,33074027,0.01,0.1,1,1,124,0,0,0,0,Perth Scorchers Women,5643,PS-W,267611,50306,Nicole Bolton,0,Bolton to Lee,Melbourne Renegades Women,5645,MR-W,483484,63771,Lizelle Lee,0,0,0,FALSE,FALSE,NA,NA,NA,NA,0,0,0,0,0,0,0,0,0,NA,NA,NA,NA,NA,NA,NA,FALSE,1,0,1,0,powerplay,0.4969,1.0441,167.22866388795717,WBBL_2020_2020-10-31_MR-W_PS-W
1226918,2020,T20,WBBL,WBBL,male,Sydney Showground Stadium,2020-11-01,NA,1,33076007,0.01,0.1,1,1,77,0,0,0,0,Brisbane Heat Women,5635,BH-W,792417,78771,Georgia Prestwidge,0,Prestwidge to Trenaman,Sydney Thunder Women,5639,ST-W,1065982,95238,Rachel Trenaman,0,0,0,FALSE,FALSE,NA,NA,NA,NA,0,0,0,0,0,0,0,0,0,NA,NA,NA,NA,NA,NA,NA,FALSE,1,0,1,0,powerplay,0.494,1.0441,104.33145769334963,WBBL_2020_2020-11-01_ST-W_BH-W
1226919,2020,T20,WBBL,WBBL,male,Sydney Showground Stadium,2020-11-01,NA,1,33076827,0.01,0.1,1,1,110,4,24,0,0,Sydney Sixers Women,5641,SS-W,351836,56998,Marizanne Kapp,0,Kapp to Lee,Melbourne Renegades Women,5645,MR-W,483484,63771,Lizelle Lee,4,4,4,TRUE,FALSE,NA,NA,NA,NA,0,0,0,0,0,0,0,0,0,NA,NA,NA,NA,NA,NA,NA,FALSE,1,1,0,0,powerplay,0.506,1.0441,212.9098065961916,WBBL_2020_2020-11-01_MR-W_SS-W
1226920,2020,T20,WBBL,WBBL,male,"Drummoyne Oval, Sydney",2020-11-01,NA,1,33077098,0.01,0.1,1,1,119,1,6,0,0,Melbourne Stars Women,5637,MS-W,53906,48022,Katherine Sciver-Brunt,0,K Sciver-Brunt to Stalenberg,Hobart Hurricanes Women,5649,HH-W,592588,69222,Naomi Stalenberg,0,1,0,FALSE,FALSE,NA,NA,NA,NA,0,0,0,0,0,1,0,0,1,NA,NA,NA,NA,NA,NA,NA,FALSE,1,0,0,0,powerplay,0.4995,1.0441,176.64159192050704,WBBL_2020_2020-11-01_HH-W_MS-W
1226921,2020,T20,WBBL,WBBL,male,"Blacktown International Sportspark, Sydney",2020-11-03,NA,1,33081553,0.01,0.1,1,1,121,1,6,0,0,Hobart Hurricanes Women,5649,HH-W,944417,87735,Belinda Vakarewa,0,Vakarewa to Lee,Melbourne Renegades Women,5645,MR-W,483484,63771,Lizelle Lee,0,1,0,FALSE,FALSE,NA,NA,NA,NA,0,0,0,0,1,0,0,0,1,NA,NA,NA,NA,NA,NA,NA,FALSE,1,0,0,0,powerplay,0.496,1.0441,179.31806877985207,WBBL_2020_2020-11-03_MR-W_HH-W
1226922,2020,T20,WBBL,WBBL,male,"Blacktown International Sportspark, Sydney",2020-11-03,NA,1,33081846,0.01,0.1,1,1,131,0,0,0,0,Melbourne Stars Women,5637,MS-W,53906,48022,Katherine Sciver-Brunt,0,K Sciver-Brunt to McGrath,Adelaide Strikers Women,5647,AS-W,381311,58717,Tahlia McGrath,0,0,0,FALSE,FALSE,NA,NA,NA,NA,0,0,0,0,0,0,0,0,0,NA,NA,NA,NA,NA,NA,NA,FALSE,1,0,1,0,powerplay,0.4969,1.0441,176.59633289566466,WBBL_2020_2020-11-03_AS-W_MS-W
1226923,2020,T20,WBBL,WBBL,male,"Blacktown International Sportspark, Sydney",2020-11-04,NA,1,33082902,0.01,0.1,1,1,124,0,0,0,0,Perth Scorchers Women,5643,PS-W,885837,83071,Sarah Glenn,0,Glenn to Beaumont,Sydney Thunder Women,5639,ST-W,297074,52145,Tammy Beaumont,0,0,0,FALSE,FALSE,NA,NA,NA,NA,0,0,0,0,0,0,0,0,0,NA,NA,NA,NA,NA,NA,NA,FALSE,1,0,1,0,powerplay,0.4969,1.0441,167.22866388795717,WBBL_2020_2020-11-04_ST-W_PS-W
1226924,2020,T20,WBBL,WBBL,male,"Blacktown International Sportspark, Sydney",2020-11-04,NA,1,33083159,0.01,0.1,1,1,126,1,6,0,0,Brisbane Heat Women,5635,BH-W,792417,78771,Georgia Prestwidge,0,Prestwidge to Perry,Sydney Sixers Women,5641,SS-W,275487,50927,Ellyse Perry,1,1,1,FALSE,FALSE,NA,NA,NA,NA,0,0,0,0,0,0,0,0,0,NA,NA,NA,NA,NA,NA,NA,FALSE,1,0,0,0,powerplay,0.496,1.0441,186.00926092821453,WBBL_2020_2020-11-04_SS-W_BH-W
1226925,2020,T20,WBBL,WBBL,male,"North Sydney Oval, Sydney",2020-11-07,NA,1,33088358,0.01,0.1,1,1,129,0,0,0,0,Brisbane Heat Women,5635,BH-W,792417,78771,Georgia Prestwidge,0,Prestwidge to McGrath,Adelaide Strikers Women,5647,AS-W,381311,58717,Tahlia McGrath,0,0,0,FALSE,FALSE,NA,NA,NA,NA,0,0,0,0,0,0,0,0,0,NA,NA,NA,NA,NA,NA,NA,FALSE,1,0,1,0,powerplay,0.4969,1.0441,173.9198560363197,WBBL_2020_2020-11-07_AS-W_BH-W
1226926,2020,T20,WBBL,WBBL,male,"Hurstville Oval, Sydney",2020-11-07,NA,1,33088706,0.01,0.1,1,1,122,0,0,0,0,Sydney Thunder Women,5639,ST-W,542229,66949,Sammy-Jo Johnson,0,Johnson to Lee,Melbourne Renegades Women,5645,MR-W,483484,63771,Lizelle Lee,0,0,0,FALSE,FALSE,NA,NA,NA,NA,0,0,0,0,0,0,0,0,0,NA,NA,NA,NA,NA,NA,NA,FALSE,1,0,1,0,powerplay,0.4969,1.0441,164.55218702861217,WBBL_2020_2020-11-07_MR-W_ST-W
1226927,2020,T20,WBBL,WBBL,male,"North Sydney Oval, Sydney",2020-11-07,NA,1,33089066,0.01,0.1,1,1,126,0,0,0,0,Hobart Hurricanes Women,5649,HH-W,944417,87735,Belinda Vakarewa,0,Vakarewa to Healy,Sydney Sixers Women,5641,SS-W,275486,50926,Alyssa Healy,0,0,0,FALSE,FALSE,NA,NA,NA,NA,0,0,0,0,0,0,0,0,0,NA,NA,NA,NA,NA,NA,NA,FALSE,1,0,1,0,powerplay,0.4969,1.0441,169.90514074730217,WBBL_2020_2020-11-07_SS-W_HH-W
1226928,2020,T20,WBBL,WBBL,male,"North Sydney Oval, Sydney",2020-11-07,NA,1,33089562,0.01,0.1,1,1,124,0,0,0,0,Melbourne Stars Women,5637,MS-W,515905,65350,Nat Sciver-Brunt,0,Nat Sciver-Brunt to Mooney,Perth Scorchers Women,5643,PS-W,381258,58687,Beth Mooney,0,0,0,FALSE,FALSE,NA,NA,NA,NA,0,0,0,0,0,0,0,0,0,NA,NA,NA,NA,NA,NA,NA,FALSE,1,0,1,0,powerplay,0.4969,1.0441,167.22866388795717,WBBL_2020_2020-11-07_PS-W_MS-W
1226929,2020,T20,WBBL,WBBL,male,"Hurstville Oval, Sydney",2020-11-08,NA,1,33090290,0.01,0.1,1,1,124,2,12,0,0,Hobart Hurricanes Women,5649,HH-W,944417,87735,Belinda Vakarewa,0,Vakarewa to Beaumont,Sydney Thunder Women,5639,ST-W,297074,52145,Tammy Beaumont,2,2,2,FALSE,FALSE,NA,NA,NA,NA,0,0,0,0,0,0,0,0,0,NA,NA,NA,NA,NA,NA,NA,FALSE,1,0,0,0,powerplay,0.4977,1.0441,199.4369042497819,WBBL_2020_2020-11-08_ST-W_HH-W
1226930,2020,T20,WBBL,WBBL,male,"North Sydney Oval, Sydney",2020-11-08,NA,1,33090369,0.01,0.1,1,1,120,1,6,0,0,Melbourne Renegades Women,5645,MR-W,1071702,95772,Carly Leeson,0,Leeson to McGrath,Adelaide Strikers Women,5647,AS-W,381311,58717,Tahlia McGrath,1,1,1,FALSE,FALSE,NA,NA,NA,NA,0,0,0,0,0,0,0,0,0,NA,NA,NA,NA,NA,NA,NA,FALSE,1,0,0,0,powerplay,0.496,1.0441,177.97983035017955,WBBL_2020_2020-11-08_AS-W_MR-W
1226931,2020,T20,WBBL,WBBL,male,"North Sydney Oval, Sydney",2020-11-08,NA,1,33091367,0.01,0.1,1,1,123,0,0,0,0,Brisbane Heat Women,5635,BH-W,374936,58245,Jess Jonassen,0,Jonassen to Villani,Melbourne Stars Women,5637,MS-W,275442,50914,Elyse Villani,0,0,0,FALSE,FALSE,NA,NA,NA,NA,0,0,0,0,0,0,0,0,0,NA,NA,NA,NA,NA,NA,NA,FALSE,1,0,1,0,powerplay,0.4969,1.0441,165.89042545828465,WBBL_2020_2020-11-08_MS-W_BH-W
1226932,2020,T20,WBBL,WBBL,male,"Hurstville Oval, Sydney",2020-11-08,NA,1,33091569,0.01,0.1,1,1,126,1,6,0,0,Sydney Sixers Women,5641,SS-W,351836,56998,Marizanne Kapp,0,Kapp to Devine,Perth Scorchers Women,5643,PS-W,231740,49081,Sophie Devine,0,1,0,FALSE,FALSE,NA,NA,NA,NA,0,0,0,0,0,1,0,0,1,NA,NA,NA,NA,NA,NA,NA,FALSE,1,0,0,0,powerplay,0.496,1.0441,186.00926092821453,WBBL_2020_2020-11-08_PS-W_SS-W
1226933,2020,T20,WBBL,WBBL,male,"Blacktown International Sportspark, Sydney",2020-11-10,NA,1,33096722,0.01,0.1,1,1,123,0,0,0,0,Melbourne Stars Women,5637,MS-W,53906,48022,Katherine Sciver-Brunt,0,K Sciver-Brunt to McGrath,Adelaide Strikers Women,5647,AS-W,381311,58717,Tahlia McGrath,0,0,0,FALSE,FALSE,NA,NA,NA,NA,0,0,0,0,0,0,0,0,0,NA,NA,NA,NA,NA,NA,NA,FALSE,1,0,1,0,powerplay,0.4969,1.0441,165.89042545828465,WBBL_2020_2020-11-10_AS-W_MS-W
1226934,2020,T20,WBBL,WBBL,male,"Blacktown International Sportspark, Sydney",2020-11-10,NA,1,33097993,0.01,0.1,1,1,122,4,24,0,0,Melbourne Renegades Women,5645,MR-W,1071702,95772,Carly Leeson,0,Leeson to Stalenberg,Hobart Hurricanes Women,5649,HH-W,592588,69222,Naomi Stalenberg,4,4,4,TRUE,FALSE,NA,NA,NA,NA,0,0,0,0,0,0,0,0,0,NA,NA,NA,NA,NA,NA,NA,FALSE,1,1,0,0,powerplay,0.4986,1.0441,228.9686677522616,WBBL_2020_2020-11-10_HH-W_MR-W
1226935,2020,T20,WBBL,WBBL,male,"Blacktown International Sportspark, Sydney",2020-11-11,NA,1,33099432,0.01,0.1,1,1,121,0,0,0,0,Perth Scorchers Women,5643,PS-W,267611,50306,Nicole Bolton,0,Bolton to Healy,Sydney Sixers Women,5641,SS-W,275486,50926,Alyssa Healy,0,0,0,FALSE,FALSE,NA,NA,NA,NA,0,0,0,0,0,0,0,0,0,NA,NA,NA,NA,NA,NA,NA,FALSE,1,0,1,0,powerplay,0.4969,1.0441,163.21394859893968,WBBL_2020_2020-11-11_SS-W_PS-W
1226936,2020,T20,WBBL,WBBL,male,"Blacktown International Sportspark, Sydney",2020-11-11,NA,1,33100327,0.01,0.1,1,1,126,1,6,0,0,Brisbane Heat Women,5635,BH-W,792417,78771,Georgia Prestwidge,0,Prestwidge to Beaumont,Sydney Thunder Women,5639,ST-W,297074,52145,Tammy Beaumont,0,1,0,FALSE,FALSE,NA,NA,NA,NA,0,0,0,0,0,1,0,0,1,NA,NA,NA,NA,NA,NA,NA,FALSE,1,0,0,0,powerplay,0.496,1.0441,186.00926092821453,WBBL_2020_2020-11-11_ST-W_BH-W
1226937,2020,T20,WBBL,WBBL,male,Sydney Showground Stadium,2020-11-14,NA,1,33101423,0.01,0.1,1,1,124,1,6,0,0,Perth Scorchers Women,5643,PS-W,267611,50306,Nicole Bolton,0,Bolton to Molineux,Melbourne Renegades Women,5645,MR-W,944373,87729,Sophie Molineux,0,1,0,FALSE,FALSE,NA,NA,NA,NA,0,0,0,0,1,0,0,0,1,NA,NA,NA,NA,NA,NA,NA,FALSE,1,0,0,0,powerplay,0.496,1.0441,183.33278406886956,WBBL_2020_2020-11-14_MR-W_PS-W
1226938,2020,T20,WBBL,WBBL,male,"Drummoyne Oval, Sydney",2020-11-14,NA,1,33102150,0.01,0.1,1,1,122,0,0,0,0,Adelaide Strikers Women,5647,AS-W,420314,60446,Megan Schutt,0,Schutt to Redmayne,Brisbane Heat Women,5635,BH-W,381197,58674,Georgia Redmayne,0,0,0,FALSE,FALSE,NA,NA,NA,NA,0,0,0,0,0,0,0,0,0,NA,NA,NA,NA,NA,NA,NA,FALSE,1,0,1,0,powerplay,0.4969,1.0441,164.55218702861217,WBBL_2020_2020-11-14_BH-W_AS-W
1226939,2020,T20,WBBL,WBBL,male,Sydney Showground Stadium,2020-11-14,NA,1,33102599,0.01,0.1,1,1,121,0,0,0,0,Hobart Hurricanes Women,5649,HH-W,944417,87735,Belinda Vakarewa,0,Vakarewa to Perry,Sydney Sixers Women,5641,SS-W,275487,50927,Ellyse Perry,0,0,0,FALSE,FALSE,NA,NA,NA,NA,0,0,0,0,0,0,0,0,0,NA,NA,NA,NA,NA,NA,NA,FALSE,1,0,1,0,powerplay,0.4969,1.0441,163.21394859893968,WBBL_2020_2020-11-14_SS-W_HH-W
1226940,2020,T20,WBBL,WBBL,male,Sydney Showground Stadium,2020-11-14,NA,1,33103070,0.01,0.1,1,1,123,1,6,0,0,Melbourne Stars Women,5637,MS-W,53906,48022,Katherine Sciver-Brunt,0,K Sciver-Brunt to Beaumont,Sydney Thunder Women,5639,ST-W,297074,52145,Tammy Beaumont,1,1,1,FALSE,FALSE,NA,NA,NA,NA,0,0,0,0,0,0,0,0,0,NA,NA,NA,NA,NA,NA,NA,FALSE,1,0,0,0,powerplay,0.496,1.0441,181.99454563919704,WBBL_2020_2020-11-14_ST-W_MS-W
1226941,2020,T20,WBBL,WBBL,male,"Drummoyne Oval, Sydney",2020-11-15,NA,1,33104056,0.01,0.1,1,1,123,0,0,0,0,Sydney Sixers Women,5641,SS-W,351836,56998,Marizanne Kapp,0,Kapp to McGrath,Adelaide Strikers Women,5647,AS-W,381311,58717,Tahlia McGrath,0,0,0,FALSE,FALSE,NA,NA,NA,NA,0,0,0,0,0,0,0,0,0,NA,NA,NA,NA,NA,NA,NA,FALSE,1,0,1,0,powerplay,0.4969,1.0441,165.89042545828465,WBBL_2020_2020-11-15_AS-W_SS-W
1226942,2020,T20,WBBL,WBBL,male,"Drummoyne Oval, Sydney",2020-11-15,NA,1,33106021,0.01,0.1,1,1,112,1,6,0,0,Brisbane Heat Women,5635,BH-W,263473,50106,Delissa Kimmince,0,Kimmince to Stalenberg,Hobart Hurricanes Women,5649,HH-W,592588,69222,Naomi Stalenberg,0,1,0,FALSE,FALSE,NA,NA,NA,NA,0,0,0,0,0,1,0,0,1,NA,NA,NA,NA,NA,NA,NA,FALSE,1,0,0,0,powerplay,0.5012,1.0441,167.27392291279955,WBBL_2020_2020-11-15_HH-W_BH-W
1226943,2020,T20,WBBL,WBBL,male,Sydney Showground Stadium,2020-11-15,NA,1,33104405,0.01,0.1,1,1,122,0,0,0,0,Sydney Thunder Women,5639,ST-W,276997,51038,Shabnim Ismail,0,Ismail to Devine,Perth Scorchers Women,5643,PS-W,231740,49081,Sophie Devine,0,0,0,FALSE,FALSE,NA,NA,NA,NA,0,0,0,0,0,0,0,0,0,NA,NA,NA,NA,NA,NA,NA,FALSE,1,0,1,0,powerplay,0.4969,1.0441,164.55218702861217,WBBL_2020_2020-11-15_PS-W_ST-W
1226944,2020,T20,WBBL,WBBL,male,Sydney Showground Stadium,2020-11-15,NA,1,33105803,0.01,0.1,1,1,123,0,0,0,0,Melbourne Renegades Women,5645,MR-W,944373,87729,Sophie Molineux,0,Molineux to Villani,Melbourne Stars Women,5637,MS-W,275442,50914,Elyse Villani,0,0,0,FALSE,FALSE,NA,NA,NA,NA,0,0,0,0,0,0,0,0,0,NA,NA,NA,NA,NA,NA,NA,FALSE,1,0,1,0,powerplay,0.4969,1.0441,165.89042545828465,WBBL_2020_2020-11-15_MS-W_MR-W
1226945,2020,T20,WBBL,WBBL,male,"Hurstville Oval, Sydney",2020-11-17,NA,1,33109605,0.01,0.1,1,1,121,0,0,0,0,Hobart Hurricanes Women,5649,HH-W,944417,87735,Belinda Vakarewa,0,Vakarewa to McGrath,Adelaide Strikers Women,5647,AS-W,381311,58717,Tahlia McGrath,0,0,0,FALSE,FALSE,NA,NA,NA,NA,0,0,0,0,0,0,0,0,0,NA,NA,NA,NA,NA,NA,NA,FALSE,1,0,1,0,powerplay,0.4969,1.0441,163.21394859893968,WBBL_2020_2020-11-17_AS-W_HH-W
1226946,2020,T20,WBBL,WBBL,male,Sydney Showground Stadium,2020-11-17,NA,1,33110898,0.01,0.1,1,1,120,0,0,0,0,Brisbane Heat Women,5635,BH-W,792417,78771,Georgia Prestwidge,0,Prestwidge to Healy,Sydney Sixers Women,5641,SS-W,275486,50926,Alyssa Healy,0,0,0,FALSE,FALSE,NA,NA,NA,NA,0,0,0,0,0,0,0,0,0,NA,NA,NA,NA,NA,NA,NA,FALSE,1,0,1,0,powerplay,0.4969,1.0441,161.87571016926717,WBBL_2020_2020-11-17_SS-W_BH-W
1226947,2020,T20,WBBL,WBBL,male,"Hurstville Oval, Sydney",2020-11-17,NA,1,33110907,0.01,0.1,1,1,123,0,0,0,0,Perth Scorchers Women,5643,PS-W,885837,83071,Sarah Glenn,0,Glenn to Villani,Melbourne Stars Women,5637,MS-W,275442,50914,Elyse Villani,0,0,0,FALSE,FALSE,NA,NA,NA,NA,0,0,0,0,0,0,0,0,0,NA,NA,NA,NA,NA,NA,NA,FALSE,1,0,1,0,powerplay,0.4969,1.0441,165.89042545828465,WBBL_2020_2020-11-17_MS-W_PS-W
1226948,2020,T20,WBBL,WBBL,male,Sydney Showground Stadium,2020-11-17,NA,1,33111704,0.01,0.1,1,1,122,0,0,0,0,Sydney Thunder Women,5639,ST-W,276997,51038,Shabnim Ismail,0,Ismail to Lee,Melbourne Renegades Women,5645,MR-W,483484,63771,Lizelle Lee,0,0,0,FALSE,FALSE,NA,NA,NA,NA,0,0,0,0,0,0,0,0,0,NA,NA,NA,NA,NA,NA,NA,FALSE,1,0,1,0,powerplay,0.4969,1.0441,164.55218702861217,WBBL_2020_2020-11-17_MR-W_ST-W
1226949,2020,T20,WBBL,WBBL,male,"Hurstville Oval, Sydney",2020-11-18,NA,1,33112194,0.01,0.1,1,1,124,1,6,0,0,Brisbane Heat Women,5635,BH-W,263473,50106,Delissa Kimmince,0,Kimmince to Mooney,Perth Scorchers Women,5643,PS-W,381258,58687,Beth Mooney,0,1,0,FALSE,FALSE,NA,NA,NA,NA,0,0,0,0,0,1,0,0,1,NA,NA,NA,NA,NA,NA,NA,FALSE,1,0,0,0,powerplay,0.496,1.0441,183.33278406886956,WBBL_2020_2020-11-18_PS-W_BH-W
1226950,2020,T20,WBBL,WBBL,male,Sydney Showground Stadium,2020-11-18,NA,1,33112457,0.01,0.1,1,1,119,0,0,0,0,Melbourne Renegades Women,5645,MR-W,380929,58588,Lea Tahuhu,0,Tahuhu to McGrath,Adelaide Strikers Women,5647,AS-W,381311,58717,Tahlia McGrath,0,0,0,FALSE,FALSE,NA,NA,NA,NA,0,0,0,0,0,0,0,0,0,NA,NA,NA,NA,NA,NA,NA,FALSE,1,0,1,0,powerplay,0.5004,1.0441,160.53747173959465,WBBL_2020_2020-11-18_AS-W_MR-W
1226951,2020,T20,WBBL,WBBL,male,"Hurstville Oval, Sydney",2020-11-18,NA,1,33112458,0.01,0.1,1,1,124,4,24,0,0,Hobart Hurricanes Women,5649,HH-W,944417,87735,Belinda Vakarewa,0,Vakarewa to Villani,Melbourne Stars Women,5637,MS-W,275442,50914,Elyse Villani,4,4,4,TRUE,FALSE,NA,NA,NA,NA,0,0,0,0,0,0,0,0,0,NA,NA,NA,NA,NA,NA,NA,FALSE,1,1,0,0,powerplay,0.4986,1.0441,231.6451446116066,WBBL_2020_2020-11-18_MS-W_HH-W
1226952,2020,T20,WBBL,WBBL,male,Sydney Showground Stadium,2020-11-18,NA,1,33112964,0.01,0.1,1,1,120,4,24,0,0,Sydney Thunder Women,5639,ST-W,542229,66949,Sammy-Jo Johnson,0,Johnson to Healy,Sydney Sixers Women,5641,SS-W,275486,50926,Alyssa Healy,4,4,4,TRUE,FALSE,NA,NA,NA,NA,0,0,0,0,0,0,0,0,0,NA,NA,NA,NA,NA,NA,NA,FALSE,1,1,0,0,powerplay,0.4986,1.0441,226.2921908929166,WBBL_2020_2020-11-18_SS-W_ST-W
1226953,2020,T20,WBBL,WBBL,male,"Drummoyne Oval, Sydney",2020-11-21,NA,1,33113848,0.01,0.1,1,1,123,1,6,0,0,Brisbane Heat Women,5635,BH-W,263473,50106,Delissa Kimmince,0,Kimmince to Villani,Melbourne Stars Women,5637,MS-W,275442,50914,Elyse Villani,1,1,1,FALSE,FALSE,NA,NA,NA,NA,0,0,0,0,0,0,0,0,0,NA,NA,NA,NA,NA,NA,NA,FALSE,1,0,0,0,powerplay,0.496,1.0441,181.99454563919704,WBBL_2020_2020-11-21_MS-W_BH-W
1226954,2020,T20,WBBL,WBBL,male,"Drummoyne Oval, Sydney",2020-11-21,NA,1,33114456,0.01,0.1,1,1,122,0,0,0,0,Sydney Thunder Women,5639,ST-W,276997,51038,Shabnim Ismail,0,Ismail to McGrath,Adelaide Strikers Women,5647,AS-W,381311,58717,Tahlia McGrath,0,0,0,FALSE,FALSE,NA,NA,NA,NA,0,0,0,0,0,0,0,0,0,NA,NA,NA,NA,NA,NA,NA,FALSE,1,0,1,0,powerplay,0.4969,1.0441,164.55218702861217,WBBL_2020_2020-11-21_AS-W_ST-W
1226955,2020,T20,WBBL,WBBL,male,"North Sydney Oval, Sydney",2020-11-21,NA,1,33114675,0.01,0.1,1,1,124,0,0,0,0,Perth Scorchers Women,5643,PS-W,267611,50306,Nicole Bolton,0,Bolton to Priest,Hobart Hurricanes Women,5649,HH-W,231305,49069,Rachel Priest,0,0,0,FALSE,FALSE,NA,NA,NA,NA,0,0,0,0,0,0,0,0,0,NA,NA,NA,NA,NA,NA,NA,FALSE,1,0,1,0,powerplay,0.4969,1.0441,167.22866388795717,WBBL_2020_2020-11-21_HH-W_PS-W
1226956,2020,T20,WBBL,WBBL,male,"North Sydney Oval, Sydney",2020-11-21,NA,1,33115089,0.01,0.1,1,1,125,1,6,0,0,Melbourne Renegades Women,5645,MR-W,380929,58588,Lea Tahuhu,0,Tahuhu to Healy,Sydney Sixers Women,5641,SS-W,275486,50926,Alyssa Healy,1,1,1,FALSE,FALSE,NA,NA,NA,NA,0,0,0,0,0,0,0,0,0,NA,NA,NA,NA,NA,NA,NA,FALSE,1,0,0,0,powerplay,0.496,1.0441,184.67102249854207,WBBL_2020_2020-11-21_SS-W_MR-W
1226957,2020,T20,WBBL,WBBL,male,"Drummoyne Oval, Sydney",2020-11-22,NA,1,33115868,0.01,0.1,1,1,124,1,6,0,0,Sydney Thunder Women,5639,ST-W,276997,51038,Shabnim Ismail,0,Ismail to Priest,Hobart Hurricanes Women,5649,HH-W,231305,49069,Rachel Priest,1,1,1,FALSE,FALSE,NA,NA,NA,NA,0,0,0,0,0,0,0,0,0,NA,NA,NA,NA,NA,NA,NA,FALSE,1,0,0,0,powerplay,0.496,1.0441,183.33278406886956,WBBL_2020_2020-11-22_HH-W_ST-W
1226958,2020,T20,WBBL,WBBL,male,"North Sydney Oval, Sydney",2020-11-22,NA,1,33116018,0.01,0.1,1,1,121,0,0,0,0,Perth Scorchers Women,5643,PS-W,267611,50306,Nicole Bolton,0,Bolton to McGrath,Adelaide Strikers Women,5647,AS-W,381311,58717,Tahlia McGrath,0,0,0,FALSE,FALSE,NA,NA,NA,NA,0,0,0,0,0,0,0,0,0,NA,NA,NA,NA,NA,NA,NA,FALSE,1,0,1,0,powerplay,0.4969,1.0441,163.21394859893968,WBBL_2020_2020-11-22_AS-W_PS-W
1226959,2020,T20,WBBL,WBBL,male,"North Sydney Oval, Sydney",2020-11-22,NA,1,33116705,0.01,0.1,1,1,119,0,0,0,0,Sydney Sixers Women,5641,SS-W,858811,81365,Lauren Cheatle,0,Cheatle to Villani,Melbourne Stars Women,5637,MS-W,275442,50914,Elyse Villani,0,0,0,FALSE,FALSE,NA,NA,NA,NA,0,0,0,0,0,0,0,0,0,NA,NA,NA,NA,NA,NA,NA,FALSE,1,0,1,0,powerplay,0.5004,1.0441,160.53747173959465,WBBL_2020_2020-11-22_MS-W_SS-W
1226960,2020,T20,WBBL,WBBL,male,"Drummoyne Oval, Sydney",2020-11-22,NA,1,33116712,0.01,0.1,1,1,104,0,0,0,0,Melbourne Renegades Women,5645,MR-W,1071702,95772,Carly Leeson,0,Leeson to Harris,Brisbane Heat Women,5635,BH-W,381268,58694,Grace Harris,0,0,0,FALSE,FALSE,NA,NA,NA,NA,0,0,0,0,0,0,0,0,0,NA,NA,NA,NA,NA,NA,NA,FALSE,1,0,1,0,powerplay,0.5098,1.0441,140.46389529450715,WBBL_2020_2020-11-22_BH-W_MR-W
1226961,2020,T20,WBBL,WBBL,male,"North Sydney Oval, Sydney",2020-11-25,NA,1,33118516,0.01,0.1,1,1,123,1,6,0,0,Melbourne Stars Women,5637,MS-W,53906,48022,Katherine Sciver-Brunt,0,K Sciver-Brunt to Devine,Perth Scorchers Women,5643,PS-W,231740,49081,Sophie Devine,1,1,1,FALSE,FALSE,NA,NA,NA,NA,0,0,0,0,0,0,0,0,0,NA,NA,NA,NA,NA,NA,NA,FALSE,1,0,0,0,powerplay,0.496,1.0441,181.99454563919704,WBBL_2020_2020-11-25_PS-W_MS-W
1226962,2020,T20,WBBL,WBBL,male,"North Sydney Oval, Sydney",2020-11-26,NA,1,33119361,0.01,0.1,1,1,128,0,0,0,0,Brisbane Heat Women,5635,BH-W,263473,50106,Delissa Kimmince,0,Kimmince to Beaumont,Sydney Thunder Women,5639,ST-W,297074,52145,Tammy Beaumont,0,0,0,FALSE,FALSE,NA,NA,NA,NA,0,0,0,0,0,0,0,0,0,NA,NA,NA,NA,NA,NA,NA,FALSE,1,0,1,0,powerplay,0.4969,1.0441,172.58161760664717,WBBL_2020_2020-11-26_ST-W_BH-W
1226963,2020,T20,WBBL,WBBL,male,"North Sydney Oval, Sydney",2020-11-28,NA,1,33122621,0.01,0.1,1,1,121,0,0,0,0,Sydney Thunder Women,5639,ST-W,276997,51038,Shabnim Ismail,0,Ismail to Villani,Melbourne Stars Women,5637,MS-W,275442,50914,Elyse Villani,0,0,0,FALSE,FALSE,NA,NA,NA,NA,0,0,0,0,0,0,0,0,0,NA,NA,NA,NA,NA,NA,NA,FALSE,1,0,1,0,powerplay,0.4969,1.0441,163.21394859893968,WBBL_2020_2020-11-28_MS-W_ST-W
