player,cricinfo_id,team,season,competition,total_impact,total_impact_per_ball,total_bat_impact,bat_impact_per_ball,total_bowl_impact,bowl_impact_per_ball,runs_for,balls_faced,boundaries,dots_against,sixes,non_boundary_balls_faced,non_boundary_runs_gained,wickets_lost,wickets_taken,runs_against,balls_bowled,boundaries_against,dots_bowled,bowl_economy,bowl_average,strike_rate,average,balls_total,boundary_perc_against,boundary_percentage,six_percentage,dots_bowled_percentage,dots_batted_percentage,non_boundary_strike_rate,team_abbr,logo_url,primary_color,comp_logo,comp_colour_main,comp_colour_secondary,headshot_image_url,headshot_primary_image_url,headshot_secondary_image_url
Aaliyah Alleyne,661441,Barbados Royals Women,2022,Women's Caribbean Premier League,-19.44,-0.347,-19.44,-0.347,0,0,36,56,1,31,0,59,32,3,NA,NA,0,NA,NA,NA,NA,0.643,12,56,NA,0.018,0,NA,0.554,0.542,NA,NA,NA,https://upload.wikimedia.org/wikipedia/commons/5/55/Women%27s_Caribbean_Premier_League_T20_logo.png,#252F60,#019DD5,https://www.espncricinfo.com/db/PICTURES/CMS/321600/321671.png,https://www.espncricinfo.com/db/PICTURES/CMS/321600/321671.png,https://www.espncricinfo.com/db/PICTURES/CMS/306100/306128.png
Aaliyah Alleyne,661441,Barbados Royals Women,2023,Women's Caribbean Premier League,-37.395,-0.398,-12.68,-0.528,-24.715,-0.353,16,24,0,10,0,27,16,3,1,94,70,10,23,8.057,94,0.667,5.333,94,0.143,0,0,0.329,0.417,0.593,NA,NA,NA,https://upload.wikimedia.org/wikipedia/commons/5/55/Women%27s_Caribbean_Premier_League_T20_logo.png,#252F60,#019DD5,https://www.espncricinfo.com/db/PICTURES/CMS/321600/321671.png,https://www.espncricinfo.com/db/PICTURES/CMS/321600/321671.png,https://www.espncricinfo.com/db/PICTURES/CMS/306100/306128.png
Aaliyah Alleyne,661441,Barbados Royals Women,2024,Women's Caribbean Premier League,2.95,0.038,-12.377,-0.476,15.327,0.301,16,26,2,18,1,24,6,2,4,51,51,5,23,6,12.75,0.615,8,77,0.098,0.077,0.038,0.451,0.692,0.25,NA,NA,NA,https://upload.wikimedia.org/wikipedia/commons/5/55/Women%27s_Caribbean_Premier_League_T20_logo.png,#252F60,#019DD5,https://www.espncricinfo.com/db/PICTURES/CMS/321600/321671.png,https://www.espncricinfo.com/db/PICTURES/CMS/321600/321671.png,https://www.espncricinfo.com/db/PICTURES/CMS/306100/306128.png
Afy Fletcher,355351,Barbados Royals Women,2022,Women's Caribbean Premier League,9.686,0.14,-11.236,-0.749,20.922,0.387,8,15,0,8,0,15,8,2,2,40,54,3,27,4.444,20,0.533,4,69,0.056,0,0,0.5,0.533,0.533,NA,NA,NA,https://upload.wikimedia.org/wikipedia/commons/5/55/Women%27s_Caribbean_Premier_League_T20_logo.png,#252F60,#019DD5,https://www.espncricinfo.com/db/PICTURES/CMS/320500/320593.png,https://www.espncricinfo.com/db/PICTURES/CMS/320500/320593.png,https://www.espncricinfo.com/db/PICTURES/CMS/306100/306129.png
Afy Fletcher,355351,Barbados Royals Women,2023,Women's Caribbean Premier League,17.943,0.214,-0.045,-0.045,17.988,0.217,1,1,0,0,0,1,1,NA,1,77,83,4,25,5.566,77,1,NA,84,0.048,0,0,0.301,0,1,NA,NA,NA,https://upload.wikimedia.org/wikipedia/commons/5/55/Women%27s_Caribbean_Premier_League_T20_logo.png,#252F60,#019DD5,https://www.espncricinfo.com/db/PICTURES/CMS/320500/320593.png,https://www.espncricinfo.com/db/PICTURES/CMS/320500/320593.png,https://www.espncricinfo.com/db/PICTURES/CMS/306100/306129.png
Afy Fletcher,355351,Barbados Royals Women,2024,Women's Caribbean Premier League,-16.031,-0.617,-3.394,-1.697,-12.637,-0.527,1,2,0,1,0,2,1,1,0,34,24,5,8,8.5,Inf,0.5,1,26,0.208,0,0,0.333,0.5,0.5,NA,NA,NA,https://upload.wikimedia.org/wikipedia/commons/5/55/Women%27s_Caribbean_Premier_League_T20_logo.png,#252F60,#019DD5,https://www.espncricinfo.com/db/PICTURES/CMS/320500/320593.png,https://www.espncricinfo.com/db/PICTURES/CMS/320500/320593.png,https://www.espncricinfo.com/db/PICTURES/CMS/306100/306129.png
Amanda-Jade Wellington,381305,Barbados Royals Women,2023,Women's Caribbean Premier League,60.529,0.439,14.416,0.801,46.113,0.384,31,18,5,3,0,13,11,1,9,99,120,8,56,4.95,11,1.722,31,138,0.067,0.278,0,0.467,0.167,0.846,NA,NA,NA,https://upload.wikimedia.org/wikipedia/commons/5/55/Women%27s_Caribbean_Premier_League_T20_logo.png,#252F60,#019DD5,https://www.espncricinfo.com/db/PICTURES/CMS/326400/326476.png,https://www.espncricinfo.com/db/PICTURES/CMS/326400/326476.png,https://www.espncricinfo.com/db/PICTURES/CMS/324900/324996.4.jpg
Amanda-Jade Wellington,381305,Barbados Royals Women,2024,Women's Caribbean Premier League,29.287,0.598,-0.796,-0.796,30.083,0.627,0,1,0,1,0,1,0,1,5,33,48,2,24,4.125,6.6,0,0,49,0.042,0,0,0.5,1,0,NA,NA,NA,https://upload.wikimedia.org/wikipedia/commons/5/55/Women%27s_Caribbean_Premier_League_T20_logo.png,#252F60,#019DD5,https://www.espncricinfo.com/db/PICTURES/CMS/326400/326476.png,https://www.espncricinfo.com/db/PICTURES/CMS/326400/326476.png,https://www.espncricinfo.com/db/PICTURES/CMS/324900/324996.4.jpg
Anisa Mohammed,55187,Trinbago Knight Riders Women,2022,Women's Caribbean Premier League,17.932,0.498,0,0,17.932,0.498,NA,0,NA,NA,NA,NA,NA,NA,4,26,36,0,13,4.333,6.5,NA,NA,36,0,NA,NA,0.361,NA,NA,NA,NA,NA,https://upload.wikimedia.org/wikipedia/commons/5/55/Women%27s_Caribbean_Premier_League_T20_logo.png,#252F60,#019DD5,https://www.espncricinfo.com/db/PICTURES/CMS/320500/320594.png,https://www.espncricinfo.com/db/PICTURES/CMS/320500/320594.png,https://www.espncricinfo.com/db/PICTURES/CMS/306100/306131.png
Anisa Mohammed,55187,Trinbago Knight Riders Women,2023,Women's Caribbean Premier League,-28.888,-0.289,-18.093,-0.603,-10.796,-0.154,20,30,2,17,0,28,12,3,5,92,70,11,31,7.886,18.4,0.667,6.667,100,0.157,0.067,0,0.443,0.567,0.429,NA,NA,NA,https://upload.wikimedia.org/wikipedia/commons/5/55/Women%27s_Caribbean_Premier_League_T20_logo.png,#252F60,#019DD5,https://www.espncricinfo.com/db/PICTURES/CMS/320500/320594.png,https://www.espncricinfo.com/db/PICTURES/CMS/320500/320594.png,https://www.espncricinfo.com/db/PICTURES/CMS/306100/306131.png
Anisa Mohammed,55187,Trinbago Knight Riders Women,2024,Women's Caribbean Premier League,-3.371,-0.07,-2.61,-0.435,-0.761,-0.018,4,6,0,3,0,6,4,NA,1,44,42,4,17,6.286,44,0.667,NA,48,0.095,0,0,0.405,0.5,0.667,NA,NA,NA,https://upload.wikimedia.org/wikipedia/commons/5/55/Women%27s_Caribbean_Premier_League_T20_logo.png,#252F60,#019DD5,https://www.espncricinfo.com/db/PICTURES/CMS/320500/320594.png,https://www.espncricinfo.com/db/PICTURES/CMS/320500/320594.png,https://www.espncricinfo.com/db/PICTURES/CMS/306100/306131.png
Ashmini Munisar,1352168,Guyana Amazon Warriors Women,2024,Women's Caribbean Premier League,-12.729,-0.909,-3.652,-0.457,-9.077,-1.513,7,8,0,4,0,9,7,1,0,14,6,2,1,14,Inf,0.875,7,14,0.333,0,0,0.167,0.5,0.778,NA,NA,NA,https://upload.wikimedia.org/wikipedia/commons/5/55/Women%27s_Caribbean_Premier_League_T20_logo.png,#252F60,#019DD5,NA,NA,NA
Ayabonga Khaka,387261,Guyana Amazon Warriors Women,2022,Women's Caribbean Premier League,13.184,0.527,0,0,13.184,0.527,NA,0,NA,NA,NA,NA,NA,NA,1,11,25,0,16,2.64,11,NA,NA,25,0,NA,NA,0.64,NA,NA,NA,NA,NA,https://upload.wikimedia.org/wikipedia/commons/5/55/Women%27s_Caribbean_Premier_League_T20_logo.png,#252F60,#019DD5,https://www.espncricinfo.com/db/PICTURES/CMS/320600/320637.png,https://www.espncricinfo.com/db/PICTURES/CMS/320600/320637.png,https://www.espncricinfo.com/db/PICTURES/CMS/307200/307245.png
Britney Cooper,424629,Barbados Royals Women,2022,Women's Caribbean Premier League,-14.105,-1.175,-14.105,-1.175,0,0,4,12,0,9,0,12,4,3,NA,NA,0,NA,NA,NA,NA,0.333,1.333,12,NA,0,0,NA,0.75,0.333,NA,NA,NA,https://upload.wikimedia.org/wikipedia/commons/5/55/Women%27s_Caribbean_Premier_League_T20_logo.png,#252F60,#019DD5,https://www.espncricinfo.com/db/PICTURES/CMS/320500/320595.png,https://www.espncricinfo.com/db/PICTURES/CMS/320500/320595.png,https://www.espncricinfo.com/db/PICTURES/CMS/306100/306133.png
Britney Cooper,424629,Trinbago Knight Riders Women,2023,Women's Caribbean Premier League,-5.469,-0.608,-5.469,-0.608,0,0,9,9,1,5,0,8,5,2,NA,NA,0,NA,NA,NA,NA,1,4.5,9,NA,0.111,0,NA,0.556,0.625,NA,NA,NA,https://upload.wikimedia.org/wikipedia/commons/5/55/Women%27s_Caribbean_Premier_League_T20_logo.png,#252F60,#019DD5,https://www.espncricinfo.com/db/PICTURES/CMS/320500/320595.png,https://www.espncricinfo.com/db/PICTURES/CMS/320500/320595.png,https://www.espncricinfo.com/db/PICTURES/CMS/306100/306133.png
Carena Noel,530216,Trinbago Knight Riders Women,2023,Women's Caribbean Premier League,-9.631,-0.876,-9.631,-0.876,0,0,4,11,0,7,0,12,4,1,NA,NA,0,NA,NA,NA,NA,0.364,4,11,NA,0,0,NA,0.636,0.333,NA,NA,NA,https://upload.wikimedia.org/wikipedia/commons/5/55/Women%27s_Caribbean_Premier_League_T20_logo.png,#252F60,#019DD5,https://www.espncricinfo.com/db/PICTURES/CMS/370900/370957.4.jpg,https://www.espncricinfo.com/db/PICTURES/CMS/370900/370957.4.jpg,https://www.espncricinfo.com/db/PICTURES/CMS/370900/370957.4.jpg
Chamari Athapaththu,318853,Barbados Royals Women,2024,Women's Caribbean Premier League,-3.172,-0.529,-3.172,-0.529,0,0,5,6,1,4,0,5,1,1,NA,NA,0,NA,NA,NA,NA,0.833,5,6,NA,0.167,0,NA,0.667,0.2,NA,NA,NA,https://upload.wikimedia.org/wikipedia/commons/5/55/Women%27s_Caribbean_Premier_League_T20_logo.png,#252F60,#019DD5,https://www.espncricinfo.com/db/PICTURES/CMS/320500/320555.png,https://www.espncricinfo.com/db/PICTURES/CMS/320500/320555.png,https://www.espncricinfo.com/db/PICTURES/CMS/302800/302875.jpg
Chamari Athapaththu,318853,Guyana Amazon Warriors Women,2022,Women's Caribbean Premier League,-1.769,-0.098,-1.769,-0.098,0,0,19,18,3,11,0,16,7,1,NA,NA,0,NA,NA,NA,NA,1.056,19,18,NA,0.167,0,NA,0.611,0.438,NA,NA,NA,https://upload.wikimedia.org/wikipedia/commons/5/55/Women%27s_Caribbean_Premier_League_T20_logo.png,#252F60,#019DD5,https://www.espncricinfo.com/db/PICTURES/CMS/320500/320555.png,https://www.espncricinfo.com/db/PICTURES/CMS/320500/320555.png,https://www.espncricinfo.com/db/PICTURES/CMS/302800/302875.jpg
Chedean Nation,355355,Barbados Royals Women,2023,Women's Caribbean Premier League,-2.255,-0.251,-2.255,-0.251,0,0,12,9,1,2,0,8,8,1,NA,NA,0,NA,NA,NA,NA,1.333,12,9,NA,0.111,0,NA,0.222,1,NA,NA,NA,https://upload.wikimedia.org/wikipedia/commons/5/55/Women%27s_Caribbean_Premier_League_T20_logo.png,#252F60,#019DD5,https://www.espncricinfo.com/db/PICTURES/CMS/320500/320596.png,https://www.espncricinfo.com/db/PICTURES/CMS/320500/320596.png,https://www.espncricinfo.com/db/PICTURES/CMS/306600/306616.png
Chedean Nation,355355,Guyana Amazon Warriors Women,2022,Women's Caribbean Premier League,-7.21,-0.555,-7.21,-0.555,0,0,11,13,1,6,0,12,7,1,NA,NA,0,NA,NA,NA,NA,0.846,11,13,NA,0.077,0,NA,0.462,0.583,NA,NA,NA,https://upload.wikimedia.org/wikipedia/commons/5/55/Women%27s_Caribbean_Premier_League_T20_logo.png,#252F60,#019DD5,https://www.espncricinfo.com/db/PICTURES/CMS/320500/320596.png,https://www.espncricinfo.com/db/PICTURES/CMS/320500/320596.png,https://www.espncricinfo.com/db/PICTURES/CMS/306600/306616.png
Chedean Nation,355355,Trinbago Knight Riders Women,2024,Women's Caribbean Premier League,-5.138,-0.321,-5.138,-0.321,0,0,13,16,1,6,0,15,9,2,NA,NA,0,NA,NA,NA,NA,0.812,6.5,16,NA,0.062,0,NA,0.375,0.6,NA,NA,NA,https://upload.wikimedia.org/wikipedia/commons/5/55/Women%27s_Caribbean_Premier_League_T20_logo.png,#252F60,#019DD5,https://www.espncricinfo.com/db/PICTURES/CMS/320500/320596.png,https://www.espncricinfo.com/db/PICTURES/CMS/320500/320596.png,https://www.espncricinfo.com/db/PICTURES/CMS/306600/306616.png
Cherry-Ann Fraser,1214080,Barbados Royals Women,2024,Women's Caribbean Premier League,-6.603,-0.734,0,0,-6.603,-0.734,NA,0,NA,NA,NA,NA,NA,NA,0,15,9,2,2,10,Inf,NA,NA,9,0.222,NA,NA,0.222,NA,NA,NA,NA,NA,https://upload.wikimedia.org/wikipedia/commons/5/55/Women%27s_Caribbean_Premier_League_T20_logo.png,#252F60,#019DD5,https://www.espncricinfo.com/db/PICTURES/CMS/321600/321677.png,https://www.espncricinfo.com/db/PICTURES/CMS/321600/321677.png,https://www.espncricinfo.com/db/PICTURES/CMS/306600/306618.png
Cherry-Ann Fraser,1214080,Guyana Amazon Warriors Women,2022,Women's Caribbean Premier League,-8.215,-0.316,-3.289,-3.289,-4.926,-0.197,0,1,0,1,0,1,0,1,1,33,25,4,9,7.92,33,0,0,26,0.16,0,0,0.36,1,0,NA,NA,NA,https://upload.wikimedia.org/wikipedia/commons/5/55/Women%27s_Caribbean_Premier_League_T20_logo.png,#252F60,#019DD5,https://www.espncricinfo.com/db/PICTURES/CMS/321600/321677.png,https://www.espncricinfo.com/db/PICTURES/CMS/321600/321677.png,https://www.espncricinfo.com/db/PICTURES/CMS/306600/306618.png
Cherry-Ann Fraser,1214080,Guyana Amazon Warriors Women,2023,Women's Caribbean Premier League,-30.283,-1.165,0,0,-30.283,-1.165,NA,0,NA,NA,NA,NA,NA,NA,1,63,26,11,5,14.538,63,NA,NA,26,0.423,NA,NA,0.192,NA,NA,NA,NA,NA,https://upload.wikimedia.org/wikipedia/commons/5/55/Women%27s_Caribbean_Premier_League_T20_logo.png,#252F60,#019DD5,https://www.espncricinfo.com/db/PICTURES/CMS/321600/321677.png,https://www.espncricinfo.com/db/PICTURES/CMS/321600/321677.png,https://www.espncricinfo.com/db/PICTURES/CMS/306600/306618.png
Chinelle Henry,474190,Barbados Royals Women,2022,Women's Caribbean Premier League,-23.745,-0.228,-28.225,-0.588,4.481,0.08,21,48,1,34,0,48,17,3,1,53,56,8,32,5.679,53,0.438,7,104,0.143,0.021,0,0.571,0.708,0.354,NA,NA,NA,https://upload.wikimedia.org/wikipedia/commons/5/55/Women%27s_Caribbean_Premier_League_T20_logo.png,#252F60,#019DD5,https://www.espncricinfo.com/db/PICTURES/CMS/321600/321678.png,https://www.espncricinfo.com/db/PICTURES/CMS/321600/321678.png,https://www.espncricinfo.com/db/PICTURES/CMS/306600/306619.png
Chinelle Henry,474190,Barbados Royals Women,2023,Women's Caribbean Premier League,-12.12,-0.148,3.456,0.108,-15.577,-0.312,39,32,5,12,1,28,17,2,0,63,50,10,23,7.56,Inf,1.219,19.5,82,0.2,0.156,0.031,0.46,0.375,0.607,NA,NA,NA,https://upload.wikimedia.org/wikipedia/commons/5/55/Women%27s_Caribbean_Premier_League_T20_logo.png,#252F60,#019DD5,https://www.espncricinfo.com/db/PICTURES/CMS/321600/321678.png,https://www.espncricinfo.com/db/PICTURES/CMS/321600/321678.png,https://www.espncricinfo.com/db/PICTURES/CMS/306600/306619.png
Chinelle Henry,474190,Barbados Royals Women,2024,Women's Caribbean Premier League,6.026,0.194,0.973,0.243,5.053,0.187,4,4,1,2,0,3,0,1,2,24,27,3,12,5.333,12,1,4,31,0.111,0.25,0,0.444,0.5,0,NA,NA,NA,https://upload.wikimedia.org/wikipedia/commons/5/55/Women%27s_Caribbean_Premier_League_T20_logo.png,#252F60,#019DD5,https://www.espncricinfo.com/db/PICTURES/CMS/321600/321678.png,https://www.espncricinfo.com/db/PICTURES/CMS/321600/321678.png,https://www.espncricinfo.com/db/PICTURES/CMS/306600/306619.png
Chloe Tryon,453370,Barbados Royals Women,2022,Women's Caribbean Premier League,7.191,0.106,2.189,0.04,5.002,0.385,64,55,8,26,4,48,24,3,1,11,13,1,7,5.077,11,1.164,21.333,68,0.077,0.145,0.073,0.538,0.473,0.5,NA,NA,NA,https://upload.wikimedia.org/wikipedia/commons/5/55/Women%27s_Caribbean_Premier_League_T20_logo.png,#252F60,#019DD5,https://www.espncricinfo.com/db/PICTURES/CMS/320600/320638.png,https://www.espncricinfo.com/db/PICTURES/CMS/320600/320638.png,https://www.espncricinfo.com/db/PICTURES/CMS/307200/307247.png
Chloe Tryon,453370,Guyana Amazon Warriors Women,2024,Women's Caribbean Premier League,30.497,0.377,-6.779,-0.521,37.275,0.548,10,13,0,4,0,14,10,2,6,49,68,4,36,4.324,8.167,0.769,5,81,0.059,0,0,0.529,0.308,0.714,NA,NA,NA,https://upload.wikimedia.org/wikipedia/commons/5/55/Women%27s_Caribbean_Premier_League_T20_logo.png,#252F60,#019DD5,https://www.espncricinfo.com/db/PICTURES/CMS/320600/320638.png,https://www.espncricinfo.com/db/PICTURES/CMS/320600/320638.png,https://www.espncricinfo.com/db/PICTURES/CMS/307200/307247.png
Deandra Dottin,355349,Trinbago Knight Riders Women,2022,Women's Caribbean Premier League,2.499,0.028,4.822,0.063,-2.323,-0.179,79,77,9,36,3,71,37,2,1,18,13,2,5,8.308,18,1.026,39.5,90,0.154,0.117,0.039,0.385,0.468,0.521,NA,NA,NA,https://upload.wikimedia.org/wikipedia/commons/5/55/Women%27s_Caribbean_Premier_League_T20_logo.png,#252F60,#019DD5,https://www.espncricinfo.com/db/PICTURES/CMS/320500/320597.png,https://www.espncricinfo.com/db/PICTURES/CMS/320500/320597.png,https://www.espncricinfo.com/db/PICTURES/CMS/306600/306622.png
Deandra Dottin,355349,Trinbago Knight Riders Women,2023,Women's Caribbean Premier League,2.196,0.022,4.71,0.053,-2.514,-0.209,107,89,15,39,3,78,41,3,1,18,12,3,4,9,18,1.202,35.667,101,0.25,0.169,0.034,0.333,0.438,0.526,NA,NA,NA,https://upload.wikimedia.org/wikipedia/commons/5/55/Women%27s_Caribbean_Premier_League_T20_logo.png,#252F60,#019DD5,https://www.espncricinfo.com/db/PICTURES/CMS/320500/320597.png,https://www.espncricinfo.com/db/PICTURES/CMS/320500/320597.png,https://www.espncricinfo.com/db/PICTURES/CMS/306600/306622.png
Deandra Dottin,355349,Trinbago Knight Riders Women,2024,Women's Caribbean Premier League,-11.16,-0.101,4.414,0.049,-15.573,-0.82,101,91,14,46,4,80,37,3,0,37,19,6,3,11.684,Inf,1.11,33.667,110,0.316,0.154,0.044,0.158,0.505,0.462,NA,NA,NA,https://upload.wikimedia.org/wikipedia/commons/5/55/Women%27s_Caribbean_Premier_League_T20_logo.png,#252F60,#019DD5,https://www.espncricinfo.com/db/PICTURES/CMS/320500/320597.png,https://www.espncricinfo.com/db/PICTURES/CMS/320500/320597.png,https://www.espncricinfo.com/db/PICTURES/CMS/306600/306622.png
Erin Burns,275447,Barbados Royals Women,2023,Women's Caribbean Premier League,-0.844,-0.005,20.349,0.268,-21.194,-0.241,102,76,12,24,2,68,50,2,5,119,88,16,32,8.114,23.8,1.342,51,164,0.182,0.158,0.026,0.364,0.316,0.735,NA,NA,NA,https://upload.wikimedia.org/wikipedia/commons/5/55/Women%27s_Caribbean_Premier_League_T20_logo.png,#252F60,#019DD5,https://www.espncricinfo.com/db/PICTURES/CMS/326500/326534.png,https://www.espncricinfo.com/db/PICTURES/CMS/326500/326534.png,https://www.espncricinfo.com/db/PICTURES/CMS/305800/305807.jpg
Erin Burns,275447,Guyana Amazon Warriors Women,2024,Women's Caribbean Premier League,30.599,0.177,35.43,0.303,-4.832,-0.086,154,117,17,34,0,101,86,2,3,69,56,11,24,7.393,23,1.316,77,173,0.196,0.145,0,0.429,0.291,0.851,NA,NA,NA,https://upload.wikimedia.org/wikipedia/commons/5/55/Women%27s_Caribbean_Premier_League_T20_logo.png,#252F60,#019DD5,https://www.espncricinfo.com/db/PICTURES/CMS/326500/326534.png,https://www.espncricinfo.com/db/PICTURES/CMS/326500/326534.png,https://www.espncricinfo.com/db/PICTURES/CMS/305800/305807.jpg
Fatima Sana,1144886,Barbados Royals Women,2022,Women's Caribbean Premier League,3.094,0.072,0.388,0.065,2.705,0.073,6,6,0,1,0,7,6,NA,5,45,37,6,13,7.297,9,1,NA,43,0.162,0,0,0.351,0.167,0.857,NA,NA,NA,https://upload.wikimedia.org/wikipedia/commons/5/55/Women%27s_Caribbean_Premier_League_T20_logo.png,#252F60,#019DD5,https://www.espncricinfo.com/db/PICTURES/CMS/336200/336283.png,https://www.espncricinfo.com/db/PICTURES/CMS/336200/336283.png,https://www.espncricinfo.com/db/PICTURES/CMS/334800/334896.4.jpg
Fran Jonas,1208952,Trinbago Knight Riders Women,2023,Women's Caribbean Premier League,-15.187,-0.167,-7.863,-0.983,-7.324,-0.088,3,8,0,5,0,8,3,1,3,96,83,8,33,6.94,32,0.375,3,91,0.096,0,0,0.398,0.625,0.375,NA,NA,NA,https://upload.wikimedia.org/wikipedia/commons/5/55/Women%27s_Caribbean_Premier_League_T20_logo.png,#252F60,#019DD5,https://www.espncricinfo.com/db/PICTURES/CMS/326500/326536.png,https://www.espncricinfo.com/db/PICTURES/CMS/326500/326536.png,https://www.espncricinfo.com/db/PICTURES/CMS/324700/324716.4.jpg
Gaby Lewis,774347,Barbados Royals Women,2023,Women's Caribbean Premier League,8.46,0.06,8.46,0.06,0,0,159,140,24,66,1,118,61,5,NA,NA,0,NA,NA,NA,NA,1.136,31.8,140,NA,0.171,0.007,NA,0.471,0.517,NA,NA,NA,https://upload.wikimedia.org/wikipedia/commons/5/55/Women%27s_Caribbean_Premier_League_T20_logo.png,#252F60,#019DD5,https://www.espncricinfo.com/db/PICTURES/CMS/343200/343252.png,https://www.espncricinfo.com/db/PICTURES/CMS/343200/343252.png,https://www.espncricinfo.com/db/PICTURES/CMS/239100/239155.jpg
Geetika Kodali,1184545,Trinbago Knight Riders Women,2022,Women's Caribbean Premier League,6.365,0.155,-7.022,-1.17,13.387,0.382,2,6,0,4,0,6,2,1,1,19,35,0,19,3.257,19,0.333,2,41,0,0,0,0.543,0.667,0.333,NA,NA,NA,https://upload.wikimedia.org/wikipedia/commons/5/55/Women%27s_Caribbean_Premier_League_T20_logo.png,#252F60,#019DD5,https://www.espncricinfo.com/db/PICTURES/CMS/334300/334398.png,https://www.espncricinfo.com/db/PICTURES/CMS/334300/334398.png,https://www.espncricinfo.com/db/PICTURES/CMS/332500/332580.4.jpg
Georgia Redmayne,381197,Barbados Royals Women,2024,Women's Caribbean Premier League,-6.299,-0.573,-6.299,-0.573,0,0,6,11,0,7,0,11,6,1,NA,NA,0,NA,NA,NA,NA,0.545,6,11,NA,0,0,NA,0.636,0.545,NA,NA,NA,https://upload.wikimedia.org/wikipedia/commons/5/55/Women%27s_Caribbean_Premier_League_T20_logo.png,#252F60,#019DD5,https://www.espncricinfo.com/db/PICTURES/CMS/326400/326484.png,https://www.espncricinfo.com/db/PICTURES/CMS/326400/326484.png,https://www.espncricinfo.com/db/PICTURES/CMS/325000/325007.4.jpg
Harshitha Samarawickrama,557839,Trinbago Knight Riders Women,2024,Women's Caribbean Premier League,-3.344,-0.062,-3.344,-0.062,0,0,54,54,6,22,0,50,30,3,NA,NA,0,NA,NA,NA,NA,1,18,54,NA,0.111,0,NA,0.407,0.6,NA,NA,NA,https://upload.wikimedia.org/wikipedia/commons/5/55/Women%27s_Caribbean_Premier_League_T20_logo.png,#252F60,#019DD5,https://www.espncricinfo.com/db/PICTURES/CMS/322100/322128.png,https://www.espncricinfo.com/db/PICTURES/CMS/322100/322128.png,https://www.espncricinfo.com/db/PICTURES/CMS/300600/300648.1.jpg
Hayley Jensen,439029,Trinbago Knight Riders Women,2022,Women's Caribbean Premier League,10.227,0.179,-0.561,-0.027,10.788,0.3,22,21,2,7,1,19,12,1,3,32,36,4,19,5.333,10.667,1.048,22,57,0.111,0.095,0.048,0.528,0.333,0.632,NA,NA,NA,https://upload.wikimedia.org/wikipedia/commons/5/55/Women%27s_Caribbean_Premier_League_T20_logo.png,#252F60,#019DD5,https://www.espncricinfo.com/db/PICTURES/CMS/320500/320539.png,https://www.espncricinfo.com/db/PICTURES/CMS/320500/320539.png,https://www.espncricinfo.com/db/PICTURES/CMS/305700/305772.png
Hayley Matthews,474308,Barbados Royals Women,2022,Women's Caribbean Premier League,31.705,0.196,-4.221,-0.049,35.926,0.479,86,87,8,34,0,85,54,3,6,63,75,3,35,5.04,10.5,0.989,28.667,162,0.04,0.092,0,0.467,0.391,0.635,NA,NA,NA,https://upload.wikimedia.org/wikipedia/commons/5/55/Women%27s_Caribbean_Premier_League_T20_logo.png,#252F60,#019DD5,https://www.espncricinfo.com/db/PICTURES/CMS/320500/320598.png,https://www.espncricinfo.com/db/PICTURES/CMS/320500/320598.png,https://www.espncricinfo.com/db/PICTURES/CMS/306600/306637.jpg
Hayley Matthews,474308,Barbados Royals Women,2023,Women's Caribbean Premier League,34.118,0.134,44.186,0.309,-10.069,-0.09,191,143,29,61,4,119,67,5,8,142,112,16,40,7.607,17.75,1.336,38.2,255,0.143,0.203,0.028,0.357,0.427,0.563,NA,NA,NA,https://upload.wikimedia.org/wikipedia/commons/5/55/Women%27s_Caribbean_Premier_League_T20_logo.png,#252F60,#019DD5,https://www.espncricinfo.com/db/PICTURES/CMS/320500/320598.png,https://www.espncricinfo.com/db/PICTURES/CMS/320500/320598.png,https://www.espncricinfo.com/db/PICTURES/CMS/306600/306637.jpg
Hayley Matthews,474308,Barbados Royals Women,2024,Women's Caribbean Premier League,32.164,0.206,18.406,0.163,13.758,0.32,128,113,19,47,0,98,52,NA,4,40,43,4,20,5.581,10,1.133,NA,156,0.093,0.168,0,0.465,0.416,0.531,NA,NA,NA,https://upload.wikimedia.org/wikipedia/commons/5/55/Women%27s_Caribbean_Premier_League_T20_logo.png,#252F60,#019DD5,https://www.espncricinfo.com/db/PICTURES/CMS/320500/320598.png,https://www.espncricinfo.com/db/PICTURES/CMS/320500/320598.png,https://www.espncricinfo.com/db/PICTURES/CMS/306600/306637.jpg
Jahzara Claxton,1352172,Barbados Royals Women,2023,Women's Caribbean Premier League,2.762,0.153,0,0,2.762,0.153,NA,0,NA,NA,NA,NA,NA,NA,1,21,18,2,6,7,21,NA,NA,18,0.111,NA,NA,0.333,NA,NA,NA,NA,NA,https://upload.wikimedia.org/wikipedia/commons/5/55/Women%27s_Caribbean_Premier_League_T20_logo.png,#252F60,#019DD5,NA,NA,NA
Jahzara Claxton,1352172,Trinbago Knight Riders Women,2024,Women's Caribbean Premier League,-7.435,-0.826,-4.548,-1.516,-2.886,-0.481,1,3,0,2,0,3,1,1,0,9,6,2,3,9,Inf,0.333,1,9,0.333,0,0,0.5,0.667,0.333,NA,NA,NA,https://upload.wikimedia.org/wikipedia/commons/5/55/Women%27s_Caribbean_Premier_League_T20_logo.png,#252F60,#019DD5,NA,NA,NA
Jannillea Glasgow,1268602,Barbados Royals Women,2023,Women's Caribbean Premier League,-3.234,-0.539,0,0,-3.234,-0.539,NA,0,NA,NA,NA,NA,NA,NA,0,9,6,2,3,9,Inf,NA,NA,6,0.333,NA,NA,0.5,NA,NA,NA,NA,NA,https://upload.wikimedia.org/wikipedia/commons/5/55/Women%27s_Caribbean_Premier_League_T20_logo.png,#252F60,#019DD5,https://www.espncricinfo.com/db/PICTURES/CMS/370900/370955.4.jpg,https://www.espncricinfo.com/db/PICTURES/CMS/370900/370955.4.jpg,https://www.espncricinfo.com/db/PICTURES/CMS/370900/370955.4.jpg
Jannillea Glasgow,1268602,Trinbago Knight Riders Women,2022,Women's Caribbean Premier League,-3.289,-3.289,-3.289,-3.289,0,0,0,1,0,1,0,1,0,1,NA,NA,0,NA,NA,NA,NA,0,0,1,NA,0,0,NA,1,0,NA,NA,NA,https://upload.wikimedia.org/wikipedia/commons/5/55/Women%27s_Caribbean_Premier_League_T20_logo.png,#252F60,#019DD5,https://www.espncricinfo.com/db/PICTURES/CMS/370900/370955.4.jpg,https://www.espncricinfo.com/db/PICTURES/CMS/370900/370955.4.jpg,https://www.espncricinfo.com/db/PICTURES/CMS/370900/370955.4.jpg
Jannillea Glasgow,1268602,Trinbago Knight Riders Women,2024,Women's Caribbean Premier League,-7.829,-0.559,-1.305,-0.652,-6.524,-0.544,0,2,0,1,0,3,0,NA,1,22,12,3,4,11,22,0,NA,14,0.25,0,0,0.333,0.5,0,NA,NA,NA,https://upload.wikimedia.org/wikipedia/commons/5/55/Women%27s_Caribbean_Premier_League_T20_logo.png,#252F60,#019DD5,https://www.espncricinfo.com/db/PICTURES/CMS/370900/370955.4.jpg,https://www.espncricinfo.com/db/PICTURES/CMS/370900/370955.4.jpg,https://www.espncricinfo.com/db/PICTURES/CMS/370900/370955.4.jpg
Jemimah Rodrigues,883405,Trinbago Knight Riders Women,2024,Women's Caribbean Premier League,-7.088,-0.134,-4.671,-0.114,-2.417,-0.201,44,41,4,15,0,39,28,3,0,15,12,1,4,7.5,Inf,1.073,14.667,53,0.083,0.098,0,0.333,0.366,0.718,NA,NA,NA,https://upload.wikimedia.org/wikipedia/commons/5/55/Women%27s_Caribbean_Premier_League_T20_logo.png,#252F60,#019DD5,https://www.espncricinfo.com/db/PICTURES/CMS/321800/321866.png,https://www.espncricinfo.com/db/PICTURES/CMS/321800/321866.png,https://www.espncricinfo.com/db/PICTURES/CMS/300600/300608.1.jpg
Jess Jonassen,374936,Trinbago Knight Riders Women,2024,Women's Caribbean Premier League,8.948,0.089,-12.222,-0.394,21.171,0.307,29,31,3,13,0,29,17,3,4,51,69,5,40,4.435,12.75,0.935,9.667,100,0.072,0.097,0,0.58,0.419,0.586,NA,NA,NA,https://upload.wikimedia.org/wikipedia/commons/5/55/Women%27s_Caribbean_Premier_League_T20_logo.png,#252F60,#019DD5,https://www.espncricinfo.com/db/PICTURES/CMS/320100/320133.png,https://www.espncricinfo.com/db/PICTURES/CMS/320100/320133.png,https://www.espncricinfo.com/db/PICTURES/CMS/150200/150218.1.jpg
Karishma Ramharack,769517,Guyana Amazon Warriors Women,2022,Women's Caribbean Premier League,-4.045,-0.156,0,0,-4.045,-0.156,NA,0,NA,NA,NA,NA,NA,NA,0,30,26,2,8,6.923,Inf,NA,NA,26,0.077,NA,NA,0.308,NA,NA,NA,NA,NA,https://upload.wikimedia.org/wikipedia/commons/5/55/Women%27s_Caribbean_Premier_League_T20_logo.png,#252F60,#019DD5,https://www.espncricinfo.com/db/PICTURES/CMS/321600/321683.png,https://www.espncricinfo.com/db/PICTURES/CMS/321600/321683.png,https://www.espncricinfo.com/db/PICTURES/CMS/334800/334887.4.jpg
Karishma Ramharack,769517,Guyana Amazon Warriors Women,2023,Women's Caribbean Premier League,-0.866,-0.008,-2.065,-1.032,1.199,0.012,2,2,0,0,0,2,2,1,8,124,104,18,43,7.154,15.5,1,2,106,0.173,0,0,0.413,0,1,NA,NA,NA,https://upload.wikimedia.org/wikipedia/commons/5/55/Women%27s_Caribbean_Premier_League_T20_logo.png,#252F60,#019DD5,https://www.espncricinfo.com/db/PICTURES/CMS/321600/321683.png,https://www.espncricinfo.com/db/PICTURES/CMS/321600/321683.png,https://www.espncricinfo.com/db/PICTURES/CMS/334800/334887.4.jpg
Karishma Ramharack,769517,Guyana Amazon Warriors Women,2024,Women's Caribbean Premier League,4.251,0.097,-3.334,-1.667,7.586,0.181,1,2,0,1,0,2,1,1,3,42,42,4,18,6,14,0.5,1,44,0.095,0,0,0.429,0.5,0.5,NA,NA,NA,https://upload.wikimedia.org/wikipedia/commons/5/55/Women%27s_Caribbean_Premier_League_T20_logo.png,#252F60,#019DD5,https://www.espncricinfo.com/db/PICTURES/CMS/321600/321683.png,https://www.espncricinfo.com/db/PICTURES/CMS/321600/321683.png,https://www.espncricinfo.com/db/PICTURES/CMS/334800/334887.4.jpg
Kycia Knight,472975,Trinbago Knight Riders Women,2023,Women's Caribbean Premier League,-21.92,-0.231,-21.92,-0.231,0,0,77,95,5,47,1,93,55,4,NA,NA,0,NA,NA,NA,NA,0.811,19.25,95,NA,0.053,0.011,NA,0.495,0.591,NA,NA,NA,https://upload.wikimedia.org/wikipedia/commons/5/55/Women%27s_Caribbean_Premier_League_T20_logo.png,#252F60,#019DD5,https://www.espncricinfo.com/db/PICTURES/CMS/320600/320600.png,https://www.espncricinfo.com/db/PICTURES/CMS/320600/320600.png,https://www.espncricinfo.com/db/PICTURES/CMS/306600/306644.png
Kycia Knight,472975,Trinbago Knight Riders Women,2024,Women's Caribbean Premier League,-16.796,-0.672,-16.796,-0.672,0,0,16,25,1,11,0,24,12,3,NA,NA,0,NA,NA,NA,NA,0.64,5.333,25,NA,0.04,0,NA,0.44,0.5,NA,NA,NA,https://upload.wikimedia.org/wikipedia/commons/5/55/Women%27s_Caribbean_Premier_League_T20_logo.png,#252F60,#019DD5,https://www.espncricinfo.com/db/PICTURES/CMS/320600/320600.png,https://www.espncricinfo.com/db/PICTURES/CMS/320600/320600.png,https://www.espncricinfo.com/db/PICTURES/CMS/306600/306644.png
Kyshona Knight,472977,Trinbago Knight Riders Women,2022,Women's Caribbean Premier League,-16.751,-0.728,-16.751,-0.728,0,0,16,23,1,11,0,22,12,2,NA,NA,0,NA,NA,NA,NA,0.696,8,23,NA,0.043,0,NA,0.478,0.545,NA,NA,NA,https://upload.wikimedia.org/wikipedia/commons/5/55/Women%27s_Caribbean_Premier_League_T20_logo.png,#252F60,#019DD5,https://www.espncricinfo.com/db/PICTURES/CMS/321600/321682.png,https://www.espncricinfo.com/db/PICTURES/CMS/321600/321682.png,https://www.espncricinfo.com/db/PICTURES/CMS/306600/306645.png
Kyshona Knight,472977,Trinbago Knight Riders Women,2023,Women's Caribbean Premier League,-13.267,-0.698,-13.267,-0.698,0,0,12,19,1,11,0,19,8,3,NA,NA,0,NA,NA,NA,NA,0.632,4,19,NA,0.053,0,NA,0.579,0.421,NA,NA,NA,https://upload.wikimedia.org/wikipedia/commons/5/55/Women%27s_Caribbean_Premier_League_T20_logo.png,#252F60,#019DD5,https://www.espncricinfo.com/db/PICTURES/CMS/321600/321682.png,https://www.espncricinfo.com/db/PICTURES/CMS/321600/321682.png,https://www.espncricinfo.com/db/PICTURES/CMS/306600/306645.png
Laura Harris,951163,Barbados Royals Women,2023,Women's Caribbean Premier League,11.594,0.386,11.594,0.386,0,0,53,30,9,16,6,22,5,5,NA,NA,0,NA,NA,NA,NA,1.767,10.6,30,NA,0.3,0.2,NA,0.533,0.227,NA,NA,NA,https://upload.wikimedia.org/wikipedia/commons/5/55/Women%27s_Caribbean_Premier_League_T20_logo.png,#252F60,#019DD5,https://www.espncricinfo.com/db/PICTURES/CMS/326500/326544.png,https://www.espncricinfo.com/db/PICTURES/CMS/326500/326544.png,https://www.espncricinfo.com/db/PICTURES/CMS/324700/324790.4.jpg
Laura Harris,951163,Barbados Royals Women,2024,Women's Caribbean Premier League,5.506,0.612,5.506,0.612,0,0,18,9,3,3,1,6,4,1,NA,NA,0,NA,NA,NA,NA,2,18,9,NA,0.333,0.111,NA,0.333,0.667,NA,NA,NA,https://upload.wikimedia.org/wikipedia/commons/5/55/Women%27s_Caribbean_Premier_League_T20_logo.png,#252F60,#019DD5,https://www.espncricinfo.com/db/PICTURES/CMS/326500/326544.png,https://www.espncricinfo.com/db/PICTURES/CMS/326500/326544.png,https://www.espncricinfo.com/db/PICTURES/CMS/324700/324790.4.jpg
Lauren Winfield-Hill,517572,Guyana Amazon Warriors Women,2024,Women's Caribbean Premier League,-0.221,-0.003,-0.221,-0.003,0,0,67,73,6,30,0,71,43,2,NA,NA,0,NA,NA,NA,NA,0.918,33.5,73,NA,0.082,0,NA,0.411,0.606,NA,NA,NA,https://upload.wikimedia.org/wikipedia/commons/5/55/Women%27s_Caribbean_Premier_League_T20_logo.png,#252F60,#019DD5,https://www.espncricinfo.com/db/PICTURES/CMS/323100/323182.png,https://www.espncricinfo.com/db/PICTURES/CMS/323100/323182.png,https://www.espncricinfo.com/db/PICTURES/CMS/305000/305053.png
Lee-Ann Kirby,355354,Trinbago Knight Riders Women,2022,Women's Caribbean Premier League,-8.529,-0.12,-13.068,-0.327,4.539,0.146,33,40,5,26,2,37,9,2,3,33,31,4,17,6.387,11,0.825,16.5,71,0.129,0.125,0.05,0.548,0.65,0.243,NA,NA,NA,https://upload.wikimedia.org/wikipedia/commons/5/55/Women%27s_Caribbean_Premier_League_T20_logo.png,#252F60,#019DD5,https://www.espncricinfo.com/db/PICTURES/CMS/321600/321676.png,https://www.espncricinfo.com/db/PICTURES/CMS/321600/321676.png,https://www.espncricinfo.com/db/PICTURES/CMS/306600/306646.png
Lee-Ann Kirby,355354,Trinbago Knight Riders Women,2023,Women's Caribbean Premier League,-15.23,-0.448,-15.23,-0.448,0,0,16,34,2,25,0,33,8,2,NA,NA,0,NA,NA,NA,NA,0.471,8,34,NA,0.059,0,NA,0.735,0.242,NA,NA,NA,https://upload.wikimedia.org/wikipedia/commons/5/55/Women%27s_Caribbean_Premier_League_T20_logo.png,#252F60,#019DD5,https://www.espncricinfo.com/db/PICTURES/CMS/321600/321676.png,https://www.espncricinfo.com/db/PICTURES/CMS/321600/321676.png,https://www.espncricinfo.com/db/PICTURES/CMS/306600/306646.png
Mandy Mangru,907733,Barbados Royals Women,2022,Women's Caribbean Premier League,-10.082,-1.68,-10.082,-1.68,0,0,0,6,0,6,0,6,0,2,NA,NA,0,NA,NA,NA,NA,0,0,6,NA,0,0,NA,1,0,NA,NA,NA,https://upload.wikimedia.org/wikipedia/commons/5/55/Women%27s_Caribbean_Premier_League_T20_logo.png,#252F60,#019DD5,https://cricketgoldcoast.com.au/wp-content/uploads/2019/08/generic-headshot.png,https://cricketgoldcoast.com.au/wp-content/uploads/2019/08/generic-headshot.png,https://cricketgoldcoast.com.au/wp-content/uploads/2019/08/generic-headshot.png
Marie Kelly,652939,Trinbago Knight Riders Women,2023,Women's Caribbean Premier League,18.981,0.174,6.01,0.123,12.97,0.216,57,49,10,29,0,41,17,4,8,63,60,6,21,6.3,7.875,1.163,14.25,109,0.1,0.204,0,0.35,0.592,0.415,NA,NA,NA,https://upload.wikimedia.org/wikipedia/commons/5/55/Women%27s_Caribbean_Premier_League_T20_logo.png,#252F60,#019DD5,https://www.espncricinfo.com/db/PICTURES/CMS/326500/326545.png,https://www.espncricinfo.com/db/PICTURES/CMS/326500/326545.png,https://www.espncricinfo.com/db/PICTURES/CMS/324700/324740.4.jpg
Mignon du Preez,54646,Trinbago Knight Riders Women,2023,Women's Caribbean Premier League,2.565,0.057,2.565,0.057,0,0,51,45,4,14,1,41,33,3,NA,NA,0,NA,NA,NA,NA,1.133,17,45,NA,0.089,0.022,NA,0.311,0.805,NA,NA,NA,https://upload.wikimedia.org/wikipedia/commons/5/55/Women%27s_Caribbean_Premier_League_T20_logo.png,#252F60,#019DD5,https://www.espncricinfo.com/db/PICTURES/CMS/320600/320646.png,https://www.espncricinfo.com/db/PICTURES/CMS/320600/320646.png,https://www.espncricinfo.com/db/PICTURES/CMS/307300/307321.png
Natasha McLean,474201,Guyana Amazon Warriors Women,2023,Women's Caribbean Premier League,26.785,0.446,26.785,0.446,0,0,91,60,12,22,6,50,31,3,NA,NA,0,NA,NA,NA,NA,1.517,30.333,60,NA,0.2,0.1,NA,0.367,0.62,NA,NA,NA,https://upload.wikimedia.org/wikipedia/commons/5/55/Women%27s_Caribbean_Premier_League_T20_logo.png,#252F60,#019DD5,https://www.espncricinfo.com/db/PICTURES/CMS/320600/320603.png,https://www.espncricinfo.com/db/PICTURES/CMS/320600/320603.png,https://www.espncricinfo.com/db/PICTURES/CMS/153800/153885.1.jpg
Natasha McLean,474201,Guyana Amazon Warriors Women,2024,Women's Caribbean Premier League,-7.005,-0.369,-7.005,-0.369,0,0,20,19,2,9,2,17,8,2,NA,NA,0,NA,NA,NA,NA,1.053,10,19,NA,0.105,0.105,NA,0.474,0.471,NA,NA,NA,https://upload.wikimedia.org/wikipedia/commons/5/55/Women%27s_Caribbean_Premier_League_T20_logo.png,#252F60,#019DD5,https://www.espncricinfo.com/db/PICTURES/CMS/320600/320603.png,https://www.espncricinfo.com/db/PICTURES/CMS/320600/320603.png,https://www.espncricinfo.com/db/PICTURES/CMS/153800/153885.1.jpg
Natasha McLean,474201,Trinbago Knight Riders Women,2022,Women's Caribbean Premier League,-18.437,-0.768,-18.437,-0.768,0,0,10,24,0,16,0,26,10,2,NA,NA,0,NA,NA,NA,NA,0.417,5,24,NA,0,0,NA,0.667,0.385,NA,NA,NA,https://upload.wikimedia.org/wikipedia/commons/5/55/Women%27s_Caribbean_Premier_League_T20_logo.png,#252F60,#019DD5,https://www.espncricinfo.com/db/PICTURES/CMS/320600/320603.png,https://www.espncricinfo.com/db/PICTURES/CMS/320600/320603.png,https://www.espncricinfo.com/db/PICTURES/CMS/153800/153885.1.jpg
Nyia Latchman,1293277,Guyana Amazon Warriors Women,2024,Women's Caribbean Premier League,3.838,0.091,0,0,3.838,0.091,NA,0,NA,NA,NA,NA,NA,NA,3,40,42,3,17,5.714,13.333,NA,NA,42,0.071,NA,NA,0.405,NA,NA,NA,NA,NA,https://upload.wikimedia.org/wikipedia/commons/5/55/Women%27s_Caribbean_Premier_League_T20_logo.png,#252F60,#019DD5,NA,NA,NA
Orla Prendergast,1150585,Trinbago Knight Riders Women,2023,Women's Caribbean Premier League,-4.265,-0.267,-3.698,-0.37,-0.567,-0.094,9,10,1,6,0,9,5,1,0,7,6,1,3,7,Inf,0.9,9,16,0.167,0.1,0,0.5,0.6,0.556,NA,NA,NA,https://upload.wikimedia.org/wikipedia/commons/5/55/Women%27s_Caribbean_Premier_League_T20_logo.png,#252F60,#019DD5,https://www.espncricinfo.com/db/PICTURES/CMS/321600/321626.png,https://www.espncricinfo.com/db/PICTURES/CMS/321600/321626.png,https://www.espncricinfo.com/db/PICTURES/CMS/306700/306792.jpg
Qiana Joseph,769485,Barbados Royals Women,2022,Women's Caribbean Premier League,39.132,0.43,8.534,0.294,30.599,0.494,41,29,4,12,3,28,19,1,1,40,62,2,34,3.871,40,1.414,41,91,0.032,0.138,0.103,0.548,0.414,0.679,NA,NA,NA,https://upload.wikimedia.org/wikipedia/commons/5/55/Women%27s_Caribbean_Premier_League_T20_logo.png,#252F60,#019DD5,https://www.espncricinfo.com/db/PICTURES/CMS/370900/370952.4.jpg,https://www.espncricinfo.com/db/PICTURES/CMS/370900/370952.4.jpg,https://www.espncricinfo.com/db/PICTURES/CMS/370900/370952.4.jpg
Qiana Joseph,769485,Barbados Royals Women,2023,Women's Caribbean Premier League,-22.23,-0.618,0,0,-22.23,-0.618,NA,0,NA,NA,NA,NA,NA,NA,2,60,36,9,15,10,30,NA,NA,36,0.25,NA,NA,0.417,NA,NA,NA,NA,NA,https://upload.wikimedia.org/wikipedia/commons/5/55/Women%27s_Caribbean_Premier_League_T20_logo.png,#252F60,#019DD5,https://www.espncricinfo.com/db/PICTURES/CMS/370900/370952.4.jpg,https://www.espncricinfo.com/db/PICTURES/CMS/370900/370952.4.jpg,https://www.espncricinfo.com/db/PICTURES/CMS/370900/370952.4.jpg
Qiana Joseph,769485,Barbados Royals Women,2024,Women's Caribbean Premier League,23.323,0.271,-1.442,-0.038,24.765,0.516,40,38,5,16,0,34,20,2,3,34,48,1,21,4.25,11.333,1.053,20,86,0.021,0.132,0,0.438,0.421,0.588,NA,NA,NA,https://upload.wikimedia.org/wikipedia/commons/5/55/Women%27s_Caribbean_Premier_League_T20_logo.png,#252F60,#019DD5,https://www.espncricinfo.com/db/PICTURES/CMS/370900/370952.4.jpg,https://www.espncricinfo.com/db/PICTURES/CMS/370900/370952.4.jpg,https://www.espncricinfo.com/db/PICTURES/CMS/370900/370952.4.jpg
Rachel Vincent,1268279,Guyana Amazon Warriors Women,2022,Women's Caribbean Premier League,-0.045,-0.045,-0.045,-0.045,0,0,1,1,0,0,0,1,1,1,NA,NA,0,NA,NA,NA,NA,1,1,1,NA,0,0,NA,0,1,NA,NA,NA,https://upload.wikimedia.org/wikipedia/commons/5/55/Women%27s_Caribbean_Premier_League_T20_logo.png,#252F60,#019DD5,https://cricketgoldcoast.com.au/wp-content/uploads/2019/08/generic-headshot.png,https://cricketgoldcoast.com.au/wp-content/uploads/2019/08/generic-headshot.png,https://cricketgoldcoast.com.au/wp-content/uploads/2019/08/generic-headshot.png
Rashada Williams,769427,Barbados Royals Women,2023,Women's Caribbean Premier League,3.929,0.067,3.929,0.067,0,0,67,59,10,25,1,50,25,4,NA,NA,0,NA,NA,NA,NA,1.136,16.75,59,NA,0.169,0.017,NA,0.424,0.5,NA,NA,NA,https://upload.wikimedia.org/wikipedia/commons/5/55/Women%27s_Caribbean_Premier_League_T20_logo.png,#252F60,#019DD5,https://www.espncricinfo.com/db/PICTURES/CMS/346200/346252.png,https://www.espncricinfo.com/db/PICTURES/CMS/346200/346252.png,https://www.espncricinfo.com/db/PICTURES/CMS/335600/335648.4.jpg
Rashada Williams,769427,Barbados Royals Women,2024,Women's Caribbean Premier League,-5.726,-0.954,-5.726,-0.954,0,0,2,6,0,4,0,6,2,1,NA,NA,0,NA,NA,NA,NA,0.333,2,6,NA,0,0,NA,0.667,0.333,NA,NA,NA,https://upload.wikimedia.org/wikipedia/commons/5/55/Women%27s_Caribbean_Premier_League_T20_logo.png,#252F60,#019DD5,https://www.espncricinfo.com/db/PICTURES/CMS/346200/346252.png,https://www.espncricinfo.com/db/PICTURES/CMS/346200/346252.png,https://www.espncricinfo.com/db/PICTURES/CMS/335600/335648.4.jpg
Rashada Williams,769427,Guyana Amazon Warriors Women,2022,Women's Caribbean Premier League,-12.947,-0.48,-12.947,-0.48,0,0,16,27,1,15,0,27,12,1,NA,NA,0,NA,NA,NA,NA,0.593,16,27,NA,0.037,0,NA,0.556,0.444,NA,NA,NA,https://upload.wikimedia.org/wikipedia/commons/5/55/Women%27s_Caribbean_Premier_League_T20_logo.png,#252F60,#019DD5,https://www.espncricinfo.com/db/PICTURES/CMS/346200/346252.png,https://www.espncricinfo.com/db/PICTURES/CMS/346200/346252.png,https://www.espncricinfo.com/db/PICTURES/CMS/335600/335648.4.jpg
Reniece Boyce,908047,Barbados Royals Women,2022,Women's Caribbean Premier League,-10.952,-0.548,-10.952,-0.548,0,0,10,20,0,11,0,21,10,2,NA,NA,0,NA,NA,NA,NA,0.5,5,20,NA,0,0,NA,0.55,0.476,NA,NA,NA,https://upload.wikimedia.org/wikipedia/commons/5/55/Women%27s_Caribbean_Premier_League_T20_logo.png,#252F60,#019DD5,https://www.espncricinfo.com/db/PICTURES/CMS/321600/321681.png,https://www.espncricinfo.com/db/PICTURES/CMS/321600/321681.png,https://www.espncricinfo.com/db/PICTURES/CMS/306600/306674.png
Samara Ramnath,310961,Trinbago Knight Riders Women,2023,Women's Caribbean Premier League,-12.574,-0.599,-5.717,-1.906,-6.857,-0.381,0,3,0,3,0,3,0,1,1,28,18,5,7,9.333,28,0,0,21,0.278,0,0,0.389,1,0,NA,NA,NA,https://upload.wikimedia.org/wikipedia/commons/5/55/Women%27s_Caribbean_Premier_League_T20_logo.png,#252F60,#019DD5,NA,NA,NA
Samara Ramnath,310961,Trinbago Knight Riders Women,2024,Women's Caribbean Premier League,-8.389,-0.118,-3.687,-0.922,-4.702,-0.07,1,4,0,3,0,4,1,NA,1,72,67,4,19,6.448,72,0.25,NA,71,0.06,0,0,0.284,0.75,0.25,NA,NA,NA,https://upload.wikimedia.org/wikipedia/commons/5/55/Women%27s_Caribbean_Premier_League_T20_logo.png,#252F60,#019DD5,NA,NA,NA
Shabika Gajnabi,1199630,Barbados Royals Women,2024,Women's Caribbean Premier League,-4.774,-0.796,-4.774,-0.796,0,0,0,6,0,6,0,6,0,1,NA,NA,0,NA,NA,NA,NA,0,0,6,NA,0,0,NA,1,0,NA,NA,NA,https://upload.wikimedia.org/wikipedia/commons/5/55/Women%27s_Caribbean_Premier_League_T20_logo.png,#252F60,#019DD5,https://www.espncricinfo.com/db/PICTURES/CMS/326500/326550.png,https://www.espncricinfo.com/db/PICTURES/CMS/326500/326550.png,https://www.espncricinfo.com/db/PICTURES/CMS/311900/311991.16.jpg
Shabika Gajnabi,1199630,Guyana Amazon Warriors Women,2022,Women's Caribbean Premier League,3.458,0.192,0,0,3.458,0.192,NA,0,NA,NA,NA,NA,NA,NA,2,19,18,2,10,6.333,9.5,NA,NA,18,0.111,NA,NA,0.556,NA,NA,NA,NA,NA,https://upload.wikimedia.org/wikipedia/commons/5/55/Women%27s_Caribbean_Premier_League_T20_logo.png,#252F60,#019DD5,https://www.espncricinfo.com/db/PICTURES/CMS/326500/326550.png,https://www.espncricinfo.com/db/PICTURES/CMS/326500/326550.png,https://www.espncricinfo.com/db/PICTURES/CMS/311900/311991.16.jpg
Shabika Gajnabi,1199630,Guyana Amazon Warriors Women,2023,Women's Caribbean Premier League,-14.029,-1.275,-14.029,-1.275,0,0,6,11,0,6,0,11,6,2,NA,NA,0,NA,NA,NA,NA,0.545,3,11,NA,0,0,NA,0.545,0.545,NA,NA,NA,https://upload.wikimedia.org/wikipedia/commons/5/55/Women%27s_Caribbean_Premier_League_T20_logo.png,#252F60,#019DD5,https://www.espncricinfo.com/db/PICTURES/CMS/326500/326550.png,https://www.espncricinfo.com/db/PICTURES/CMS/326500/326550.png,https://www.espncricinfo.com/db/PICTURES/CMS/311900/311991.16.jpg
Shabnim Ismail,276997,Guyana Amazon Warriors Women,2023,Women's Caribbean Premier League,20.819,0.181,-1.032,-0.206,21.851,0.199,10,5,2,3,1,3,0,2,8,106,110,15,61,5.782,13.25,2,5,115,0.136,0.4,0.2,0.555,0.6,0,NA,NA,NA,https://upload.wikimedia.org/wikipedia/commons/5/55/Women%27s_Caribbean_Premier_League_T20_logo.png,#252F60,#019DD5,https://www.espncricinfo.com/db/PICTURES/CMS/320600/320648.png,https://www.espncricinfo.com/db/PICTURES/CMS/320600/320648.png,https://www.espncricinfo.com/db/PICTURES/CMS/307300/307335.png
Shabnim Ismail,276997,Guyana Amazon Warriors Women,2024,Women's Caribbean Premier League,22.432,0.299,-4.503,-2.252,26.935,0.369,0,2,0,2,0,2,0,1,7,63,73,8,40,5.178,9,0,0,75,0.11,0,0,0.548,1,0,NA,NA,NA,https://upload.wikimedia.org/wikipedia/commons/5/55/Women%27s_Caribbean_Premier_League_T20_logo.png,#252F60,#019DD5,https://www.espncricinfo.com/db/PICTURES/CMS/320600/320648.png,https://www.espncricinfo.com/db/PICTURES/CMS/320600/320648.png,https://www.espncricinfo.com/db/PICTURES/CMS/307300/307335.png
Shakera Selman,355356,Barbados Royals Women,2022,Women's Caribbean Premier League,25.662,0.329,0.333,0.055,25.329,0.352,5,6,0,0,0,6,5,NA,5,62,72,3,29,5.167,12.4,0.833,NA,78,0.042,0,0,0.403,0,0.833,NA,NA,NA,https://upload.wikimedia.org/wikipedia/commons/5/55/Women%27s_Caribbean_Premier_League_T20_logo.png,#252F60,#019DD5,https://www.espncricinfo.com/db/PICTURES/CMS/320600/320604.png,https://www.espncricinfo.com/db/PICTURES/CMS/320600/320604.png,https://www.espncricinfo.com/db/PICTURES/CMS/306600/306699.png
Shakera Selman,355356,Guyana Amazon Warriors Women,2023,Women's Caribbean Premier League,8.43,0.159,-0.045,-0.045,8.475,0.163,1,1,0,0,0,1,1,NA,3,50,52,3,20,5.769,16.667,1,NA,53,0.058,0,0,0.385,0,1,NA,NA,NA,https://upload.wikimedia.org/wikipedia/commons/5/55/Women%27s_Caribbean_Premier_League_T20_logo.png,#252F60,#019DD5,https://www.espncricinfo.com/db/PICTURES/CMS/320600/320604.png,https://www.espncricinfo.com/db/PICTURES/CMS/320600/320604.png,https://www.espncricinfo.com/db/PICTURES/CMS/306600/306699.png
Shakera Selman,355356,Guyana Amazon Warriors Women,2024,Women's Caribbean Premier League,-8.489,-0.218,-0.045,-0.045,-8.444,-0.222,1,1,0,0,0,1,1,NA,1,49,38,5,10,7.737,49,1,NA,39,0.132,0,0,0.263,0,1,NA,NA,NA,https://upload.wikimedia.org/wikipedia/commons/5/55/Women%27s_Caribbean_Premier_League_T20_logo.png,#252F60,#019DD5,https://www.espncricinfo.com/db/PICTURES/CMS/320600/320604.png,https://www.espncricinfo.com/db/PICTURES/CMS/320600/320604.png,https://www.espncricinfo.com/db/PICTURES/CMS/306600/306699.png
Shamilia Connell,474191,Guyana Amazon Warriors Women,2022,Women's Caribbean Premier League,14.679,0.565,-1.214,-1.214,15.893,0.636,0,1,0,1,0,1,0,NA,2,10,25,0,15,2.4,5,0,NA,26,0,0,0,0.6,1,0,NA,NA,NA,https://upload.wikimedia.org/wikipedia/commons/5/55/Women%27s_Caribbean_Premier_League_T20_logo.png,#252F60,#019DD5,https://www.espncricinfo.com/db/PICTURES/CMS/320600/320605.png,https://www.espncricinfo.com/db/PICTURES/CMS/320600/320605.png,https://www.espncricinfo.com/db/PICTURES/CMS/306700/306700.png
Shamilia Connell,474191,Trinbago Knight Riders Women,2023,Women's Caribbean Premier League,-22.053,-0.345,-17.27,-1.234,-4.782,-0.096,7,14,0,8,0,15,7,1,1,56,50,8,24,6.72,56,0.5,7,64,0.16,0,0,0.48,0.571,0.467,NA,NA,NA,https://upload.wikimedia.org/wikipedia/commons/5/55/Women%27s_Caribbean_Premier_League_T20_logo.png,#252F60,#019DD5,https://www.espncricinfo.com/db/PICTURES/CMS/320600/320605.png,https://www.espncricinfo.com/db/PICTURES/CMS/320600/320605.png,https://www.espncricinfo.com/db/PICTURES/CMS/306700/306700.png
Shawnisha Hector,1204928,Trinbago Knight Riders Women,2022,Women's Caribbean Premier League,-3.334,-1.667,-3.334,-1.667,0,0,1,2,0,1,0,2,1,1,NA,NA,0,NA,NA,NA,NA,0.5,1,2,NA,0,0,NA,0.5,0.5,NA,NA,NA,https://upload.wikimedia.org/wikipedia/commons/5/55/Women%27s_Caribbean_Premier_League_T20_logo.png,#252F60,#019DD5,https://cricketgoldcoast.com.au/wp-content/uploads/2019/08/generic-headshot.png,https://cricketgoldcoast.com.au/wp-content/uploads/2019/08/generic-headshot.png,https://cricketgoldcoast.com.au/wp-content/uploads/2019/08/generic-headshot.png
Shemaine Campbelle,424631,Guyana Amazon Warriors Women,2022,Women's Caribbean Premier League,-12.559,-0.502,-12.559,-0.502,0,0,16,25,0,9,0,25,16,1,NA,NA,0,NA,NA,NA,NA,0.64,16,25,NA,0,0,NA,0.36,0.64,NA,NA,NA,https://upload.wikimedia.org/wikipedia/commons/5/55/Women%27s_Caribbean_Premier_League_T20_logo.png,#252F60,#019DD5,https://www.espncricinfo.com/db/PICTURES/CMS/320600/320608.png,https://www.espncricinfo.com/db/PICTURES/CMS/320600/320608.png,https://www.espncricinfo.com/db/PICTURES/CMS/306600/306631.png
Shemaine Campbelle,424631,Guyana Amazon Warriors Women,2023,Women's Caribbean Premier League,8.533,0.147,8.533,0.147,0,0,73,58,9,17,2,49,33,1,NA,NA,0,NA,NA,NA,NA,1.259,73,58,NA,0.155,0.034,NA,0.293,0.673,NA,NA,NA,https://upload.wikimedia.org/wikipedia/commons/5/55/Women%27s_Caribbean_Premier_League_T20_logo.png,#252F60,#019DD5,https://www.espncricinfo.com/db/PICTURES/CMS/320600/320608.png,https://www.espncricinfo.com/db/PICTURES/CMS/320600/320608.png,https://www.espncricinfo.com/db/PICTURES/CMS/306600/306631.png
Shemaine Campbelle,424631,Guyana Amazon Warriors Women,2024,Women's Caribbean Premier League,-16.146,-0.323,-16.146,-0.323,0,0,41,50,2,19,0,48,33,2,NA,NA,0,NA,NA,NA,NA,0.82,20.5,50,NA,0.04,0,NA,0.38,0.688,NA,NA,NA,https://upload.wikimedia.org/wikipedia/commons/5/55/Women%27s_Caribbean_Premier_League_T20_logo.png,#252F60,#019DD5,https://www.espncricinfo.com/db/PICTURES/CMS/320600/320608.png,https://www.espncricinfo.com/db/PICTURES/CMS/320600/320608.png,https://www.espncricinfo.com/db/PICTURES/CMS/306600/306631.png
Sheneta Grimmond,909779,Guyana Amazon Warriors Women,2023,Women's Caribbean Premier League,-10.819,-0.235,-3.323,-0.831,-7.496,-0.178,5,4,1,2,0,3,1,2,2,50,42,7,20,7.143,25,1.25,2.5,46,0.167,0.25,0,0.476,0.5,0.333,NA,NA,NA,https://upload.wikimedia.org/wikipedia/commons/5/55/Women%27s_Caribbean_Premier_League_T20_logo.png,#252F60,#019DD5,https://www.espncricinfo.com/db/PICTURES/CMS/321600/321675.png,https://www.espncricinfo.com/db/PICTURES/CMS/321600/321675.png,https://www.espncricinfo.com/db/PICTURES/CMS/306600/306630.png
Sheneta Grimmond,909779,Guyana Amazon Warriors Women,2024,Women's Caribbean Premier League,-14.237,-0.431,-6.873,-0.458,-7.363,-0.409,9,15,0,8,0,16,9,1,0,25,18,3,7,8.333,Inf,0.6,9,33,0.167,0,0,0.389,0.533,0.562,NA,NA,NA,https://upload.wikimedia.org/wikipedia/commons/5/55/Women%27s_Caribbean_Premier_League_T20_logo.png,#252F60,#019DD5,https://www.espncricinfo.com/db/PICTURES/CMS/321600/321675.png,https://www.espncricinfo.com/db/PICTURES/CMS/321600/321675.png,https://www.espncricinfo.com/db/PICTURES/CMS/306600/306630.png
Sheneta Grimmond,909779,Trinbago Knight Riders Women,2022,Women's Caribbean Premier League,-0.192,-0.004,-3.824,-0.546,3.631,0.084,3,7,0,3,0,7,3,NA,3,44,43,4,20,6.14,14.667,0.429,NA,50,0.093,0,0,0.465,0.429,0.429,NA,NA,NA,https://upload.wikimedia.org/wikipedia/commons/5/55/Women%27s_Caribbean_Premier_League_T20_logo.png,#252F60,#019DD5,https://www.espncricinfo.com/db/PICTURES/CMS/321600/321675.png,https://www.espncricinfo.com/db/PICTURES/CMS/321600/321675.png,https://www.espncricinfo.com/db/PICTURES/CMS/306600/306630.png
Shikha Pandey,442145,Trinbago Knight Riders Women,2024,Women's Caribbean Premier League,-24.741,-0.196,-17.135,-0.281,-7.606,-0.117,57,61,6,25,1,57,31,3,2,75,65,10,25,6.923,37.5,0.934,19,126,0.154,0.098,0.016,0.385,0.41,0.544,NA,NA,NA,https://upload.wikimedia.org/wikipedia/commons/5/55/Women%27s_Caribbean_Premier_League_T20_logo.png,#252F60,#019DD5,https://www.espncricinfo.com/db/PICTURES/CMS/320600/320631.png,https://www.espncricinfo.com/db/PICTURES/CMS/320600/320631.png,https://www.espncricinfo.com/db/PICTURES/CMS/304500/304564.png
Shreyanka Patil,1289948,Guyana Amazon Warriors Women,2023,Women's Caribbean Premier League,24.698,0.211,-7.615,-1.088,32.313,0.294,4,7,0,4,0,7,4,2,10,107,110,14,62,5.836,10.7,0.571,2,117,0.127,0,0,0.564,0.571,0.571,NA,NA,NA,https://upload.wikimedia.org/wikipedia/commons/5/55/Women%27s_Caribbean_Premier_League_T20_logo.png,#252F60,#019DD5,NA,NA,NA
Snigdha Paul,1329775,Barbados Royals Women,2022,Women's Caribbean Premier League,-4.023,-0.671,-4.023,-0.671,0,0,4,6,0,2,0,6,4,1,NA,NA,0,NA,NA,NA,NA,0.667,4,6,NA,0,0,NA,0.333,0.667,NA,NA,NA,https://upload.wikimedia.org/wikipedia/commons/5/55/Women%27s_Caribbean_Premier_League_T20_logo.png,#252F60,#019DD5,https://www.espncricinfo.com/db/PICTURES/CMS/351500/351552.png,https://www.espncricinfo.com/db/PICTURES/CMS/351500/351552.png,https://www.espncricinfo.com/db/PICTURES/CMS/345500/345529.3.jpg
Sophie Devine,231740,Guyana Amazon Warriors Women,2023,Women's Caribbean Premier League,79.729,0.282,82.53,0.456,-2.801,-0.027,253,181,36,66,10,151,89,3,5,110,102,16,55,6.471,22,1.398,84.333,283,0.157,0.199,0.055,0.539,0.365,0.589,NA,NA,NA,https://upload.wikimedia.org/wikipedia/commons/5/55/Women%27s_Caribbean_Premier_League_T20_logo.png,#252F60,#019DD5,https://www.espncricinfo.com/db/PICTURES/CMS/320500/320551.png,https://www.espncricinfo.com/db/PICTURES/CMS/320500/320551.png,https://www.espncricinfo.com/db/PICTURES/CMS/305800/305803.png
Stafanie Taylor,355359,Guyana Amazon Warriors Women,2022,Women's Caribbean Premier League,-6.862,-0.202,-6.862,-0.202,0,0,32,34,2,11,0,32,24,NA,NA,NA,0,NA,NA,NA,NA,0.941,NA,34,NA,0.059,0,NA,0.324,0.75,NA,NA,NA,https://upload.wikimedia.org/wikipedia/commons/5/55/Women%27s_Caribbean_Premier_League_T20_logo.png,#252F60,#019DD5,https://www.espncricinfo.com/db/PICTURES/CMS/320600/320610.png,https://www.espncricinfo.com/db/PICTURES/CMS/320600/320610.png,https://www.espncricinfo.com/db/PICTURES/CMS/306600/306628.png
Stafanie Taylor,355359,Guyana Amazon Warriors Women,2023,Women's Caribbean Premier League,-8.348,-0.106,-8.348,-0.106,0,0,85,79,10,30,1,70,43,4,NA,NA,0,NA,NA,NA,NA,1.076,21.25,79,NA,0.127,0.013,NA,0.38,0.614,NA,NA,NA,https://upload.wikimedia.org/wikipedia/commons/5/55/Women%27s_Caribbean_Premier_League_T20_logo.png,#252F60,#019DD5,https://www.espncricinfo.com/db/PICTURES/CMS/320600/320610.png,https://www.espncricinfo.com/db/PICTURES/CMS/320600/320610.png,https://www.espncricinfo.com/db/PICTURES/CMS/306600/306628.png
Stafanie Taylor,355359,Guyana Amazon Warriors Women,2024,Women's Caribbean Premier League,1.306,0.019,0.126,0.003,1.18,0.045,44,44,6,19,1,41,18,2,0,26,26,0,5,6,Inf,1,22,70,0,0.136,0.023,0.192,0.432,0.439,NA,NA,NA,https://upload.wikimedia.org/wikipedia/commons/5/55/Women%27s_Caribbean_Premier_League_T20_logo.png,#252F60,#019DD5,https://www.espncricinfo.com/db/PICTURES/CMS/320600/320610.png,https://www.espncricinfo.com/db/PICTURES/CMS/320600/320610.png,https://www.espncricinfo.com/db/PICTURES/CMS/306600/306628.png
Sune Luus,487007,Trinbago Knight Riders Women,2022,Women's Caribbean Premier League,1.717,0.019,-17.606,-0.451,19.324,0.386,29,39,2,18,0,37,21,2,2,31,50,0,23,3.72,15.5,0.744,14.5,89,0,0.051,0,0.46,0.462,0.568,NA,NA,NA,https://upload.wikimedia.org/wikipedia/commons/5/55/Women%27s_Caribbean_Premier_League_T20_logo.png,#252F60,#019DD5,https://www.espncricinfo.com/db/PICTURES/CMS/320600/320650.png,https://www.espncricinfo.com/db/PICTURES/CMS/320600/320650.png,https://www.espncricinfo.com/db/PICTURES/CMS/307300/307332.png
Suzie Bates,54565,Guyana Amazon Warriors Women,2023,Women's Caribbean Premier League,-4.945,-0.03,5.714,0.049,-10.659,-0.227,123,116,14,41,0,103,67,5,0,58,47,6,11,7.404,Inf,1.06,24.6,163,0.128,0.121,0,0.234,0.353,0.65,NA,NA,NA,https://upload.wikimedia.org/wikipedia/commons/5/55/Women%27s_Caribbean_Premier_League_T20_logo.png,#252F60,#019DD5,https://www.espncricinfo.com/db/PICTURES/CMS/320600/320652.png,https://www.espncricinfo.com/db/PICTURES/CMS/320600/320652.png,https://www.espncricinfo.com/db/PICTURES/CMS/305800/305804.png
Trishan Holder,1325396,Barbados Royals Women,2023,Women's Caribbean Premier League,-3.228,-0.646,-3.228,-0.646,0,0,4,5,0,2,0,5,4,1,NA,NA,0,NA,NA,NA,NA,0.8,4,5,NA,0,0,NA,0.4,0.8,NA,NA,NA,https://upload.wikimedia.org/wikipedia/commons/5/55/Women%27s_Caribbean_Premier_League_T20_logo.png,#252F60,#019DD5,https://www.espncricinfo.com/db/PICTURES/CMS/343000/343077.png,https://www.espncricinfo.com/db/PICTURES/CMS/343000/343077.png,https://www.espncricinfo.com/db/PICTURES/CMS/353900/353925.4.jpg
Vanessa Watts,474202,Barbados Royals Women,2023,Women's Caribbean Premier League,-2.87,-0.205,0,0,-2.87,-0.205,NA,0,NA,NA,NA,NA,NA,NA,0,17,14,1,4,7.286,Inf,NA,NA,14,0.071,NA,NA,0.286,NA,NA,NA,NA,NA,https://upload.wikimedia.org/wikipedia/commons/5/55/Women%27s_Caribbean_Premier_League_T20_logo.png,#252F60,#019DD5,https://www.espncricinfo.com/db/PICTURES/CMS/370900/370954.4.jpg,https://www.espncricinfo.com/db/PICTURES/CMS/370900/370954.4.jpg,https://www.espncricinfo.com/db/PICTURES/CMS/370900/370954.4.jpg
Zaida James,1268281,Trinbago Knight Riders Women,2023,Women's Caribbean Premier League,-30.12,-0.372,-25.632,-0.986,-4.487,-0.082,7,26,0,20,0,27,7,3,3,71,55,10,21,7.745,23.667,0.269,2.333,81,0.182,0,0,0.382,0.769,0.259,NA,NA,NA,https://upload.wikimedia.org/wikipedia/commons/5/55/Women%27s_Caribbean_Premier_League_T20_logo.png,#252F60,#019DD5,https://www.espncricinfo.com/db/PICTURES/CMS/353900/353926.4.jpg,https://www.espncricinfo.com/db/PICTURES/CMS/353900/353926.4.jpg,https://www.espncricinfo.com/db/PICTURES/CMS/353900/353926.4.jpg
Zaida James,1268281,Trinbago Knight Riders Women,2024,Women's Caribbean Premier League,-4.403,-0.065,4.019,0.155,-8.422,-0.201,34,26,5,10,0,21,14,2,1,53,42,7,13,7.571,53,1.308,17,68,0.167,0.192,0,0.31,0.385,0.667,NA,NA,NA,https://upload.wikimedia.org/wikipedia/commons/5/55/Women%27s_Caribbean_Premier_League_T20_logo.png,#252F60,#019DD5,https://www.espncricinfo.com/db/PICTURES/CMS/353900/353926.4.jpg,https://www.espncricinfo.com/db/PICTURES/CMS/353900/353926.4.jpg,https://www.espncricinfo.com/db/PICTURES/CMS/353900/353926.4.jpg
