player,cricinfo_id,team,season,competition,match_id,custom_match_id,total_impact,total_impact_per_ball,total_bat_impact,bat_impact_per_ball,total_bowl_impact,bowl_impact_per_ball,runs_for,balls_faced,boundaries,dots_against,sixes,non_boundary_balls_faced,non_boundary_runs_gained,wickets_lost,wickets_taken,runs_against,balls_bowled,boundaries_against,dots_bowled,bowl_economy,bowl_average,strike_rate,average,balls_total,boundary_perc_against,boundary_percentage,six_percentage,dots_bowled_percentage,dots_batted_percentage,non_boundary_strike_rate,team_abbr,logo_url,primary_color,comp_logo,headshot_image_url,headshot_primary_image_url,headshot_secondary_image_url
Aaliyah Alleyne,661441,Barbados Royals Women,2022,Women's Caribbean Premier League,1323178,WCPL_BR-W_TKR-W_2022-08-31,-8.229,-0.284,-8.229,-0.284,0,0,19,29,1,15,0,28,15,1,0,0,0,0,0,NA,NA,0.655,19,29,NA,0.034,0,NA,0.517,0.536,NA,NA,NA,NA,https://www.espncricinfo.com/db/PICTURES/CMS/321600/321671.png,https://www.espncricinfo.com/db/PICTURES/CMS/321600/321671.png,https://www.espncricinfo.com/db/PICTURES/CMS/306100/306128.png
Aaliyah Alleyne,661441,Barbados Royals Women,2022,Women's Caribbean Premier League,1323180,WCPL_BR-W_GAW-W_2022-09-03,-8.465,-0.446,-8.465,-0.446,0,0,10,19,0,11,0,19,10,1,0,0,0,0,0,NA,NA,0.526,10,19,NA,0,0,NA,0.579,0.526,NA,NA,NA,NA,https://www.espncricinfo.com/db/PICTURES/CMS/321600/321671.png,https://www.espncricinfo.com/db/PICTURES/CMS/321600/321671.png,https://www.espncricinfo.com/db/PICTURES/CMS/306100/306128.png
Aaliyah Alleyne,661441,Barbados Royals Women,2022,Women's Caribbean Premier League,1323181,WCPL_BR-W_TKR-W_2022-09-04,-2.746,-0.229,-2.746,-0.229,0,0,7,12,0,5,0,12,7,1,0,0,0,0,0,NA,NA,0.583,7,12,NA,0,0,NA,0.417,0.583,NA,NA,NA,NA,https://www.espncricinfo.com/db/PICTURES/CMS/321600/321671.png,https://www.espncricinfo.com/db/PICTURES/CMS/321600/321671.png,https://www.espncricinfo.com/db/PICTURES/CMS/306100/306128.png
Aaliyah Alleyne,661441,Barbados Royals Women,2023,Women's Caribbean Premier League,1380589,WCPL_BR-W_GAW-W_2023-08-31,-6.422,-0.494,0,0,-6.422,-0.494,0,0,0,0,0,0,0,0,0,19,13,2,2,8.769,Inf,NA,NA,13,0.154,NA,NA,0.154,NA,NA,NA,NA,NA,NA,https://www.espncricinfo.com/db/PICTURES/CMS/321600/321671.png,https://www.espncricinfo.com/db/PICTURES/CMS/321600/321671.png,https://www.espncricinfo.com/db/PICTURES/CMS/306100/306128.png
Aaliyah Alleyne,661441,Barbados Royals Women,2023,Women's Caribbean Premier League,1380590,WCPL_BR-W_TKR-W_2023-09-02,8.463,0.705,0,0,8.463,0.705,0,0,0,0,0,0,0,0,1,7,12,0,7,3.5,7,NA,NA,12,0,NA,NA,0.583,NA,NA,NA,NA,NA,NA,https://www.espncricinfo.com/db/PICTURES/CMS/321600/321671.png,https://www.espncricinfo.com/db/PICTURES/CMS/321600/321671.png,https://www.espncricinfo.com/db/PICTURES/CMS/306100/306128.png
Aaliyah Alleyne,661441,Barbados Royals Women,2023,Women's Caribbean Premier League,1380591,WCPL_BR-W_GAW-W_2023-09-03,-9.144,-0.295,-5.06,-0.281,-4.084,-0.314,10,18,0,6,0,18,10,1,0,17,13,2,5,7.846,Inf,0.556,10,31,0.154,0,0,0.385,0.333,0.556,NA,NA,NA,NA,https://www.espncricinfo.com/db/PICTURES/CMS/321600/321671.png,https://www.espncricinfo.com/db/PICTURES/CMS/321600/321671.png,https://www.espncricinfo.com/db/PICTURES/CMS/306100/306128.png
Aaliyah Alleyne,661441,Barbados Royals Women,2023,Women's Caribbean Premier League,1380593,WCPL_BR-W_TKR-W_2023-09-06,-25.4,-0.794,-3.117,-0.445,-22.283,-0.891,6,7,0,2,0,7,6,1,0,44,25,5,6,10.56,Inf,0.857,6,32,0.2,0,0,0.24,0.286,0.857,NA,NA,NA,NA,https://www.espncricinfo.com/db/PICTURES/CMS/321600/321671.png,https://www.espncricinfo.com/db/PICTURES/CMS/321600/321671.png,https://www.espncricinfo.com/db/PICTURES/CMS/306100/306128.png
Aaliyah Alleyne,661441,Barbados Royals Women,2023,Women's Caribbean Premier League,1380595,WCPL_GAW-W_BR-W_2023-09-10,-4.891,-0.543,-4.503,-2.252,-0.388,-0.055,0,2,0,2,0,2,0,1,0,7,7,1,3,6,Inf,0,0,9,0.143,0,0,0.429,1,0,NA,NA,NA,NA,https://www.espncricinfo.com/db/PICTURES/CMS/321600/321671.png,https://www.espncricinfo.com/db/PICTURES/CMS/321600/321671.png,https://www.espncricinfo.com/db/PICTURES/CMS/306100/306128.png
Afy Fletcher,355351,Barbados Royals Women,2022,Women's Caribbean Premier League,1323178,WCPL_BR-W_TKR-W_2022-08-31,0.873,0.028,-6.991,-0.538,7.864,0.437,8,13,0,6,0,13,8,1,1,12,18,1,10,4,12,0.615,8,31,0.056,0,0,0.556,0.462,0.615,NA,NA,NA,NA,https://www.espncricinfo.com/db/PICTURES/CMS/320500/320593.png,https://www.espncricinfo.com/db/PICTURES/CMS/320500/320593.png,https://www.espncricinfo.com/db/PICTURES/CMS/306100/306129.png
Afy Fletcher,355351,Barbados Royals Women,2022,Women's Caribbean Premier League,1323180,WCPL_BR-W_GAW-W_2022-09-03,1.713,0.143,0,0,1.713,0.143,0,0,0,0,0,0,0,0,0,11,12,1,6,5.5,Inf,NA,NA,12,0.083,NA,NA,0.5,NA,NA,NA,NA,NA,NA,https://www.espncricinfo.com/db/PICTURES/CMS/320500/320593.png,https://www.espncricinfo.com/db/PICTURES/CMS/320500/320593.png,https://www.espncricinfo.com/db/PICTURES/CMS/306100/306129.png
Afy Fletcher,355351,Barbados Royals Women,2022,Women's Caribbean Premier League,1323181,WCPL_BR-W_TKR-W_2022-09-04,7.1,0.273,-4.245,-2.123,11.345,0.473,0,2,0,2,0,2,0,1,1,17,24,1,11,4.25,17,0,0,26,0.042,0,0,0.458,1,0,NA,NA,NA,NA,https://www.espncricinfo.com/db/PICTURES/CMS/320500/320593.png,https://www.espncricinfo.com/db/PICTURES/CMS/320500/320593.png,https://www.espncricinfo.com/db/PICTURES/CMS/306100/306129.png
Afy Fletcher,355351,Barbados Royals Women,2023,Women's Caribbean Premier League,1380589,WCPL_BR-W_GAW-W_2023-08-31,9.27,0.386,0,0,9.27,0.386,0,0,0,0,0,0,0,0,0,17,24,0,8,4.25,Inf,NA,NA,24,0,NA,NA,0.333,NA,NA,NA,NA,NA,NA,https://www.espncricinfo.com/db/PICTURES/CMS/320500/320593.png,https://www.espncricinfo.com/db/PICTURES/CMS/320500/320593.png,https://www.espncricinfo.com/db/PICTURES/CMS/306100/306129.png
Afy Fletcher,355351,Barbados Royals Women,2023,Women's Caribbean Premier League,1380590,WCPL_BR-W_TKR-W_2023-09-02,11.794,1.072,0,0,11.794,1.072,0,0,0,0,0,0,0,0,1,6,11,0,6,3.273,6,NA,NA,11,0,NA,NA,0.545,NA,NA,NA,NA,NA,NA,https://www.espncricinfo.com/db/PICTURES/CMS/320500/320593.png,https://www.espncricinfo.com/db/PICTURES/CMS/320500/320593.png,https://www.espncricinfo.com/db/PICTURES/CMS/306100/306129.png
Afy Fletcher,355351,Barbados Royals Women,2023,Women's Caribbean Premier League,1380591,WCPL_BR-W_GAW-W_2023-09-03,-2.546,-0.106,0,0,-2.546,-0.106,0,0,0,0,0,0,0,0,0,30,24,3,6,7.5,Inf,NA,NA,24,0.125,NA,NA,0.25,NA,NA,NA,NA,NA,NA,https://www.espncricinfo.com/db/PICTURES/CMS/320500/320593.png,https://www.espncricinfo.com/db/PICTURES/CMS/320500/320593.png,https://www.espncricinfo.com/db/PICTURES/CMS/306100/306129.png
Afy Fletcher,355351,Barbados Royals Women,2023,Women's Caribbean Premier League,1380595,WCPL_GAW-W_BR-W_2023-09-10,-0.574,-0.023,-0.045,-0.045,-0.529,-0.022,1,1,0,0,0,1,1,0,0,24,24,1,5,6,Inf,1,Inf,25,0.042,0,0,0.208,0,1,NA,NA,NA,NA,https://www.espncricinfo.com/db/PICTURES/CMS/320500/320593.png,https://www.espncricinfo.com/db/PICTURES/CMS/320500/320593.png,https://www.espncricinfo.com/db/PICTURES/CMS/306100/306129.png
Amanda-Jade Wellington,381305,Barbados Royals Women,2023,Women's Caribbean Premier League,1380589,WCPL_BR-W_GAW-W_2023-08-31,-1.343,-0.056,0,0,-1.343,-0.056,0,0,0,0,0,0,0,0,1,29,24,3,7,7.25,29,NA,NA,24,0.125,NA,NA,0.292,NA,NA,NA,NA,NA,NA,https://www.espncricinfo.com/db/PICTURES/CMS/326400/326476.png,https://www.espncricinfo.com/db/PICTURES/CMS/326400/326476.png,https://www.espncricinfo.com/db/PICTURES/CMS/324900/324996.4.jpg
Amanda-Jade Wellington,381305,Barbados Royals Women,2023,Women's Caribbean Premier League,1380590,WCPL_BR-W_TKR-W_2023-09-02,15.792,0.658,0,0,15.792,0.658,0,0,0,0,0,0,0,0,3,15,24,1,15,3.75,5,NA,NA,24,0.042,NA,NA,0.625,NA,NA,NA,NA,NA,NA,https://www.espncricinfo.com/db/PICTURES/CMS/326400/326476.png,https://www.espncricinfo.com/db/PICTURES/CMS/326400/326476.png,https://www.espncricinfo.com/db/PICTURES/CMS/324900/324996.4.jpg
Amanda-Jade Wellington,381305,Barbados Royals Women,2023,Women's Caribbean Premier League,1380591,WCPL_BR-W_GAW-W_2023-09-03,9.496,0.271,4.866,0.442,4.63,0.193,15,11,2,2,0,9,7,0,1,21,24,2,9,5.25,21,1.364,Inf,35,0.083,0.182,0,0.375,0.182,0.778,NA,NA,NA,NA,https://www.espncricinfo.com/db/PICTURES/CMS/326400/326476.png,https://www.espncricinfo.com/db/PICTURES/CMS/326400/326476.png,https://www.espncricinfo.com/db/PICTURES/CMS/324900/324996.4.jpg
Amanda-Jade Wellington,381305,Barbados Royals Women,2023,Women's Caribbean Premier League,1380593,WCPL_BR-W_TKR-W_2023-09-06,19.001,0.704,2.72,0.907,16.281,0.678,6,3,1,1,0,2,2,1,0,11,24,0,15,2.75,Inf,2,6,27,0,0.333,0,0.625,0.333,1,NA,NA,NA,NA,https://www.espncricinfo.com/db/PICTURES/CMS/326400/326476.png,https://www.espncricinfo.com/db/PICTURES/CMS/326400/326476.png,https://www.espncricinfo.com/db/PICTURES/CMS/324900/324996.4.jpg
Amanda-Jade Wellington,381305,Barbados Royals Women,2023,Women's Caribbean Premier League,1380595,WCPL_GAW-W_BR-W_2023-09-10,17.582,0.628,6.83,1.708,10.752,0.448,10,4,2,0,0,2,2,0,4,23,24,2,10,5.75,5.75,2.5,Inf,28,0.083,0.5,0,0.417,0,1,NA,NA,NA,NA,https://www.espncricinfo.com/db/PICTURES/CMS/326400/326476.png,https://www.espncricinfo.com/db/PICTURES/CMS/326400/326476.png,https://www.espncricinfo.com/db/PICTURES/CMS/324900/324996.4.jpg
Anisa Mohammed,55187,Trinbago Knight Riders Women,2022,Women's Caribbean Premier League,1323178,WCPL_BR-W_TKR-W_2022-08-31,5.344,0.445,0,0,5.344,0.445,0,0,0,0,0,0,0,0,1,9,12,0,5,4.5,9,NA,NA,12,0,NA,NA,0.417,NA,NA,NA,NA,NA,NA,https://www.espncricinfo.com/db/PICTURES/CMS/320500/320594.png,https://www.espncricinfo.com/db/PICTURES/CMS/320500/320594.png,https://www.espncricinfo.com/db/PICTURES/CMS/306100/306131.png
Anisa Mohammed,55187,Trinbago Knight Riders Women,2022,Women's Caribbean Premier League,1323181,WCPL_BR-W_TKR-W_2022-09-04,12.588,0.525,0,0,12.588,0.525,0,0,0,0,0,0,0,0,3,17,24,0,8,4.25,5.667,NA,NA,24,0,NA,NA,0.333,NA,NA,NA,NA,NA,NA,https://www.espncricinfo.com/db/PICTURES/CMS/320500/320594.png,https://www.espncricinfo.com/db/PICTURES/CMS/320500/320594.png,https://www.espncricinfo.com/db/PICTURES/CMS/306100/306131.png
Anisa Mohammed,55187,Trinbago Knight Riders Women,2023,Women's Caribbean Premier League,1380590,WCPL_BR-W_TKR-W_2023-09-02,-6.998,-0.304,-6.035,-0.603,-0.963,-0.074,6,10,1,6,0,9,2,1,0,12,13,1,7,5.538,Inf,0.6,6,23,0.077,0.1,0,0.538,0.6,0.222,NA,NA,NA,NA,https://www.espncricinfo.com/db/PICTURES/CMS/320500/320594.png,https://www.espncricinfo.com/db/PICTURES/CMS/320500/320594.png,https://www.espncricinfo.com/db/PICTURES/CMS/306100/306131.png
Anisa Mohammed,55187,Trinbago Knight Riders Women,2023,Women's Caribbean Premier League,1380592,WCPL_TKR-W_GAW-W_2023-09-05,3.412,0.103,-1.303,-0.145,4.715,0.196,10,9,1,4,0,8,6,1,4,28,24,4,12,7,7,1.111,10,33,0.167,0.111,0,0.5,0.444,0.75,NA,NA,NA,NA,https://www.espncricinfo.com/db/PICTURES/CMS/320500/320594.png,https://www.espncricinfo.com/db/PICTURES/CMS/320500/320594.png,https://www.espncricinfo.com/db/PICTURES/CMS/306100/306131.png
Anisa Mohammed,55187,Trinbago Knight Riders Women,2023,Women's Caribbean Premier League,1380593,WCPL_BR-W_TKR-W_2023-09-06,-4.685,-0.195,0,0,-4.685,-0.195,0,0,0,0,0,0,0,0,1,32,24,3,8,8,32,NA,NA,24,0.125,NA,NA,0.333,NA,NA,NA,NA,NA,NA,https://www.espncricinfo.com/db/PICTURES/CMS/320500/320594.png,https://www.espncricinfo.com/db/PICTURES/CMS/320500/320594.png,https://www.espncricinfo.com/db/PICTURES/CMS/306100/306131.png
Anisa Mohammed,55187,Trinbago Knight Riders Women,2023,Women's Caribbean Premier League,1380594,WCPL_GAW-W_TKR-W_2023-09-09,-20.617,-1.031,-10.755,-0.978,-9.862,-1.096,4,11,0,7,0,11,4,1,0,20,9,3,4,13.333,Inf,0.364,4,20,0.333,0,0,0.444,0.636,0.364,NA,NA,NA,NA,https://www.espncricinfo.com/db/PICTURES/CMS/320500/320594.png,https://www.espncricinfo.com/db/PICTURES/CMS/320500/320594.png,https://www.espncricinfo.com/db/PICTURES/CMS/306100/306131.png
Ayabonga Khaka,387261,Guyana Amazon Warriors Women,2022,Women's Caribbean Premier League,1323180,WCPL_BR-W_GAW-W_2022-09-03,13.184,0.527,0,0,13.184,0.527,0,0,0,0,0,0,0,0,1,11,25,0,16,2.64,11,NA,NA,25,0,NA,NA,0.64,NA,NA,NA,NA,NA,NA,https://www.espncricinfo.com/db/PICTURES/CMS/320600/320637.png,https://www.espncricinfo.com/db/PICTURES/CMS/320600/320637.png,https://www.espncricinfo.com/db/PICTURES/CMS/307200/307245.png
Britney Cooper,424629,Barbados Royals Women,2022,Women's Caribbean Premier League,1323178,WCPL_BR-W_TKR-W_2022-08-31,-4.023,-0.671,-4.023,-0.671,0,0,4,6,0,3,0,6,4,1,0,0,0,0,0,NA,NA,0.667,4,6,NA,0,0,NA,0.5,0.667,NA,NA,NA,NA,https://www.espncricinfo.com/db/PICTURES/CMS/320500/320595.png,https://www.espncricinfo.com/db/PICTURES/CMS/320500/320595.png,https://www.espncricinfo.com/db/PICTURES/CMS/306100/306133.png
Britney Cooper,424629,Barbados Royals Women,2022,Women's Caribbean Premier League,1323180,WCPL_BR-W_GAW-W_2022-09-03,-3.449,-3.449,-3.449,-3.449,0,0,0,1,0,1,0,1,0,1,0,0,0,0,0,NA,NA,0,0,1,NA,0,0,NA,1,0,NA,NA,NA,NA,https://www.espncricinfo.com/db/PICTURES/CMS/320500/320595.png,https://www.espncricinfo.com/db/PICTURES/CMS/320500/320595.png,https://www.espncricinfo.com/db/PICTURES/CMS/306100/306133.png
Britney Cooper,424629,Barbados Royals Women,2022,Women's Caribbean Premier League,1323181,WCPL_BR-W_TKR-W_2022-09-04,-6.632,-1.326,-6.632,-1.326,0,0,0,5,0,5,0,5,0,1,0,0,0,0,0,NA,NA,0,0,5,NA,0,0,NA,1,0,NA,NA,NA,NA,https://www.espncricinfo.com/db/PICTURES/CMS/320500/320595.png,https://www.espncricinfo.com/db/PICTURES/CMS/320500/320595.png,https://www.espncricinfo.com/db/PICTURES/CMS/306100/306133.png
Britney Cooper,424629,Trinbago Knight Riders Women,2023,Women's Caribbean Premier League,1380590,WCPL_BR-W_TKR-W_2023-09-02,-4.685,-0.781,-4.685,-0.781,0,0,4,6,0,4,0,6,4,1,0,0,0,0,0,NA,NA,0.667,4,6,NA,0,0,NA,0.667,0.667,NA,NA,NA,NA,https://www.espncricinfo.com/db/PICTURES/CMS/320500/320595.png,https://www.espncricinfo.com/db/PICTURES/CMS/320500/320595.png,https://www.espncricinfo.com/db/PICTURES/CMS/306100/306133.png
Britney Cooper,424629,Trinbago Knight Riders Women,2023,Women's Caribbean Premier League,1380592,WCPL_TKR-W_GAW-W_2023-09-05,-0.785,-0.262,-0.785,-0.262,0,0,5,3,1,1,0,2,1,1,0,0,0,0,0,NA,NA,1.667,5,3,NA,0.333,0,NA,0.333,0.5,NA,NA,NA,NA,https://www.espncricinfo.com/db/PICTURES/CMS/320500/320595.png,https://www.espncricinfo.com/db/PICTURES/CMS/320500/320595.png,https://www.espncricinfo.com/db/PICTURES/CMS/306100/306133.png
Carena Noel,530216,Trinbago Knight Riders Women,2023,Women's Caribbean Premier League,1380590,WCPL_BR-W_TKR-W_2023-09-02,-9.631,-0.803,-9.631,-0.803,0,0,4,12,0,7,0,12,4,1,0,0,0,0,0,NA,NA,0.333,4,12,NA,0,0,NA,0.583,0.333,NA,NA,NA,NA,https://www.espncricinfo.com/db/PICTURES/CMS/370900/370957.4.jpg,https://www.espncricinfo.com/db/PICTURES/CMS/370900/370957.4.jpg,https://www.espncricinfo.com/db/PICTURES/CMS/370900/370957.4.jpg
Chamari Athapaththu,318853,Guyana Amazon Warriors Women,2022,Women's Caribbean Premier League,1323180,WCPL_BR-W_GAW-W_2022-09-03,-1.769,-0.093,-1.769,-0.093,0,0,19,19,3,11,0,16,7,1,0,0,0,0,0,NA,NA,1,19,19,NA,0.158,0,NA,0.579,0.438,NA,NA,NA,NA,https://www.espncricinfo.com/db/PICTURES/CMS/320500/320555.png,https://www.espncricinfo.com/db/PICTURES/CMS/320500/320555.png,https://www.espncricinfo.com/db/PICTURES/CMS/302800/302875.jpg
Chedean Nation,355355,Barbados Royals Women,2023,Women's Caribbean Premier League,1380591,WCPL_BR-W_GAW-W_2023-09-03,-3.449,-3.449,-3.449,-3.449,0,0,0,1,0,1,0,1,0,1,0,0,0,0,0,NA,NA,0,0,1,NA,0,0,NA,1,0,NA,NA,NA,NA,https://www.espncricinfo.com/db/PICTURES/CMS/320500/320596.png,https://www.espncricinfo.com/db/PICTURES/CMS/320500/320596.png,https://www.espncricinfo.com/db/PICTURES/CMS/306600/306616.png
Chedean Nation,355355,Barbados Royals Women,2023,Women's Caribbean Premier League,1380593,WCPL_BR-W_TKR-W_2023-09-06,1.195,0.149,1.195,0.149,0,0,12,8,1,1,0,7,8,0,0,0,0,0,0,NA,NA,1.5,Inf,8,NA,0.125,0,NA,0.125,1.143,NA,NA,NA,NA,https://www.espncricinfo.com/db/PICTURES/CMS/320500/320596.png,https://www.espncricinfo.com/db/PICTURES/CMS/320500/320596.png,https://www.espncricinfo.com/db/PICTURES/CMS/306600/306616.png
Chedean Nation,355355,Guyana Amazon Warriors Women,2022,Women's Caribbean Premier League,1323180,WCPL_BR-W_GAW-W_2022-09-03,-7.21,-0.555,-7.21,-0.555,0,0,11,13,1,6,0,12,7,1,0,0,0,0,0,NA,NA,0.846,11,13,NA,0.077,0,NA,0.462,0.583,NA,NA,NA,NA,https://www.espncricinfo.com/db/PICTURES/CMS/320500/320596.png,https://www.espncricinfo.com/db/PICTURES/CMS/320500/320596.png,https://www.espncricinfo.com/db/PICTURES/CMS/306600/306616.png
Cherry-Ann Fraser,1214080,Guyana Amazon Warriors Women,2022,Women's Caribbean Premier League,1323180,WCPL_BR-W_GAW-W_2022-09-03,-8.215,-0.316,-3.289,-3.289,-4.926,-0.197,0,1,0,1,0,1,0,1,1,33,25,4,9,7.92,33,0,0,26,0.16,0,0,0.36,1,0,NA,NA,NA,NA,https://www.espncricinfo.com/db/PICTURES/CMS/321600/321677.png,https://www.espncricinfo.com/db/PICTURES/CMS/321600/321677.png,https://www.espncricinfo.com/db/PICTURES/CMS/306600/306618.png
Cherry-Ann Fraser,1214080,Guyana Amazon Warriors Women,2023,Women's Caribbean Premier League,1380589,WCPL_BR-W_GAW-W_2023-08-31,-16.794,-1.292,0,0,-16.794,-1.292,0,0,0,0,0,0,0,0,1,35,13,6,2,16.154,35,NA,NA,13,0.462,NA,NA,0.154,NA,NA,NA,NA,NA,NA,https://www.espncricinfo.com/db/PICTURES/CMS/321600/321677.png,https://www.espncricinfo.com/db/PICTURES/CMS/321600/321677.png,https://www.espncricinfo.com/db/PICTURES/CMS/306600/306618.png
Cherry-Ann Fraser,1214080,Guyana Amazon Warriors Women,2023,Women's Caribbean Premier League,1380591,WCPL_BR-W_GAW-W_2023-09-03,-13.489,-1.038,0,0,-13.489,-1.038,0,0,0,0,0,0,0,0,0,28,13,5,3,12.923,Inf,NA,NA,13,0.385,NA,NA,0.231,NA,NA,NA,NA,NA,NA,https://www.espncricinfo.com/db/PICTURES/CMS/321600/321677.png,https://www.espncricinfo.com/db/PICTURES/CMS/321600/321677.png,https://www.espncricinfo.com/db/PICTURES/CMS/306600/306618.png
Chinelle Henry,474190,Barbados Royals Women,2022,Women's Caribbean Premier League,1323178,WCPL_BR-W_TKR-W_2022-08-31,-16.967,-0.53,-9.649,-0.804,-7.318,-0.366,3,12,0,10,0,12,3,1,0,26,20,4,11,7.8,Inf,0.25,3,32,0.2,0,0,0.55,0.833,0.25,NA,NA,NA,NA,https://www.espncricinfo.com/db/PICTURES/CMS/321600/321678.png,https://www.espncricinfo.com/db/PICTURES/CMS/321600/321678.png,https://www.espncricinfo.com/db/PICTURES/CMS/306600/306619.png
Chinelle Henry,474190,Barbados Royals Women,2022,Women's Caribbean Premier League,1323180,WCPL_BR-W_GAW-W_2022-09-03,-2.68,-0.054,-13.979,-0.538,11.299,0.471,11,26,1,19,0,25,7,1,1,16,24,2,14,4,16,0.423,11,50,0.083,0.038,0,0.583,0.731,0.28,NA,NA,NA,NA,https://www.espncricinfo.com/db/PICTURES/CMS/321600/321678.png,https://www.espncricinfo.com/db/PICTURES/CMS/321600/321678.png,https://www.espncricinfo.com/db/PICTURES/CMS/306600/306619.png
Chinelle Henry,474190,Barbados Royals Women,2022,Women's Caribbean Premier League,1323181,WCPL_BR-W_TKR-W_2022-09-04,-4.098,-0.178,-4.597,-0.418,0.499,0.042,7,11,0,5,0,11,7,1,0,11,12,2,7,5.5,Inf,0.636,7,23,0.167,0,0,0.583,0.455,0.636,NA,NA,NA,NA,https://www.espncricinfo.com/db/PICTURES/CMS/321600/321678.png,https://www.espncricinfo.com/db/PICTURES/CMS/321600/321678.png,https://www.espncricinfo.com/db/PICTURES/CMS/306600/306619.png
Chinelle Henry,474190,Barbados Royals Women,2023,Women's Caribbean Premier League,1380589,WCPL_BR-W_GAW-W_2023-08-31,-0.433,-0.017,-0.932,-0.072,0.499,0.042,10,13,1,4,0,12,6,0,0,11,12,2,7,5.5,Inf,0.769,Inf,25,0.167,0.077,0,0.583,0.308,0.5,NA,NA,NA,NA,https://www.espncricinfo.com/db/PICTURES/CMS/321600/321678.png,https://www.espncricinfo.com/db/PICTURES/CMS/321600/321678.png,https://www.espncricinfo.com/db/PICTURES/CMS/306600/306619.png
Chinelle Henry,474190,Barbados Royals Women,2023,Women's Caribbean Premier League,1380590,WCPL_BR-W_TKR-W_2023-09-02,9.334,0.583,5.329,1.332,4.005,0.334,10,4,2,1,0,2,2,0,0,8,12,1,7,4,Inf,2.5,Inf,16,0.083,0.5,0,0.583,0.25,1,NA,NA,NA,NA,https://www.espncricinfo.com/db/PICTURES/CMS/321600/321678.png,https://www.espncricinfo.com/db/PICTURES/CMS/321600/321678.png,https://www.espncricinfo.com/db/PICTURES/CMS/306600/306619.png
Chinelle Henry,474190,Barbados Royals Women,2023,Women's Caribbean Premier League,1380591,WCPL_BR-W_GAW-W_2023-09-03,-8.67,-0.51,-2.099,-0.21,-6.571,-0.939,10,10,1,5,1,9,4,1,0,12,7,2,1,10.286,Inf,1,10,17,0.286,0.1,0.1,0.143,0.5,0.444,NA,NA,NA,NA,https://www.espncricinfo.com/db/PICTURES/CMS/321600/321678.png,https://www.espncricinfo.com/db/PICTURES/CMS/321600/321678.png,https://www.espncricinfo.com/db/PICTURES/CMS/306600/306619.png
Chinelle Henry,474190,Barbados Royals Women,2023,Women's Caribbean Premier League,1380595,WCPL_GAW-W_BR-W_2023-09-10,-12.352,-0.494,1.159,0.193,-13.51,-0.711,9,6,1,2,0,5,5,1,0,32,19,5,8,10.105,Inf,1.5,9,25,0.263,0.167,0,0.421,0.333,1,NA,NA,NA,NA,https://www.espncricinfo.com/db/PICTURES/CMS/321600/321678.png,https://www.espncricinfo.com/db/PICTURES/CMS/321600/321678.png,https://www.espncricinfo.com/db/PICTURES/CMS/306600/306619.png
Chloe Tryon,453370,Barbados Royals Women,2022,Women's Caribbean Premier League,1323178,WCPL_BR-W_TKR-W_2022-08-31,9.058,0.335,9.058,0.335,0,0,38,27,6,13,3,21,8,1,0,0,0,0,0,NA,NA,1.407,38,27,NA,0.222,0.111,NA,0.481,0.381,NA,NA,NA,NA,https://www.espncricinfo.com/db/PICTURES/CMS/320600/320638.png,https://www.espncricinfo.com/db/PICTURES/CMS/320600/320638.png,https://www.espncricinfo.com/db/PICTURES/CMS/307200/307247.png
Chloe Tryon,453370,Barbados Royals Women,2022,Women's Caribbean Premier League,1323180,WCPL_BR-W_GAW-W_2022-09-03,-0.625,-0.037,-0.625,-0.037,0,0,19,17,2,7,1,15,9,1,0,0,0,0,0,NA,NA,1.118,19,17,NA,0.118,0.059,NA,0.412,0.6,NA,NA,NA,NA,https://www.espncricinfo.com/db/PICTURES/CMS/320600/320638.png,https://www.espncricinfo.com/db/PICTURES/CMS/320600/320638.png,https://www.espncricinfo.com/db/PICTURES/CMS/307200/307247.png
Chloe Tryon,453370,Barbados Royals Women,2022,Women's Caribbean Premier League,1323181,WCPL_BR-W_TKR-W_2022-09-04,-1.242,-0.05,-6.244,-0.52,5.002,0.385,7,12,0,6,0,12,7,1,1,11,13,1,7,5.077,11,0.583,7,25,0.077,0,0,0.538,0.5,0.583,NA,NA,NA,NA,https://www.espncricinfo.com/db/PICTURES/CMS/320600/320638.png,https://www.espncricinfo.com/db/PICTURES/CMS/320600/320638.png,https://www.espncricinfo.com/db/PICTURES/CMS/307200/307247.png
Deandra Dottin,355349,Trinbago Knight Riders Women,2022,Women's Caribbean Premier League,1323178,WCPL_BR-W_TKR-W_2022-08-31,3.65,0.166,3.087,0.206,0.563,0.08,20,15,3,8,1,12,6,1,1,9,7,1,4,7.714,9,1.333,20,22,0.143,0.2,0.067,0.571,0.533,0.5,NA,NA,NA,NA,https://www.espncricinfo.com/db/PICTURES/CMS/320500/320597.png,https://www.espncricinfo.com/db/PICTURES/CMS/320500/320597.png,https://www.espncricinfo.com/db/PICTURES/CMS/306600/306622.png
Deandra Dottin,355349,Trinbago Knight Riders Women,2022,Women's Caribbean Premier League,1323181,WCPL_BR-W_TKR-W_2022-09-04,-1.152,-0.016,1.735,0.027,-2.886,-0.481,59,65,6,28,2,59,31,1,0,9,6,1,1,9,Inf,0.908,59,71,0.167,0.092,0.031,0.167,0.431,0.525,NA,NA,NA,NA,https://www.espncricinfo.com/db/PICTURES/CMS/320500/320597.png,https://www.espncricinfo.com/db/PICTURES/CMS/320500/320597.png,https://www.espncricinfo.com/db/PICTURES/CMS/306600/306622.png
Deandra Dottin,355349,Trinbago Knight Riders Women,2023,Women's Caribbean Premier League,1380592,WCPL_TKR-W_GAW-W_2023-09-05,11.49,0.46,11.217,0.59,0.272,0.045,35,19,6,6,2,13,7,1,0,6,6,1,3,6,Inf,1.842,35,25,0.167,0.316,0.105,0.5,0.316,0.538,NA,NA,NA,NA,https://www.espncricinfo.com/db/PICTURES/CMS/320500/320597.png,https://www.espncricinfo.com/db/PICTURES/CMS/320500/320597.png,https://www.espncricinfo.com/db/PICTURES/CMS/306600/306622.png
Deandra Dottin,355349,Trinbago Knight Riders Women,2023,Women's Caribbean Premier League,1380593,WCPL_BR-W_TKR-W_2023-09-06,-10.149,-0.195,-10.149,-0.195,0,0,47,52,6,25,0,46,23,1,0,0,0,0,0,NA,NA,0.904,47,52,NA,0.115,0,NA,0.481,0.5,NA,NA,NA,NA,https://www.espncricinfo.com/db/PICTURES/CMS/320500/320597.png,https://www.espncricinfo.com/db/PICTURES/CMS/320500/320597.png,https://www.espncricinfo.com/db/PICTURES/CMS/306600/306622.png
Deandra Dottin,355349,Trinbago Knight Riders Women,2023,Women's Caribbean Premier League,1380594,WCPL_GAW-W_TKR-W_2023-09-09,0.855,0.031,3.641,0.165,-2.786,-0.464,25,22,3,8,1,19,11,1,1,12,6,2,1,12,12,1.136,25,28,0.333,0.136,0.045,0.167,0.364,0.579,NA,NA,NA,NA,https://www.espncricinfo.com/db/PICTURES/CMS/320500/320597.png,https://www.espncricinfo.com/db/PICTURES/CMS/320500/320597.png,https://www.espncricinfo.com/db/PICTURES/CMS/306600/306622.png
Erin Burns,275447,Barbados Royals Women,2023,Women's Caribbean Premier League,1380589,WCPL_BR-W_GAW-W_2023-08-31,7.45,0.276,12.749,0.85,-5.298,-0.442,29,15,4,3,1,11,11,0,0,17,12,1,1,8.5,Inf,1.933,Inf,27,0.083,0.267,0.067,0.083,0.2,1,NA,NA,NA,NA,https://www.espncricinfo.com/db/PICTURES/CMS/326500/326534.png,https://www.espncricinfo.com/db/PICTURES/CMS/326500/326534.png,https://www.espncricinfo.com/db/PICTURES/CMS/305800/305807.jpg
Erin Burns,275447,Barbados Royals Women,2023,Women's Caribbean Premier League,1380590,WCPL_BR-W_TKR-W_2023-09-02,14.609,0.417,1.406,0.141,13.203,0.528,11,10,1,5,1,9,5,0,3,20,25,2,14,4.8,6.667,1.1,Inf,35,0.08,0.1,0.1,0.56,0.5,0.556,NA,NA,NA,NA,https://www.espncricinfo.com/db/PICTURES/CMS/326500/326534.png,https://www.espncricinfo.com/db/PICTURES/CMS/326500/326534.png,https://www.espncricinfo.com/db/PICTURES/CMS/305800/305807.jpg
Erin Burns,275447,Barbados Royals Women,2023,Women's Caribbean Premier League,1380591,WCPL_BR-W_GAW-W_2023-09-03,7.66,0.113,12.938,0.294,-5.278,-0.22,53,44,6,11,0,38,29,0,2,33,24,5,9,8.25,16.5,1.205,Inf,68,0.208,0.136,0,0.375,0.25,0.763,NA,NA,NA,NA,https://www.espncricinfo.com/db/PICTURES/CMS/326500/326534.png,https://www.espncricinfo.com/db/PICTURES/CMS/326500/326534.png,https://www.espncricinfo.com/db/PICTURES/CMS/305800/305807.jpg
Erin Burns,275447,Barbados Royals Women,2023,Women's Caribbean Premier League,1380593,WCPL_BR-W_TKR-W_2023-09-06,-23.31,-0.897,-3.228,-0.646,-20.082,-0.956,4,5,0,1,0,5,4,1,0,39,21,6,6,11.143,Inf,0.8,4,26,0.286,0,0,0.286,0.2,0.8,NA,NA,NA,NA,https://www.espncricinfo.com/db/PICTURES/CMS/326500/326534.png,https://www.espncricinfo.com/db/PICTURES/CMS/326500/326534.png,https://www.espncricinfo.com/db/PICTURES/CMS/305800/305807.jpg
Erin Burns,275447,Barbados Royals Women,2023,Women's Caribbean Premier League,1380595,WCPL_GAW-W_BR-W_2023-09-10,-7.254,-0.604,-3.516,-0.586,-3.738,-0.623,5,6,1,4,0,5,1,1,0,10,6,2,2,10,Inf,0.833,5,12,0.333,0.167,0,0.333,0.667,0.2,NA,NA,NA,NA,https://www.espncricinfo.com/db/PICTURES/CMS/326500/326534.png,https://www.espncricinfo.com/db/PICTURES/CMS/326500/326534.png,https://www.espncricinfo.com/db/PICTURES/CMS/305800/305807.jpg
Fatima Sana,1144886,Barbados Royals Women,2022,Women's Caribbean Premier League,1323178,WCPL_BR-W_TKR-W_2022-08-31,-1.621,-0.081,0.388,0.055,-2.009,-0.155,6,7,0,1,0,7,6,0,1,17,13,3,6,7.846,17,0.857,Inf,20,0.231,0,0,0.462,0.143,0.857,NA,NA,NA,NA,https://www.espncricinfo.com/db/PICTURES/CMS/336200/336283.png,https://www.espncricinfo.com/db/PICTURES/CMS/336200/336283.png,https://www.espncricinfo.com/db/PICTURES/CMS/334800/334896.4.jpg
Fatima Sana,1144886,Barbados Royals Women,2022,Women's Caribbean Premier League,1323180,WCPL_BR-W_GAW-W_2022-09-03,4.715,0.196,0,0,4.715,0.196,0,0,0,0,0,0,0,0,4,28,24,3,7,7,7,NA,NA,24,0.125,NA,NA,0.292,NA,NA,NA,NA,NA,NA,https://www.espncricinfo.com/db/PICTURES/CMS/336200/336283.png,https://www.espncricinfo.com/db/PICTURES/CMS/336200/336283.png,https://www.espncricinfo.com/db/PICTURES/CMS/334800/334896.4.jpg
Fran Jonas,1208952,Trinbago Knight Riders Women,2023,Women's Caribbean Premier League,1380590,WCPL_BR-W_TKR-W_2023-09-02,-4.262,-0.17,-1.305,-0.435,-2.957,-0.134,2,3,0,1,0,3,2,0,2,31,22,4,9,8.455,15.5,0.667,Inf,25,0.182,0,0,0.409,0.333,0.667,NA,NA,NA,NA,https://www.espncricinfo.com/db/PICTURES/CMS/326500/326536.png,https://www.espncricinfo.com/db/PICTURES/CMS/326500/326536.png,https://www.espncricinfo.com/db/PICTURES/CMS/324700/324716.4.jpg
Fran Jonas,1208952,Trinbago Knight Riders Women,2023,Women's Caribbean Premier League,1380592,WCPL_TKR-W_GAW-W_2023-09-05,-0.875,-0.035,-0.796,-0.796,-0.079,-0.003,0,1,0,1,0,1,0,0,0,25,24,2,8,6.25,Inf,0,NA,25,0.083,0,0,0.333,1,0,NA,NA,NA,NA,https://www.espncricinfo.com/db/PICTURES/CMS/326500/326536.png,https://www.espncricinfo.com/db/PICTURES/CMS/326500/326536.png,https://www.espncricinfo.com/db/PICTURES/CMS/324700/324716.4.jpg
Fran Jonas,1208952,Trinbago Knight Riders Women,2023,Women's Caribbean Premier League,1380593,WCPL_BR-W_TKR-W_2023-09-06,1.08,0.045,0,0,1.08,0.045,0,0,0,0,0,0,0,0,1,23,24,1,10,5.75,23,NA,NA,24,0.042,NA,NA,0.417,NA,NA,NA,NA,NA,NA,https://www.espncricinfo.com/db/PICTURES/CMS/326500/326536.png,https://www.espncricinfo.com/db/PICTURES/CMS/326500/326536.png,https://www.espncricinfo.com/db/PICTURES/CMS/324700/324716.4.jpg
Fran Jonas,1208952,Trinbago Knight Riders Women,2023,Women's Caribbean Premier League,1380594,WCPL_GAW-W_TKR-W_2023-09-09,-11.131,-0.655,-5.762,-1.441,-5.368,-0.413,1,4,0,3,0,4,1,1,0,17,13,1,6,7.846,Inf,0.25,1,17,0.077,0,0,0.462,0.75,0.25,NA,NA,NA,NA,https://www.espncricinfo.com/db/PICTURES/CMS/326500/326536.png,https://www.espncricinfo.com/db/PICTURES/CMS/326500/326536.png,https://www.espncricinfo.com/db/PICTURES/CMS/324700/324716.4.jpg
Gaby Lewis,774347,Barbados Royals Women,2023,Women's Caribbean Premier League,1380589,WCPL_BR-W_GAW-W_2023-08-31,9.502,0.271,9.502,0.271,0,0,47,35,8,16,0,27,15,1,0,0,0,0,0,NA,NA,1.343,47,35,NA,0.229,0,NA,0.457,0.556,NA,NA,NA,NA,https://www.espncricinfo.com/db/PICTURES/CMS/343200/343252.png,https://www.espncricinfo.com/db/PICTURES/CMS/343200/343252.png,https://www.espncricinfo.com/db/PICTURES/CMS/239100/239155.jpg
Gaby Lewis,774347,Barbados Royals Women,2023,Women's Caribbean Premier League,1380590,WCPL_BR-W_TKR-W_2023-09-02,-1.718,-0.061,-1.718,-0.061,0,0,27,28,4,15,0,24,11,1,0,0,0,0,0,NA,NA,0.964,27,28,NA,0.143,0,NA,0.536,0.458,NA,NA,NA,NA,https://www.espncricinfo.com/db/PICTURES/CMS/343200/343252.png,https://www.espncricinfo.com/db/PICTURES/CMS/343200/343252.png,https://www.espncricinfo.com/db/PICTURES/CMS/239100/239155.jpg
Gaby Lewis,774347,Barbados Royals Women,2023,Women's Caribbean Premier League,1380591,WCPL_BR-W_GAW-W_2023-09-03,-8.057,-0.806,-8.057,-0.806,0,0,2,10,0,7,0,10,2,1,0,0,0,0,0,NA,NA,0.2,2,10,NA,0,0,NA,0.7,0.2,NA,NA,NA,NA,https://www.espncricinfo.com/db/PICTURES/CMS/343200/343252.png,https://www.espncricinfo.com/db/PICTURES/CMS/343200/343252.png,https://www.espncricinfo.com/db/PICTURES/CMS/239100/239155.jpg
Gaby Lewis,774347,Barbados Royals Women,2023,Women's Caribbean Premier League,1380593,WCPL_BR-W_TKR-W_2023-09-06,8.119,0.159,8.119,0.159,0,0,62,51,7,16,1,44,32,1,0,0,0,0,0,NA,NA,1.216,62,51,NA,0.137,0.02,NA,0.314,0.727,NA,NA,NA,NA,https://www.espncricinfo.com/db/PICTURES/CMS/343200/343252.png,https://www.espncricinfo.com/db/PICTURES/CMS/343200/343252.png,https://www.espncricinfo.com/db/PICTURES/CMS/239100/239155.jpg
Gaby Lewis,774347,Barbados Royals Women,2023,Women's Caribbean Premier League,1380595,WCPL_GAW-W_BR-W_2023-09-10,0.614,0.034,0.614,0.034,0,0,21,18,5,12,0,13,1,1,0,0,0,0,0,NA,NA,1.167,21,18,NA,0.278,0,NA,0.667,0.077,NA,NA,NA,NA,https://www.espncricinfo.com/db/PICTURES/CMS/343200/343252.png,https://www.espncricinfo.com/db/PICTURES/CMS/343200/343252.png,https://www.espncricinfo.com/db/PICTURES/CMS/239100/239155.jpg
Geetika Kodali,1184545,Trinbago Knight Riders Women,2022,Women's Caribbean Premier League,1323178,WCPL_BR-W_TKR-W_2022-08-31,6.978,0.258,-4.503,-2.252,11.481,0.459,0,2,0,2,0,2,0,1,1,13,25,0,15,3.12,13,0,0,27,0,0,0,0.6,1,0,NA,NA,NA,NA,https://www.espncricinfo.com/db/PICTURES/CMS/334300/334398.png,https://www.espncricinfo.com/db/PICTURES/CMS/334300/334398.png,https://www.espncricinfo.com/db/PICTURES/CMS/332500/332580.4.jpg
Geetika Kodali,1184545,Trinbago Knight Riders Women,2022,Women's Caribbean Premier League,1323181,WCPL_BR-W_TKR-W_2022-09-04,-0.613,-0.044,-2.519,-0.63,1.906,0.191,2,4,0,2,0,4,2,0,0,6,10,0,4,3.6,Inf,0.5,Inf,14,0,0,0,0.4,0.5,0.5,NA,NA,NA,NA,https://www.espncricinfo.com/db/PICTURES/CMS/334300/334398.png,https://www.espncricinfo.com/db/PICTURES/CMS/334300/334398.png,https://www.espncricinfo.com/db/PICTURES/CMS/332500/332580.4.jpg
Hayley Jensen,439029,Trinbago Knight Riders Women,2022,Women's Caribbean Premier League,1323178,WCPL_BR-W_TKR-W_2022-08-31,3.104,0.103,2.819,0.157,0.286,0.024,20,18,2,6,1,16,10,0,1,14,12,3,7,7,14,1.111,Inf,30,0.25,0.111,0.056,0.583,0.333,0.625,NA,NA,NA,NA,https://www.espncricinfo.com/db/PICTURES/CMS/320500/320539.png,https://www.espncricinfo.com/db/PICTURES/CMS/320500/320539.png,https://www.espncricinfo.com/db/PICTURES/CMS/305700/305772.png
Hayley Jensen,439029,Trinbago Knight Riders Women,2022,Women's Caribbean Premier League,1323181,WCPL_BR-W_TKR-W_2022-09-04,7.123,0.264,-3.38,-1.127,10.502,0.438,2,3,0,1,0,3,2,1,2,18,24,1,12,4.5,9,0.667,2,27,0.042,0,0,0.5,0.333,0.667,NA,NA,NA,NA,https://www.espncricinfo.com/db/PICTURES/CMS/320500/320539.png,https://www.espncricinfo.com/db/PICTURES/CMS/320500/320539.png,https://www.espncricinfo.com/db/PICTURES/CMS/305700/305772.png
Hayley Matthews,474308,Barbados Royals Women,2022,Women's Caribbean Premier League,1323178,WCPL_BR-W_TKR-W_2022-08-31,5.952,0.149,-0.064,-0.004,6.016,0.251,18,16,3,8,0,13,6,1,3,28,24,3,10,7,9.333,1.125,18,40,0.125,0.188,0,0.417,0.5,0.462,NA,NA,NA,NA,https://www.espncricinfo.com/db/PICTURES/CMS/320500/320598.png,https://www.espncricinfo.com/db/PICTURES/CMS/320500/320598.png,https://www.espncricinfo.com/db/PICTURES/CMS/306600/306637.jpg
Hayley Matthews,474308,Barbados Royals Women,2022,Women's Caribbean Premier League,1323180,WCPL_BR-W_GAW-W_2022-09-03,16.023,0.327,-0.471,-0.02,16.494,0.66,22,24,2,8,0,22,14,1,0,13,25,0,14,3.12,Inf,0.917,22,49,0,0.083,0,0.56,0.333,0.636,NA,NA,NA,NA,https://www.espncricinfo.com/db/PICTURES/CMS/320500/320598.png,https://www.espncricinfo.com/db/PICTURES/CMS/320500/320598.png,https://www.espncricinfo.com/db/PICTURES/CMS/306600/306637.jpg
Hayley Matthews,474308,Barbados Royals Women,2022,Women's Caribbean Premier League,1323181,WCPL_BR-W_TKR-W_2022-09-04,9.729,0.123,-3.687,-0.07,13.416,0.516,46,53,3,18,0,50,34,1,3,22,26,0,11,5.077,7.333,0.868,46,79,0,0.057,0,0.423,0.34,0.68,NA,NA,NA,NA,https://www.espncricinfo.com/db/PICTURES/CMS/320500/320598.png,https://www.espncricinfo.com/db/PICTURES/CMS/320500/320598.png,https://www.espncricinfo.com/db/PICTURES/CMS/306600/306637.jpg
Hayley Matthews,474308,Barbados Royals Women,2023,Women's Caribbean Premier League,1380589,WCPL_BR-W_GAW-W_2023-08-31,-16.229,-0.396,0.392,0.019,-16.622,-0.831,23,21,4,11,0,17,7,1,0,35,20,6,5,10.5,Inf,1.095,23,41,0.3,0.19,0,0.25,0.524,0.412,NA,NA,NA,NA,https://www.espncricinfo.com/db/PICTURES/CMS/320500/320598.png,https://www.espncricinfo.com/db/PICTURES/CMS/320500/320598.png,https://www.espncricinfo.com/db/PICTURES/CMS/306600/306637.jpg
Hayley Matthews,474308,Barbados Royals Women,2023,Women's Caribbean Premier League,1380590,WCPL_BR-W_TKR-W_2023-09-02,15.818,0.51,8.468,0.706,7.35,0.387,19,12,4,4,0,8,3,1,2,17,19,1,10,5.368,8.5,1.583,19,31,0.053,0.333,0,0.526,0.333,0.375,NA,NA,NA,NA,https://www.espncricinfo.com/db/PICTURES/CMS/320500/320598.png,https://www.espncricinfo.com/db/PICTURES/CMS/320500/320598.png,https://www.espncricinfo.com/db/PICTURES/CMS/306600/306637.jpg
Hayley Matthews,474308,Barbados Royals Women,2023,Women's Caribbean Premier League,1380591,WCPL_BR-W_GAW-W_2023-09-03,4.914,0.114,1.75,0.092,3.164,0.132,22,19,4,10,0,15,6,1,1,24,24,2,8,6,24,1.158,22,43,0.083,0.211,0,0.333,0.526,0.4,NA,NA,NA,NA,https://www.espncricinfo.com/db/PICTURES/CMS/320500/320598.png,https://www.espncricinfo.com/db/PICTURES/CMS/320500/320598.png,https://www.espncricinfo.com/db/PICTURES/CMS/306600/306637.jpg
Hayley Matthews,474308,Barbados Royals Women,2023,Women's Caribbean Premier League,1380593,WCPL_BR-W_TKR-W_2023-09-06,16.122,0.273,10.54,0.31,5.582,0.223,45,34,5,14,2,29,21,1,2,23,25,2,10,5.52,11.5,1.324,45,59,0.08,0.147,0.059,0.4,0.412,0.724,NA,NA,NA,NA,https://www.espncricinfo.com/db/PICTURES/CMS/320500/320598.png,https://www.espncricinfo.com/db/PICTURES/CMS/320500/320598.png,https://www.espncricinfo.com/db/PICTURES/CMS/306600/306637.jpg
Hayley Matthews,474308,Barbados Royals Women,2023,Women's Caribbean Premier League,1380595,WCPL_GAW-W_BR-W_2023-09-10,13.493,0.157,23.036,0.372,-9.543,-0.398,82,62,12,22,2,50,30,1,3,43,24,5,7,10.75,14.333,1.323,82,86,0.208,0.194,0.032,0.292,0.355,0.6,NA,NA,NA,NA,https://www.espncricinfo.com/db/PICTURES/CMS/320500/320598.png,https://www.espncricinfo.com/db/PICTURES/CMS/320500/320598.png,https://www.espncricinfo.com/db/PICTURES/CMS/306600/306637.jpg
Jahzara Claxton,1352172,Barbados Royals Women,2023,Women's Caribbean Premier League,1380593,WCPL_BR-W_TKR-W_2023-09-06,2.762,0.153,0,0,2.762,0.153,0,0,0,0,0,0,0,0,1,21,18,2,6,7,21,NA,NA,18,0.111,NA,NA,0.333,NA,NA,NA,NA,NA,NA,NA,NA,NA
Jannillea Glasgow,1268602,Barbados Royals Women,2023,Women's Caribbean Premier League,1380591,WCPL_BR-W_GAW-W_2023-09-03,-3.234,-0.539,0,0,-3.234,-0.539,0,0,0,0,0,0,0,0,0,9,6,2,3,9,Inf,NA,NA,6,0.333,NA,NA,0.5,NA,NA,NA,NA,NA,NA,https://www.espncricinfo.com/db/PICTURES/CMS/370900/370955.4.jpg,https://www.espncricinfo.com/db/PICTURES/CMS/370900/370955.4.jpg,https://www.espncricinfo.com/db/PICTURES/CMS/370900/370955.4.jpg
Jannillea Glasgow,1268602,Trinbago Knight Riders Women,2022,Women's Caribbean Premier League,1323181,WCPL_BR-W_TKR-W_2022-09-04,-3.289,-3.289,-3.289,-3.289,0,0,0,1,0,1,0,1,0,1,0,0,0,0,0,NA,NA,0,0,1,NA,0,0,NA,1,0,NA,NA,NA,NA,https://www.espncricinfo.com/db/PICTURES/CMS/370900/370955.4.jpg,https://www.espncricinfo.com/db/PICTURES/CMS/370900/370955.4.jpg,https://www.espncricinfo.com/db/PICTURES/CMS/370900/370955.4.jpg
Karishma Ramharack,769517,Guyana Amazon Warriors Women,2022,Women's Caribbean Premier League,1323180,WCPL_BR-W_GAW-W_2022-09-03,-4.045,-0.156,0,0,-4.045,-0.156,0,0,0,0,0,0,0,0,0,30,26,2,8,6.923,Inf,NA,NA,26,0.077,NA,NA,0.308,NA,NA,NA,NA,NA,NA,https://www.espncricinfo.com/db/PICTURES/CMS/321600/321683.png,https://www.espncricinfo.com/db/PICTURES/CMS/321600/321683.png,https://www.espncricinfo.com/db/PICTURES/CMS/334800/334887.4.jpg
Karishma Ramharack,769517,Guyana Amazon Warriors Women,2023,Women's Caribbean Premier League,1380589,WCPL_BR-W_GAW-W_2023-08-31,-12.58,-0.524,0,0,-12.58,-0.524,0,0,0,0,0,0,0,0,1,42,24,7,8,10.5,42,NA,NA,24,0.292,NA,NA,0.333,NA,NA,NA,NA,NA,NA,https://www.espncricinfo.com/db/PICTURES/CMS/321600/321683.png,https://www.espncricinfo.com/db/PICTURES/CMS/321600/321683.png,https://www.espncricinfo.com/db/PICTURES/CMS/334800/334887.4.jpg
Karishma Ramharack,769517,Guyana Amazon Warriors Women,2023,Women's Caribbean Premier League,1380591,WCPL_BR-W_GAW-W_2023-09-03,-8.437,-0.603,0,0,-8.437,-0.603,0,0,0,0,0,0,0,0,0,23,14,4,3,9.857,Inf,NA,NA,14,0.286,NA,NA,0.214,NA,NA,NA,NA,NA,NA,https://www.espncricinfo.com/db/PICTURES/CMS/321600/321683.png,https://www.espncricinfo.com/db/PICTURES/CMS/321600/321683.png,https://www.espncricinfo.com/db/PICTURES/CMS/334800/334887.4.jpg
Karishma Ramharack,769517,Guyana Amazon Warriors Women,2023,Women's Caribbean Premier League,1380592,WCPL_TKR-W_GAW-W_2023-09-05,7.814,0.313,-2.12,-2.12,9.934,0.414,1,1,0,0,0,1,1,1,2,17,24,1,14,4.25,8.5,1,1,25,0.042,0,0,0.583,0,1,NA,NA,NA,NA,https://www.espncricinfo.com/db/PICTURES/CMS/321600/321683.png,https://www.espncricinfo.com/db/PICTURES/CMS/321600/321683.png,https://www.espncricinfo.com/db/PICTURES/CMS/334800/334887.4.jpg
Karishma Ramharack,769517,Guyana Amazon Warriors Women,2023,Women's Caribbean Premier League,1380594,WCPL_GAW-W_TKR-W_2023-09-09,23.413,0.976,0,0,23.413,0.976,0,0,0,0,0,0,0,0,4,12,24,1,15,3,3,NA,NA,24,0.042,NA,NA,0.625,NA,NA,NA,NA,NA,NA,https://www.espncricinfo.com/db/PICTURES/CMS/321600/321683.png,https://www.espncricinfo.com/db/PICTURES/CMS/321600/321683.png,https://www.espncricinfo.com/db/PICTURES/CMS/334800/334887.4.jpg
Karishma Ramharack,769517,Guyana Amazon Warriors Women,2023,Women's Caribbean Premier League,1380595,WCPL_GAW-W_BR-W_2023-09-10,-11.076,-0.583,0.055,0.055,-11.132,-0.618,1,1,0,0,0,1,1,0,1,30,18,5,3,10,30,1,Inf,19,0.278,0,0,0.167,0,1,NA,NA,NA,NA,https://www.espncricinfo.com/db/PICTURES/CMS/321600/321683.png,https://www.espncricinfo.com/db/PICTURES/CMS/321600/321683.png,https://www.espncricinfo.com/db/PICTURES/CMS/334800/334887.4.jpg
Kycia Knight,472975,Trinbago Knight Riders Women,2023,Women's Caribbean Premier League,1380590,WCPL_BR-W_TKR-W_2023-09-02,-8.826,-0.441,-8.826,-0.441,0,0,15,20,1,11,0,19,11,1,0,0,0,0,0,NA,NA,0.75,15,20,NA,0.05,0,NA,0.55,0.579,NA,NA,NA,NA,https://www.espncricinfo.com/db/PICTURES/CMS/320600/320600.png,https://www.espncricinfo.com/db/PICTURES/CMS/320600/320600.png,https://www.espncricinfo.com/db/PICTURES/CMS/306600/306644.png
Kycia Knight,472975,Trinbago Knight Riders Women,2023,Women's Caribbean Premier League,1380592,WCPL_TKR-W_GAW-W_2023-09-05,-6.195,-0.258,-6.195,-0.258,0,0,19,24,1,14,1,23,13,1,0,0,0,0,0,NA,NA,0.792,19,24,NA,0.042,0.042,NA,0.583,0.565,NA,NA,NA,NA,https://www.espncricinfo.com/db/PICTURES/CMS/320600/320600.png,https://www.espncricinfo.com/db/PICTURES/CMS/320600/320600.png,https://www.espncricinfo.com/db/PICTURES/CMS/306600/306644.png
Kycia Knight,472975,Trinbago Knight Riders Women,2023,Women's Caribbean Premier League,1380593,WCPL_BR-W_TKR-W_2023-09-06,6.693,0.209,6.693,0.209,0,0,30,32,2,8,0,30,22,1,0,0,0,0,0,NA,NA,0.938,30,32,NA,0.062,0,NA,0.25,0.733,NA,NA,NA,NA,https://www.espncricinfo.com/db/PICTURES/CMS/320600/320600.png,https://www.espncricinfo.com/db/PICTURES/CMS/320600/320600.png,https://www.espncricinfo.com/db/PICTURES/CMS/306600/306644.png
Kycia Knight,472975,Trinbago Knight Riders Women,2023,Women's Caribbean Premier League,1380594,WCPL_GAW-W_TKR-W_2023-09-09,-13.591,-0.618,-13.591,-0.618,0,0,13,22,1,14,0,21,9,1,0,0,0,0,0,NA,NA,0.591,13,22,NA,0.045,0,NA,0.636,0.429,NA,NA,NA,NA,https://www.espncricinfo.com/db/PICTURES/CMS/320600/320600.png,https://www.espncricinfo.com/db/PICTURES/CMS/320600/320600.png,https://www.espncricinfo.com/db/PICTURES/CMS/306600/306644.png
Kyshona Knight,472977,Trinbago Knight Riders Women,2022,Women's Caribbean Premier League,1323178,WCPL_BR-W_TKR-W_2022-08-31,-3.652,-0.406,-3.652,-0.406,0,0,8,9,1,4,0,8,4,1,0,0,0,0,0,NA,NA,0.889,8,9,NA,0.111,0,NA,0.444,0.5,NA,NA,NA,NA,https://www.espncricinfo.com/db/PICTURES/CMS/321600/321682.png,https://www.espncricinfo.com/db/PICTURES/CMS/321600/321682.png,https://www.espncricinfo.com/db/PICTURES/CMS/306600/306645.png
Kyshona Knight,472977,Trinbago Knight Riders Women,2022,Women's Caribbean Premier League,1323181,WCPL_BR-W_TKR-W_2022-09-04,-13.098,-0.936,-13.098,-0.936,0,0,8,14,0,7,0,14,8,1,0,0,0,0,0,NA,NA,0.571,8,14,NA,0,0,NA,0.5,0.571,NA,NA,NA,NA,https://www.espncricinfo.com/db/PICTURES/CMS/321600/321682.png,https://www.espncricinfo.com/db/PICTURES/CMS/321600/321682.png,https://www.espncricinfo.com/db/PICTURES/CMS/306600/306645.png
Kyshona Knight,472977,Trinbago Knight Riders Women,2023,Women's Caribbean Premier League,1380590,WCPL_BR-W_TKR-W_2023-09-02,-2.393,-0.342,-2.393,-0.342,0,0,7,7,1,4,0,6,3,1,0,0,0,0,0,NA,NA,1,7,7,NA,0.143,0,NA,0.571,0.5,NA,NA,NA,NA,https://www.espncricinfo.com/db/PICTURES/CMS/321600/321682.png,https://www.espncricinfo.com/db/PICTURES/CMS/321600/321682.png,https://www.espncricinfo.com/db/PICTURES/CMS/306600/306645.png
Kyshona Knight,472977,Trinbago Knight Riders Women,2023,Women's Caribbean Premier League,1380592,WCPL_TKR-W_GAW-W_2023-09-05,-4.93,-0.986,-4.93,-0.986,0,0,2,5,0,3,0,5,2,1,0,0,0,0,0,NA,NA,0.4,2,5,NA,0,0,NA,0.6,0.4,NA,NA,NA,NA,https://www.espncricinfo.com/db/PICTURES/CMS/321600/321682.png,https://www.espncricinfo.com/db/PICTURES/CMS/321600/321682.png,https://www.espncricinfo.com/db/PICTURES/CMS/306600/306645.png
Kyshona Knight,472977,Trinbago Knight Riders Women,2023,Women's Caribbean Premier League,1380593,WCPL_BR-W_TKR-W_2023-09-06,-1.305,-0.435,-1.305,-0.435,0,0,0,3,0,1,0,3,0,0,0,0,0,0,0,NA,NA,0,NA,3,NA,0,0,NA,0.333,0,NA,NA,NA,NA,https://www.espncricinfo.com/db/PICTURES/CMS/321600/321682.png,https://www.espncricinfo.com/db/PICTURES/CMS/321600/321682.png,https://www.espncricinfo.com/db/PICTURES/CMS/306600/306645.png
Kyshona Knight,472977,Trinbago Knight Riders Women,2023,Women's Caribbean Premier League,1380594,WCPL_GAW-W_TKR-W_2023-09-09,-4.639,-0.928,-4.639,-0.928,0,0,3,5,0,3,0,5,3,1,0,0,0,0,0,NA,NA,0.6,3,5,NA,0,0,NA,0.6,0.6,NA,NA,NA,NA,https://www.espncricinfo.com/db/PICTURES/CMS/321600/321682.png,https://www.espncricinfo.com/db/PICTURES/CMS/321600/321682.png,https://www.espncricinfo.com/db/PICTURES/CMS/306600/306645.png
Laura Harris,951163,Barbados Royals Women,2023,Women's Caribbean Premier League,1380589,WCPL_BR-W_GAW-W_2023-08-31,16.794,1.292,16.794,1.292,0,0,30,13,6,5,3,7,0,1,0,0,0,0,0,NA,NA,2.308,30,13,NA,0.462,0.231,NA,0.385,0,NA,NA,NA,NA,https://www.espncricinfo.com/db/PICTURES/CMS/326500/326544.png,https://www.espncricinfo.com/db/PICTURES/CMS/326500/326544.png,https://www.espncricinfo.com/db/PICTURES/CMS/324700/324790.4.jpg
Laura Harris,951163,Barbados Royals Women,2023,Women's Caribbean Premier League,1380590,WCPL_BR-W_TKR-W_2023-09-02,-2.487,-0.829,-2.487,-0.829,0,0,3,3,0,1,0,3,3,1,0,0,0,0,0,NA,NA,1,3,3,NA,0,0,NA,0.333,1,NA,NA,NA,NA,https://www.espncricinfo.com/db/PICTURES/CMS/326500/326544.png,https://www.espncricinfo.com/db/PICTURES/CMS/326500/326544.png,https://www.espncricinfo.com/db/PICTURES/CMS/324700/324790.4.jpg
Laura Harris,951163,Barbados Royals Women,2023,Women's Caribbean Premier League,1380591,WCPL_BR-W_GAW-W_2023-09-03,7.893,1.316,7.893,1.316,0,0,18,6,3,3,3,3,0,1,0,0,0,0,0,NA,NA,3,18,6,NA,0.5,0.5,NA,0.5,0,NA,NA,NA,NA,https://www.espncricinfo.com/db/PICTURES/CMS/326500/326544.png,https://www.espncricinfo.com/db/PICTURES/CMS/326500/326544.png,https://www.espncricinfo.com/db/PICTURES/CMS/324700/324790.4.jpg
Laura Harris,951163,Barbados Royals Women,2023,Women's Caribbean Premier League,1380593,WCPL_BR-W_TKR-W_2023-09-06,-7.317,-0.915,-7.317,-0.915,0,0,2,8,0,6,0,8,2,1,0,0,0,0,0,NA,NA,0.25,2,8,NA,0,0,NA,0.75,0.25,NA,NA,NA,NA,https://www.espncricinfo.com/db/PICTURES/CMS/326500/326544.png,https://www.espncricinfo.com/db/PICTURES/CMS/326500/326544.png,https://www.espncricinfo.com/db/PICTURES/CMS/324700/324790.4.jpg
Laura Harris,951163,Barbados Royals Women,2023,Women's Caribbean Premier League,1380595,WCPL_GAW-W_BR-W_2023-09-10,-3.289,-3.289,-3.289,-3.289,0,0,0,1,0,1,0,1,0,1,0,0,0,0,0,NA,NA,0,0,1,NA,0,0,NA,1,0,NA,NA,NA,NA,https://www.espncricinfo.com/db/PICTURES/CMS/326500/326544.png,https://www.espncricinfo.com/db/PICTURES/CMS/326500/326544.png,https://www.espncricinfo.com/db/PICTURES/CMS/324700/324790.4.jpg
Lee-Ann Kirby,355354,Trinbago Knight Riders Women,2022,Women's Caribbean Premier League,1323178,WCPL_BR-W_TKR-W_2022-08-31,-4.397,-0.077,-2.359,-0.074,-2.038,-0.082,30,32,5,18,2,27,6,1,2,32,25,4,12,7.68,16,0.938,30,57,0.16,0.156,0.062,0.48,0.562,0.222,NA,NA,NA,NA,https://www.espncricinfo.com/db/PICTURES/CMS/321600/321676.png,https://www.espncricinfo.com/db/PICTURES/CMS/321600/321676.png,https://www.espncricinfo.com/db/PICTURES/CMS/306600/306646.png
Lee-Ann Kirby,355354,Trinbago Knight Riders Women,2022,Women's Caribbean Premier League,1323181,WCPL_BR-W_TKR-W_2022-09-04,-4.132,-0.258,-10.709,-1.071,6.577,1.096,3,10,0,8,0,10,3,1,1,1,6,0,5,1,1,0.3,3,16,0,0,0,0.833,0.8,0.3,NA,NA,NA,NA,https://www.espncricinfo.com/db/PICTURES/CMS/321600/321676.png,https://www.espncricinfo.com/db/PICTURES/CMS/321600/321676.png,https://www.espncricinfo.com/db/PICTURES/CMS/306600/306646.png
Lee-Ann Kirby,355354,Trinbago Knight Riders Women,2023,Women's Caribbean Premier League,1380590,WCPL_BR-W_TKR-W_2023-09-02,-4.267,-0.267,-4.267,-0.267,0,0,8,16,1,10,0,15,4,1,0,0,0,0,0,NA,NA,0.5,8,16,NA,0.062,0,NA,0.625,0.267,NA,NA,NA,NA,https://www.espncricinfo.com/db/PICTURES/CMS/321600/321676.png,https://www.espncricinfo.com/db/PICTURES/CMS/321600/321676.png,https://www.espncricinfo.com/db/PICTURES/CMS/306600/306646.png
Lee-Ann Kirby,355354,Trinbago Knight Riders Women,2023,Women's Caribbean Premier League,1380592,WCPL_TKR-W_GAW-W_2023-09-05,-10.963,-0.577,-10.963,-0.577,0,0,8,19,1,15,0,18,4,1,0,0,0,0,0,NA,NA,0.421,8,19,NA,0.053,0,NA,0.789,0.222,NA,NA,NA,NA,https://www.espncricinfo.com/db/PICTURES/CMS/321600/321676.png,https://www.espncricinfo.com/db/PICTURES/CMS/321600/321676.png,https://www.espncricinfo.com/db/PICTURES/CMS/306600/306646.png
Mandy Mangru,907733,Barbados Royals Women,2022,Women's Caribbean Premier League,1323180,WCPL_BR-W_GAW-W_2022-09-03,-6.632,-1.326,-6.632,-1.326,0,0,0,5,0,5,0,5,0,1,0,0,0,0,0,NA,NA,0,0,5,NA,0,0,NA,1,0,NA,NA,NA,NA,https://cricketgoldcoast.com.au/wp-content/uploads/2019/08/generic-headshot.png,https://cricketgoldcoast.com.au/wp-content/uploads/2019/08/generic-headshot.png,https://cricketgoldcoast.com.au/wp-content/uploads/2019/08/generic-headshot.png
Mandy Mangru,907733,Barbados Royals Women,2022,Women's Caribbean Premier League,1323181,WCPL_BR-W_TKR-W_2022-09-04,-3.449,-3.449,-3.449,-3.449,0,0,0,1,0,1,0,1,0,1,0,0,0,0,0,NA,NA,0,0,1,NA,0,0,NA,1,0,NA,NA,NA,NA,https://cricketgoldcoast.com.au/wp-content/uploads/2019/08/generic-headshot.png,https://cricketgoldcoast.com.au/wp-content/uploads/2019/08/generic-headshot.png,https://cricketgoldcoast.com.au/wp-content/uploads/2019/08/generic-headshot.png
Marie Kelly,652939,Trinbago Knight Riders Women,2023,Women's Caribbean Premier League,1380590,WCPL_BR-W_TKR-W_2023-09-02,-3.956,-0.188,-5.944,-0.66,1.988,0.166,5,9,1,7,0,8,1,1,1,12,12,2,6,6,12,0.556,5,21,0.167,0.111,0,0.5,0.778,0.125,NA,NA,NA,NA,https://www.espncricinfo.com/db/PICTURES/CMS/326500/326545.png,https://www.espncricinfo.com/db/PICTURES/CMS/326500/326545.png,https://www.espncricinfo.com/db/PICTURES/CMS/324700/324740.4.jpg
Marie Kelly,652939,Trinbago Knight Riders Women,2023,Women's Caribbean Premier League,1380592,WCPL_TKR-W_GAW-W_2023-09-05,5.24,0.128,0.787,0.046,4.453,0.186,16,17,3,10,0,14,4,1,5,30,24,4,9,7.5,6,0.941,16,41,0.167,0.176,0,0.375,0.588,0.286,NA,NA,NA,NA,https://www.espncricinfo.com/db/PICTURES/CMS/326500/326545.png,https://www.espncricinfo.com/db/PICTURES/CMS/326500/326545.png,https://www.espncricinfo.com/db/PICTURES/CMS/324700/324740.4.jpg
Marie Kelly,652939,Trinbago Knight Riders Women,2023,Women's Caribbean Premier League,1380593,WCPL_BR-W_TKR-W_2023-09-06,17.752,0.433,11.222,0.66,6.53,0.272,28,17,4,7,0,13,12,1,2,21,24,0,6,5.25,10.5,1.647,28,41,0,0.235,0,0.25,0.412,0.923,NA,NA,NA,NA,https://www.espncricinfo.com/db/PICTURES/CMS/326500/326545.png,https://www.espncricinfo.com/db/PICTURES/CMS/326500/326545.png,https://www.espncricinfo.com/db/PICTURES/CMS/324700/324740.4.jpg
Marie Kelly,652939,Trinbago Knight Riders Women,2023,Women's Caribbean Premier League,1380594,WCPL_GAW-W_TKR-W_2023-09-09,-0.055,-0.007,-0.055,-0.007,0,0,8,8,2,5,0,6,0,1,0,0,0,0,0,NA,NA,1,8,8,NA,0.25,0,NA,0.625,0,NA,NA,NA,NA,https://www.espncricinfo.com/db/PICTURES/CMS/326500/326545.png,https://www.espncricinfo.com/db/PICTURES/CMS/326500/326545.png,https://www.espncricinfo.com/db/PICTURES/CMS/324700/324740.4.jpg
Mignon du Preez,54646,Trinbago Knight Riders Women,2023,Women's Caribbean Premier League,1380590,WCPL_BR-W_TKR-W_2023-09-02,-3.698,-0.37,-3.698,-0.37,0,0,7,10,0,3,0,10,7,1,0,0,0,0,0,NA,NA,0.7,7,10,NA,0,0,NA,0.3,0.7,NA,NA,NA,NA,https://www.espncricinfo.com/db/PICTURES/CMS/320600/320646.png,https://www.espncricinfo.com/db/PICTURES/CMS/320600/320646.png,https://www.espncricinfo.com/db/PICTURES/CMS/307300/307321.png
Mignon du Preez,54646,Trinbago Knight Riders Women,2023,Women's Caribbean Premier League,1380592,WCPL_TKR-W_GAW-W_2023-09-05,-4.597,-0.418,-4.597,-0.418,0,0,8,11,0,4,0,11,8,1,0,0,0,0,0,NA,NA,0.727,8,11,NA,0,0,NA,0.364,0.727,NA,NA,NA,NA,https://www.espncricinfo.com/db/PICTURES/CMS/320600/320646.png,https://www.espncricinfo.com/db/PICTURES/CMS/320600/320646.png,https://www.espncricinfo.com/db/PICTURES/CMS/307300/307321.png
Mignon du Preez,54646,Trinbago Knight Riders Women,2023,Women's Caribbean Premier League,1380593,WCPL_BR-W_TKR-W_2023-09-06,14.148,0.615,14.148,0.615,0,0,36,23,4,6,1,19,18,0,0,0,0,0,0,NA,NA,1.565,Inf,23,NA,0.174,0.043,NA,0.261,0.947,NA,NA,NA,NA,https://www.espncricinfo.com/db/PICTURES/CMS/320600/320646.png,https://www.espncricinfo.com/db/PICTURES/CMS/320600/320646.png,https://www.espncricinfo.com/db/PICTURES/CMS/307300/307321.png
Mignon du Preez,54646,Trinbago Knight Riders Women,2023,Women's Caribbean Premier League,1380594,WCPL_GAW-W_TKR-W_2023-09-09,-3.289,-3.289,-3.289,-3.289,0,0,0,1,0,1,0,1,0,1,0,0,0,0,0,NA,NA,0,0,1,NA,0,0,NA,1,0,NA,NA,NA,NA,https://www.espncricinfo.com/db/PICTURES/CMS/320600/320646.png,https://www.espncricinfo.com/db/PICTURES/CMS/320600/320646.png,https://www.espncricinfo.com/db/PICTURES/CMS/307300/307321.png
Natasha McLean,474201,Guyana Amazon Warriors Women,2023,Women's Caribbean Premier League,1380589,WCPL_BR-W_GAW-W_2023-08-31,5.48,0.685,5.48,0.685,0,0,13,8,1,1,1,7,7,0,0,0,0,0,0,NA,NA,1.625,Inf,8,NA,0.125,0.125,NA,0.125,1,NA,NA,NA,NA,https://www.espncricinfo.com/db/PICTURES/CMS/320600/320603.png,https://www.espncricinfo.com/db/PICTURES/CMS/320600/320603.png,https://www.espncricinfo.com/db/PICTURES/CMS/153800/153885.1.jpg
Natasha McLean,474201,Guyana Amazon Warriors Women,2023,Women's Caribbean Premier League,1380591,WCPL_BR-W_GAW-W_2023-09-03,11.937,0.459,11.937,0.459,0,0,38,26,6,11,3,20,8,1,0,0,0,0,0,NA,NA,1.462,38,26,NA,0.231,0.115,NA,0.423,0.4,NA,NA,NA,NA,https://www.espncricinfo.com/db/PICTURES/CMS/320600/320603.png,https://www.espncricinfo.com/db/PICTURES/CMS/320600/320603.png,https://www.espncricinfo.com/db/PICTURES/CMS/153800/153885.1.jpg
Natasha McLean,474201,Guyana Amazon Warriors Women,2023,Women's Caribbean Premier League,1380592,WCPL_TKR-W_GAW-W_2023-09-05,-0.192,-0.019,-0.192,-0.019,0,0,12,10,2,5,0,8,4,1,0,0,0,0,0,NA,NA,1.2,12,10,NA,0.2,0,NA,0.5,0.5,NA,NA,NA,NA,https://www.espncricinfo.com/db/PICTURES/CMS/320600/320603.png,https://www.espncricinfo.com/db/PICTURES/CMS/320600/320603.png,https://www.espncricinfo.com/db/PICTURES/CMS/153800/153885.1.jpg
Natasha McLean,474201,Guyana Amazon Warriors Women,2023,Women's Caribbean Premier League,1380595,WCPL_GAW-W_BR-W_2023-09-10,9.559,0.531,9.559,0.531,0,0,28,18,3,5,2,15,12,1,0,0,0,0,0,NA,NA,1.556,28,18,NA,0.167,0.111,NA,0.278,0.8,NA,NA,NA,NA,https://www.espncricinfo.com/db/PICTURES/CMS/320600/320603.png,https://www.espncricinfo.com/db/PICTURES/CMS/320600/320603.png,https://www.espncricinfo.com/db/PICTURES/CMS/153800/153885.1.jpg
Natasha McLean,474201,Trinbago Knight Riders Women,2022,Women's Caribbean Premier League,1323178,WCPL_BR-W_TKR-W_2022-08-31,-11.37,-0.598,-11.37,-0.598,0,0,7,19,0,12,0,19,7,1,0,0,0,0,0,NA,NA,0.368,7,19,NA,0,0,NA,0.632,0.368,NA,NA,NA,NA,https://www.espncricinfo.com/db/PICTURES/CMS/320600/320603.png,https://www.espncricinfo.com/db/PICTURES/CMS/320600/320603.png,https://www.espncricinfo.com/db/PICTURES/CMS/153800/153885.1.jpg
Natasha McLean,474201,Trinbago Knight Riders Women,2022,Women's Caribbean Premier League,1323181,WCPL_BR-W_TKR-W_2022-09-04,-7.067,-1.01,-7.067,-1.01,0,0,3,7,0,4,0,7,3,1,0,0,0,0,0,NA,NA,0.429,3,7,NA,0,0,NA,0.571,0.429,NA,NA,NA,NA,https://www.espncricinfo.com/db/PICTURES/CMS/320600/320603.png,https://www.espncricinfo.com/db/PICTURES/CMS/320600/320603.png,https://www.espncricinfo.com/db/PICTURES/CMS/153800/153885.1.jpg
Orla Prendergast,1150585,Trinbago Knight Riders Women,2023,Women's Caribbean Premier League,1380594,WCPL_GAW-W_TKR-W_2023-09-09,-4.265,-0.267,-3.698,-0.37,-0.567,-0.094,9,10,1,6,0,9,5,1,0,7,6,1,3,7,Inf,0.9,9,16,0.167,0.1,0,0.5,0.6,0.556,NA,NA,NA,NA,https://www.espncricinfo.com/db/PICTURES/CMS/321600/321626.png,https://www.espncricinfo.com/db/PICTURES/CMS/321600/321626.png,https://www.espncricinfo.com/db/PICTURES/CMS/306700/306792.jpg
Qiana Joseph,769485,Barbados Royals Women,2022,Women's Caribbean Premier League,1323178,WCPL_BR-W_TKR-W_2022-08-31,20.382,0.657,2.886,0.481,17.496,0.7,8,6,1,3,1,5,2,0,0,11,25,0,15,2.64,Inf,1.333,Inf,31,0,0.167,0.167,0.6,0.5,0.4,NA,NA,NA,NA,https://www.espncricinfo.com/db/PICTURES/CMS/370900/370952.4.jpg,https://www.espncricinfo.com/db/PICTURES/CMS/370900/370952.4.jpg,https://www.espncricinfo.com/db/PICTURES/CMS/370900/370952.4.jpg
Qiana Joseph,769485,Barbados Royals Women,2022,Women's Caribbean Premier League,1323180,WCPL_BR-W_GAW-W_2022-09-03,7.979,0.235,9.726,0.463,-1.747,-0.134,30,21,3,5,2,18,14,0,0,15,13,1,4,6.923,Inf,1.429,Inf,34,0.077,0.143,0.095,0.308,0.238,0.778,NA,NA,NA,NA,https://www.espncricinfo.com/db/PICTURES/CMS/370900/370952.4.jpg,https://www.espncricinfo.com/db/PICTURES/CMS/370900/370952.4.jpg,https://www.espncricinfo.com/db/PICTURES/CMS/370900/370952.4.jpg
Qiana Joseph,769485,Barbados Royals Women,2022,Women's Caribbean Premier League,1323181,WCPL_BR-W_TKR-W_2022-09-04,10.772,0.371,-4.079,-0.816,14.851,0.619,3,5,0,4,0,5,3,1,1,14,24,1,15,3.5,14,0.6,3,29,0.042,0,0,0.625,0.8,0.6,NA,NA,NA,NA,https://www.espncricinfo.com/db/PICTURES/CMS/370900/370952.4.jpg,https://www.espncricinfo.com/db/PICTURES/CMS/370900/370952.4.jpg,https://www.espncricinfo.com/db/PICTURES/CMS/370900/370952.4.jpg
Qiana Joseph,769485,Barbados Royals Women,2023,Women's Caribbean Premier League,1380589,WCPL_BR-W_GAW-W_2023-08-31,-20.481,-1.138,0,0,-20.481,-1.138,0,0,0,0,0,0,0,0,1,38,18,5,5,12.667,38,NA,NA,18,0.278,NA,NA,0.278,NA,NA,NA,NA,NA,NA,https://www.espncricinfo.com/db/PICTURES/CMS/370900/370952.4.jpg,https://www.espncricinfo.com/db/PICTURES/CMS/370900/370952.4.jpg,https://www.espncricinfo.com/db/PICTURES/CMS/370900/370952.4.jpg
Qiana Joseph,769485,Barbados Royals Women,2023,Women's Caribbean Premier League,1380595,WCPL_GAW-W_BR-W_2023-09-10,-1.75,-0.097,0,0,-1.75,-0.097,0,0,0,0,0,0,0,0,1,22,18,4,10,7.333,22,NA,NA,18,0.222,NA,NA,0.556,NA,NA,NA,NA,NA,NA,https://www.espncricinfo.com/db/PICTURES/CMS/370900/370952.4.jpg,https://www.espncricinfo.com/db/PICTURES/CMS/370900/370952.4.jpg,https://www.espncricinfo.com/db/PICTURES/CMS/370900/370952.4.jpg
Rachel Vincent,1268279,Guyana Amazon Warriors Women,2022,Women's Caribbean Premier League,1323180,WCPL_BR-W_GAW-W_2022-09-03,-0.045,-0.045,-0.045,-0.045,0,0,1,1,0,0,0,1,1,1,0,0,0,0,0,NA,NA,1,1,1,NA,0,0,NA,0,1,NA,NA,NA,NA,https://cricketgoldcoast.com.au/wp-content/uploads/2019/08/generic-headshot.png,https://cricketgoldcoast.com.au/wp-content/uploads/2019/08/generic-headshot.png,https://cricketgoldcoast.com.au/wp-content/uploads/2019/08/generic-headshot.png
Rashada Williams,769427,Barbados Royals Women,2023,Women's Caribbean Premier League,1380589,WCPL_BR-W_GAW-W_2023-08-31,-1.378,-0.06,-1.378,-0.06,0,0,23,23,2,8,0,21,15,1,0,0,0,0,0,NA,NA,1,23,23,NA,0.087,0,NA,0.348,0.714,NA,NA,NA,NA,https://www.espncricinfo.com/db/PICTURES/CMS/346200/346252.png,https://www.espncricinfo.com/db/PICTURES/CMS/346200/346252.png,https://www.espncricinfo.com/db/PICTURES/CMS/335600/335648.4.jpg
Rashada Williams,769427,Barbados Royals Women,2023,Women's Caribbean Premier League,1380590,WCPL_BR-W_TKR-W_2023-09-02,-6.41,-0.712,-6.41,-0.712,0,0,2,9,0,5,0,9,2,1,0,0,0,0,0,NA,NA,0.222,2,9,NA,0,0,NA,0.556,0.222,NA,NA,NA,NA,https://www.espncricinfo.com/db/PICTURES/CMS/346200/346252.png,https://www.espncricinfo.com/db/PICTURES/CMS/346200/346252.png,https://www.espncricinfo.com/db/PICTURES/CMS/335600/335648.4.jpg
Rashada Williams,769427,Barbados Royals Women,2023,Women's Caribbean Premier League,1380591,WCPL_BR-W_GAW-W_2023-09-03,-1.525,-0.305,-1.525,-0.305,0,0,6,5,1,3,0,4,2,1,0,0,0,0,0,NA,NA,1.2,6,5,NA,0.2,0,NA,0.6,0.5,NA,NA,NA,NA,https://www.espncricinfo.com/db/PICTURES/CMS/346200/346252.png,https://www.espncricinfo.com/db/PICTURES/CMS/346200/346252.png,https://www.espncricinfo.com/db/PICTURES/CMS/335600/335648.4.jpg
Rashada Williams,769427,Barbados Royals Women,2023,Women's Caribbean Premier League,1380595,WCPL_GAW-W_BR-W_2023-09-10,13.242,0.576,13.242,0.576,0,0,36,23,7,9,1,16,6,1,0,0,0,0,0,NA,NA,1.565,36,23,NA,0.304,0.043,NA,0.391,0.375,NA,NA,NA,NA,https://www.espncricinfo.com/db/PICTURES/CMS/346200/346252.png,https://www.espncricinfo.com/db/PICTURES/CMS/346200/346252.png,https://www.espncricinfo.com/db/PICTURES/CMS/335600/335648.4.jpg
Rashada Williams,769427,Guyana Amazon Warriors Women,2022,Women's Caribbean Premier League,1323180,WCPL_BR-W_GAW-W_2022-09-03,-12.947,-0.462,-12.947,-0.462,0,0,16,28,1,15,0,27,12,1,0,0,0,0,0,NA,NA,0.571,16,28,NA,0.036,0,NA,0.536,0.444,NA,NA,NA,NA,https://www.espncricinfo.com/db/PICTURES/CMS/346200/346252.png,https://www.espncricinfo.com/db/PICTURES/CMS/346200/346252.png,https://www.espncricinfo.com/db/PICTURES/CMS/335600/335648.4.jpg
Reniece Boyce,908047,Barbados Royals Women,2022,Women's Caribbean Premier League,1323178,WCPL_BR-W_TKR-W_2022-08-31,-4.763,-0.595,-4.763,-0.595,0,0,5,8,0,4,0,8,5,1,0,0,0,0,0,NA,NA,0.625,5,8,NA,0,0,NA,0.5,0.625,NA,NA,NA,NA,https://www.espncricinfo.com/db/PICTURES/CMS/321600/321681.png,https://www.espncricinfo.com/db/PICTURES/CMS/321600/321681.png,https://www.espncricinfo.com/db/PICTURES/CMS/306600/306674.png
Reniece Boyce,908047,Barbados Royals Women,2022,Women's Caribbean Premier League,1323180,WCPL_BR-W_GAW-W_2022-09-03,0.333,0.055,0.333,0.055,0,0,3,6,0,2,0,6,3,0,0,0,0,0,0,NA,NA,0.5,Inf,6,NA,0,0,NA,0.333,0.5,NA,NA,NA,NA,https://www.espncricinfo.com/db/PICTURES/CMS/321600/321681.png,https://www.espncricinfo.com/db/PICTURES/CMS/321600/321681.png,https://www.espncricinfo.com/db/PICTURES/CMS/306600/306674.png
Reniece Boyce,908047,Barbados Royals Women,2022,Women's Caribbean Premier League,1323181,WCPL_BR-W_TKR-W_2022-09-04,-6.521,-0.932,-6.521,-0.932,0,0,2,7,0,5,0,7,2,1,0,0,0,0,0,NA,NA,0.286,2,7,NA,0,0,NA,0.714,0.286,NA,NA,NA,NA,https://www.espncricinfo.com/db/PICTURES/CMS/321600/321681.png,https://www.espncricinfo.com/db/PICTURES/CMS/321600/321681.png,https://www.espncricinfo.com/db/PICTURES/CMS/306600/306674.png
Samara Ramnath,310961,Trinbago Knight Riders Women,2023,Women's Caribbean Premier League,1380593,WCPL_BR-W_TKR-W_2023-09-06,1.137,0.095,0,0,1.137,0.095,0,0,0,0,0,0,0,0,1,13,12,2,5,6.5,13,NA,NA,12,0.167,NA,NA,0.417,NA,NA,NA,NA,NA,NA,NA,NA,NA
Samara Ramnath,310961,Trinbago Knight Riders Women,2023,Women's Caribbean Premier League,1380594,WCPL_GAW-W_TKR-W_2023-09-09,-13.711,-1.523,-5.717,-1.906,-7.994,-1.332,0,3,0,3,0,3,0,1,0,15,6,3,2,15,Inf,0,0,9,0.5,0,0,0.333,1,0,NA,NA,NA,NA,NA,NA,NA
Shabika Gajnabi,1199630,Guyana Amazon Warriors Women,2022,Women's Caribbean Premier League,1323180,WCPL_BR-W_GAW-W_2022-09-03,3.458,0.192,0,0,3.458,0.192,0,0,0,0,0,0,0,0,2,19,18,2,10,6.333,9.5,NA,NA,18,0.111,NA,NA,0.556,NA,NA,NA,NA,NA,NA,https://www.espncricinfo.com/db/PICTURES/CMS/326500/326550.png,https://www.espncricinfo.com/db/PICTURES/CMS/326500/326550.png,https://www.espncricinfo.com/db/PICTURES/CMS/311900/311991.16.jpg
Shabika Gajnabi,1199630,Guyana Amazon Warriors Women,2023,Women's Caribbean Premier League,1380591,WCPL_BR-W_GAW-W_2023-09-03,-1.305,-0.435,-1.305,-0.435,0,0,2,3,0,2,0,3,2,0,0,0,0,0,0,NA,NA,0.667,Inf,3,NA,0,0,NA,0.667,0.667,NA,NA,NA,NA,https://www.espncricinfo.com/db/PICTURES/CMS/326500/326550.png,https://www.espncricinfo.com/db/PICTURES/CMS/326500/326550.png,https://www.espncricinfo.com/db/PICTURES/CMS/311900/311991.16.jpg
Shabika Gajnabi,1199630,Guyana Amazon Warriors Women,2023,Women's Caribbean Premier League,1380592,WCPL_TKR-W_GAW-W_2023-09-05,-9.275,-1.325,-9.275,-1.325,0,0,4,7,0,3,0,7,4,1,0,0,0,0,0,NA,NA,0.571,4,7,NA,0,0,NA,0.429,0.571,NA,NA,NA,NA,https://www.espncricinfo.com/db/PICTURES/CMS/326500/326550.png,https://www.espncricinfo.com/db/PICTURES/CMS/326500/326550.png,https://www.espncricinfo.com/db/PICTURES/CMS/311900/311991.16.jpg
Shabika Gajnabi,1199630,Guyana Amazon Warriors Women,2023,Women's Caribbean Premier League,1380595,WCPL_GAW-W_BR-W_2023-09-10,-3.449,-3.449,-3.449,-3.449,0,0,0,1,0,1,0,1,0,1,0,0,0,0,0,NA,NA,0,0,1,NA,0,0,NA,1,0,NA,NA,NA,NA,https://www.espncricinfo.com/db/PICTURES/CMS/326500/326550.png,https://www.espncricinfo.com/db/PICTURES/CMS/326500/326550.png,https://www.espncricinfo.com/db/PICTURES/CMS/311900/311991.16.jpg
Shabnim Ismail,276997,Guyana Amazon Warriors Women,2023,Women's Caribbean Premier League,1380589,WCPL_BR-W_GAW-W_2023-08-31,6.43,0.268,0,0,6.43,0.268,0,0,0,0,0,0,0,0,1,18,24,2,15,4.5,18,NA,NA,24,0.083,NA,NA,0.625,NA,NA,NA,NA,NA,NA,https://www.espncricinfo.com/db/PICTURES/CMS/320600/320648.png,https://www.espncricinfo.com/db/PICTURES/CMS/320600/320648.png,https://www.espncricinfo.com/db/PICTURES/CMS/307300/307335.png
Shabnim Ismail,276997,Guyana Amazon Warriors Women,2023,Women's Caribbean Premier League,1380591,WCPL_BR-W_GAW-W_2023-09-03,1.111,0.043,0,0,1.111,0.043,0,0,0,0,0,0,0,0,0,23,26,2,10,5.308,Inf,NA,NA,26,0.077,NA,NA,0.385,NA,NA,NA,NA,NA,NA,https://www.espncricinfo.com/db/PICTURES/CMS/320600/320648.png,https://www.espncricinfo.com/db/PICTURES/CMS/320600/320648.png,https://www.espncricinfo.com/db/PICTURES/CMS/307300/307335.png
Shabnim Ismail,276997,Guyana Amazon Warriors Women,2023,Women's Caribbean Premier League,1380592,WCPL_TKR-W_GAW-W_2023-09-05,-5.579,-0.215,-4.503,-2.252,-1.076,-0.045,0,2,0,2,0,2,0,1,2,29,24,5,13,7.25,14.5,0,0,26,0.208,0,0,0.542,1,0,NA,NA,NA,NA,https://www.espncricinfo.com/db/PICTURES/CMS/320600/320648.png,https://www.espncricinfo.com/db/PICTURES/CMS/320600/320648.png,https://www.espncricinfo.com/db/PICTURES/CMS/307300/307335.png
Shabnim Ismail,276997,Guyana Amazon Warriors Women,2023,Women's Caribbean Premier League,1380594,WCPL_GAW-W_TKR-W_2023-09-09,7.556,0.63,0,0,7.556,0.63,0,0,0,0,0,0,0,0,0,6,12,1,10,3,Inf,NA,NA,12,0.083,NA,NA,0.833,NA,NA,NA,NA,NA,NA,https://www.espncricinfo.com/db/PICTURES/CMS/320600/320648.png,https://www.espncricinfo.com/db/PICTURES/CMS/320600/320648.png,https://www.espncricinfo.com/db/PICTURES/CMS/307300/307335.png
Shabnim Ismail,276997,Guyana Amazon Warriors Women,2023,Women's Caribbean Premier League,1380595,WCPL_GAW-W_BR-W_2023-09-10,11.3,0.419,3.471,1.157,7.829,0.326,10,3,2,1,1,1,0,1,5,30,24,5,13,7.5,6,3.333,10,27,0.208,0.667,0.333,0.542,0.333,0,NA,NA,NA,NA,https://www.espncricinfo.com/db/PICTURES/CMS/320600/320648.png,https://www.espncricinfo.com/db/PICTURES/CMS/320600/320648.png,https://www.espncricinfo.com/db/PICTURES/CMS/307300/307335.png
Shakera Selman,355356,Barbados Royals Women,2022,Women's Caribbean Premier League,1323178,WCPL_BR-W_TKR-W_2022-08-31,9.914,0.413,0,0,9.914,0.413,0,0,0,0,0,0,0,0,2,20,24,1,11,5,10,NA,NA,24,0.042,NA,NA,0.458,NA,NA,NA,NA,NA,NA,https://www.espncricinfo.com/db/PICTURES/CMS/320600/320604.png,https://www.espncricinfo.com/db/PICTURES/CMS/320600/320604.png,https://www.espncricinfo.com/db/PICTURES/CMS/306600/306699.png
Shakera Selman,355356,Barbados Royals Women,2022,Women's Caribbean Premier League,1323180,WCPL_BR-W_GAW-W_2022-09-03,13.42,0.559,0,0,13.42,0.559,0,0,0,0,0,0,0,0,2,17,24,0,9,4.25,8.5,NA,NA,24,0,NA,NA,0.375,NA,NA,NA,NA,NA,NA,https://www.espncricinfo.com/db/PICTURES/CMS/320600/320604.png,https://www.espncricinfo.com/db/PICTURES/CMS/320600/320604.png,https://www.espncricinfo.com/db/PICTURES/CMS/306600/306699.png
Shakera Selman,355356,Barbados Royals Women,2022,Women's Caribbean Premier League,1323181,WCPL_BR-W_TKR-W_2022-09-04,2.329,0.078,0.333,0.055,1.996,0.083,5,6,0,0,0,6,5,0,1,25,24,2,9,6.25,25,0.833,Inf,30,0.083,0,0,0.375,0,0.833,NA,NA,NA,NA,https://www.espncricinfo.com/db/PICTURES/CMS/320600/320604.png,https://www.espncricinfo.com/db/PICTURES/CMS/320600/320604.png,https://www.espncricinfo.com/db/PICTURES/CMS/306600/306699.png
Shakera Selman,355356,Guyana Amazon Warriors Women,2023,Women's Caribbean Premier League,1380591,WCPL_BR-W_GAW-W_2023-09-03,8.454,0.423,0,0,8.454,0.423,0,0,0,0,0,0,0,0,2,15,20,0,7,4.5,7.5,NA,NA,20,0,NA,NA,0.35,NA,NA,NA,NA,NA,NA,https://www.espncricinfo.com/db/PICTURES/CMS/320600/320604.png,https://www.espncricinfo.com/db/PICTURES/CMS/320600/320604.png,https://www.espncricinfo.com/db/PICTURES/CMS/306600/306699.png
Shakera Selman,355356,Guyana Amazon Warriors Women,2023,Women's Caribbean Premier League,1380592,WCPL_TKR-W_GAW-W_2023-09-05,-0.045,-0.045,-0.045,-0.045,0,0,1,1,0,0,0,1,1,0,0,0,0,0,0,NA,NA,1,Inf,1,NA,0,0,NA,0,1,NA,NA,NA,NA,https://www.espncricinfo.com/db/PICTURES/CMS/320600/320604.png,https://www.espncricinfo.com/db/PICTURES/CMS/320600/320604.png,https://www.espncricinfo.com/db/PICTURES/CMS/306600/306699.png
Shakera Selman,355356,Guyana Amazon Warriors Women,2023,Women's Caribbean Premier League,1380594,WCPL_GAW-W_TKR-W_2023-09-09,13.455,0.708,0,0,13.455,0.708,0,0,0,0,0,0,0,0,1,10,19,0,11,3.158,10,NA,NA,19,0,NA,NA,0.579,NA,NA,NA,NA,NA,NA,https://www.espncricinfo.com/db/PICTURES/CMS/320600/320604.png,https://www.espncricinfo.com/db/PICTURES/CMS/320600/320604.png,https://www.espncricinfo.com/db/PICTURES/CMS/306600/306699.png
Shakera Selman,355356,Guyana Amazon Warriors Women,2023,Women's Caribbean Premier League,1380595,WCPL_GAW-W_BR-W_2023-09-10,-13.434,-1.033,0,0,-13.434,-1.033,0,0,0,0,0,0,0,0,0,25,13,3,2,11.538,Inf,NA,NA,13,0.231,NA,NA,0.154,NA,NA,NA,NA,NA,NA,https://www.espncricinfo.com/db/PICTURES/CMS/320600/320604.png,https://www.espncricinfo.com/db/PICTURES/CMS/320600/320604.png,https://www.espncricinfo.com/db/PICTURES/CMS/306600/306699.png
Shamilia Connell,474191,Guyana Amazon Warriors Women,2022,Women's Caribbean Premier League,1323180,WCPL_BR-W_GAW-W_2022-09-03,14.679,0.565,-1.214,-1.214,15.893,0.636,0,1,0,1,0,1,0,0,2,10,25,0,15,2.4,5,0,NA,26,0,0,0,0.6,1,0,NA,NA,NA,NA,https://www.espncricinfo.com/db/PICTURES/CMS/320600/320605.png,https://www.espncricinfo.com/db/PICTURES/CMS/320600/320605.png,https://www.espncricinfo.com/db/PICTURES/CMS/306700/306700.png
Shamilia Connell,474191,Trinbago Knight Riders Women,2023,Women's Caribbean Premier League,1380590,WCPL_BR-W_TKR-W_2023-09-02,-14.272,-0.951,-10.534,-1.17,-3.738,-0.623,4,9,0,5,0,9,4,1,0,10,6,2,3,10,Inf,0.444,4,15,0.333,0,0,0.5,0.556,0.444,NA,NA,NA,NA,https://www.espncricinfo.com/db/PICTURES/CMS/320600/320605.png,https://www.espncricinfo.com/db/PICTURES/CMS/320600/320605.png,https://www.espncricinfo.com/db/PICTURES/CMS/306700/306700.png
Shamilia Connell,474191,Trinbago Knight Riders Women,2023,Women's Caribbean Premier League,1380592,WCPL_TKR-W_GAW-W_2023-09-05,5.172,0.199,-0.796,-0.796,5.967,0.239,0,1,0,1,0,1,0,0,1,20,25,2,12,4.8,20,0,NA,26,0.08,0,0,0.48,1,0,NA,NA,NA,NA,https://www.espncricinfo.com/db/PICTURES/CMS/320600/320605.png,https://www.espncricinfo.com/db/PICTURES/CMS/320600/320605.png,https://www.espncricinfo.com/db/PICTURES/CMS/306700/306700.png
Shamilia Connell,474191,Trinbago Knight Riders Women,2023,Women's Caribbean Premier League,1380593,WCPL_BR-W_TKR-W_2023-09-06,-5.828,-0.448,0,0,-5.828,-0.448,0,0,0,0,0,0,0,0,0,19,13,3,6,8.769,Inf,NA,NA,13,0.231,NA,NA,0.462,NA,NA,NA,NA,NA,NA,https://www.espncricinfo.com/db/PICTURES/CMS/320600/320605.png,https://www.espncricinfo.com/db/PICTURES/CMS/320600/320605.png,https://www.espncricinfo.com/db/PICTURES/CMS/306700/306700.png
Shamilia Connell,474191,Trinbago Knight Riders Women,2023,Women's Caribbean Premier League,1380594,WCPL_GAW-W_TKR-W_2023-09-09,-7.124,-0.648,-5.94,-1.188,-1.184,-0.197,3,5,0,2,0,5,3,0,0,7,6,1,3,7,Inf,0.6,Inf,11,0.167,0,0,0.5,0.4,0.6,NA,NA,NA,NA,https://www.espncricinfo.com/db/PICTURES/CMS/320600/320605.png,https://www.espncricinfo.com/db/PICTURES/CMS/320600/320605.png,https://www.espncricinfo.com/db/PICTURES/CMS/306700/306700.png
Shawnisha Hector,1204928,Trinbago Knight Riders Women,2022,Women's Caribbean Premier League,1323178,WCPL_BR-W_TKR-W_2022-08-31,-3.334,-1.667,-3.334,-1.667,0,0,1,2,0,1,0,2,1,1,0,0,0,0,0,NA,NA,0.5,1,2,NA,0,0,NA,0.5,0.5,NA,NA,NA,NA,https://cricketgoldcoast.com.au/wp-content/uploads/2019/08/generic-headshot.png,https://cricketgoldcoast.com.au/wp-content/uploads/2019/08/generic-headshot.png,https://cricketgoldcoast.com.au/wp-content/uploads/2019/08/generic-headshot.png
Shemaine Campbelle,424631,Guyana Amazon Warriors Women,2022,Women's Caribbean Premier League,1323180,WCPL_BR-W_GAW-W_2022-09-03,-12.559,-0.502,-12.559,-0.502,0,0,16,25,0,9,0,25,16,1,0,0,0,0,0,NA,NA,0.64,16,25,NA,0,0,NA,0.36,0.64,NA,NA,NA,NA,https://www.espncricinfo.com/db/PICTURES/CMS/320600/320608.png,https://www.espncricinfo.com/db/PICTURES/CMS/320600/320608.png,https://www.espncricinfo.com/db/PICTURES/CMS/306600/306631.png
Shemaine Campbelle,424631,Guyana Amazon Warriors Women,2023,Women's Caribbean Premier League,1380591,WCPL_BR-W_GAW-W_2023-09-03,4.214,0.324,4.214,0.324,0,0,19,13,2,1,0,11,11,0,0,0,0,0,0,NA,NA,1.462,Inf,13,NA,0.154,0,NA,0.077,1,NA,NA,NA,NA,https://www.espncricinfo.com/db/PICTURES/CMS/320600/320608.png,https://www.espncricinfo.com/db/PICTURES/CMS/320600/320608.png,https://www.espncricinfo.com/db/PICTURES/CMS/306600/306631.png
Shemaine Campbelle,424631,Guyana Amazon Warriors Women,2023,Women's Caribbean Premier League,1380592,WCPL_TKR-W_GAW-W_2023-09-05,-6.035,-0.603,-6.035,-0.603,0,0,7,10,1,7,0,9,3,1,0,0,0,0,0,NA,NA,0.7,7,10,NA,0.1,0,NA,0.7,0.333,NA,NA,NA,NA,https://www.espncricinfo.com/db/PICTURES/CMS/320600/320608.png,https://www.espncricinfo.com/db/PICTURES/CMS/320600/320608.png,https://www.espncricinfo.com/db/PICTURES/CMS/306600/306631.png
Shemaine Campbelle,424631,Guyana Amazon Warriors Women,2023,Women's Caribbean Premier League,1380595,WCPL_GAW-W_BR-W_2023-09-10,10.353,0.296,10.353,0.296,0,0,47,35,6,9,2,29,19,0,0,0,0,0,0,NA,NA,1.343,Inf,35,NA,0.171,0.057,NA,0.257,0.655,NA,NA,NA,NA,https://www.espncricinfo.com/db/PICTURES/CMS/320600/320608.png,https://www.espncricinfo.com/db/PICTURES/CMS/320600/320608.png,https://www.espncricinfo.com/db/PICTURES/CMS/306600/306631.png
Sheneta Grimmond,909779,Guyana Amazon Warriors Women,2023,Women's Caribbean Premier League,1380592,WCPL_TKR-W_GAW-W_2023-09-05,2.965,0.198,0.126,0.042,2.839,0.237,5,3,1,1,0,2,1,1,1,11,12,1,7,5.5,11,1.667,5,15,0.083,0.333,0,0.583,0.333,0.5,NA,NA,NA,NA,https://www.espncricinfo.com/db/PICTURES/CMS/321600/321675.png,https://www.espncricinfo.com/db/PICTURES/CMS/321600/321675.png,https://www.espncricinfo.com/db/PICTURES/CMS/306600/306630.png
Sheneta Grimmond,909779,Guyana Amazon Warriors Women,2023,Women's Caribbean Premier League,1380594,WCPL_GAW-W_TKR-W_2023-09-09,-6.432,-0.536,0,0,-6.432,-0.536,0,0,0,0,0,0,0,0,1,18,12,2,4,9,18,NA,NA,12,0.167,NA,NA,0.333,NA,NA,NA,NA,NA,NA,https://www.espncricinfo.com/db/PICTURES/CMS/321600/321675.png,https://www.espncricinfo.com/db/PICTURES/CMS/321600/321675.png,https://www.espncricinfo.com/db/PICTURES/CMS/306600/306630.png
Sheneta Grimmond,909779,Guyana Amazon Warriors Women,2023,Women's Caribbean Premier League,1380595,WCPL_GAW-W_BR-W_2023-09-10,-7.352,-0.387,-3.449,-3.449,-3.903,-0.217,0,1,0,1,0,1,0,1,0,21,18,4,9,7,Inf,0,0,19,0.222,0,0,0.5,1,0,NA,NA,NA,NA,https://www.espncricinfo.com/db/PICTURES/CMS/321600/321675.png,https://www.espncricinfo.com/db/PICTURES/CMS/321600/321675.png,https://www.espncricinfo.com/db/PICTURES/CMS/306600/306630.png
Sheneta Grimmond,909779,Trinbago Knight Riders Women,2022,Women's Caribbean Premier League,1323178,WCPL_BR-W_TKR-W_2022-08-31,-5.362,-0.244,-2.519,-0.63,-2.843,-0.158,2,4,0,2,0,4,2,0,1,22,18,3,8,7.333,22,0.5,Inf,22,0.167,0,0,0.444,0.5,0.5,NA,NA,NA,NA,https://www.espncricinfo.com/db/PICTURES/CMS/321600/321675.png,https://www.espncricinfo.com/db/PICTURES/CMS/321600/321675.png,https://www.espncricinfo.com/db/PICTURES/CMS/306600/306630.png
Sheneta Grimmond,909779,Trinbago Knight Riders Women,2022,Women's Caribbean Premier League,1323181,WCPL_BR-W_TKR-W_2022-09-04,5.169,0.185,-1.305,-0.435,6.474,0.259,1,3,0,1,0,3,1,0,2,22,25,1,12,5.28,11,0.333,Inf,28,0.04,0,0,0.48,0.333,0.333,NA,NA,NA,NA,https://www.espncricinfo.com/db/PICTURES/CMS/321600/321675.png,https://www.espncricinfo.com/db/PICTURES/CMS/321600/321675.png,https://www.espncricinfo.com/db/PICTURES/CMS/306600/306630.png
Shreyanka Patil,1289948,Guyana Amazon Warriors Women,2023,Women's Caribbean Premier League,1380589,WCPL_BR-W_GAW-W_2023-08-31,-8.326,-0.694,0,0,-8.326,-0.694,0,0,0,0,0,0,0,0,0,21,12,4,4,10.5,Inf,NA,NA,12,0.333,NA,NA,0.333,NA,NA,NA,NA,NA,NA,NA,NA,NA
Shreyanka Patil,1289948,Guyana Amazon Warriors Women,2023,Women's Caribbean Premier League,1380591,WCPL_BR-W_GAW-W_2023-09-03,1.333,0.053,0,0,1.333,0.053,0,0,0,0,0,0,0,0,4,35,25,4,11,8.4,8.75,NA,NA,25,0.16,NA,NA,0.44,NA,NA,NA,NA,NA,NA,NA,NA,NA
Shreyanka Patil,1289948,Guyana Amazon Warriors Women,2023,Women's Caribbean Premier League,1380592,WCPL_TKR-W_GAW-W_2023-09-05,8.829,0.315,-3.425,-0.856,12.254,0.511,3,4,0,2,0,4,3,1,2,15,24,1,15,3.75,7.5,0.75,3,28,0.042,0,0,0.625,0.5,0.75,NA,NA,NA,NA,NA,NA,NA
Shreyanka Patil,1289948,Guyana Amazon Warriors Women,2023,Women's Caribbean Premier League,1380594,WCPL_GAW-W_TKR-W_2023-09-09,28.265,1.131,0,0,28.265,1.131,0,0,0,0,0,0,0,0,3,10,25,0,16,2.4,3.333,NA,NA,25,0,NA,NA,0.64,NA,NA,NA,NA,NA,NA,NA,NA,NA
Shreyanka Patil,1289948,Guyana Amazon Warriors Women,2023,Women's Caribbean Premier League,1380595,WCPL_GAW-W_BR-W_2023-09-10,-5.403,-0.2,-4.19,-1.397,-1.213,-0.051,1,3,0,2,0,3,1,1,1,26,24,5,16,6.5,26,0.333,1,27,0.208,0,0,0.667,0.667,0.333,NA,NA,NA,NA,NA,NA,NA
Snigdha Paul,1329775,Barbados Royals Women,2022,Women's Caribbean Premier League,1323181,WCPL_BR-W_TKR-W_2022-09-04,-4.023,-0.671,-4.023,-0.671,0,0,4,6,0,2,0,6,4,1,0,0,0,0,0,NA,NA,0.667,4,6,NA,0,0,NA,0.333,0.667,NA,NA,NA,NA,https://www.espncricinfo.com/db/PICTURES/CMS/351500/351552.png,https://www.espncricinfo.com/db/PICTURES/CMS/351500/351552.png,https://www.espncricinfo.com/db/PICTURES/CMS/345500/345529.3.jpg
Sophie Devine,231740,Guyana Amazon Warriors Women,2023,Women's Caribbean Premier League,1380589,WCPL_BR-W_GAW-W_2023-08-31,52.854,0.575,48.127,0.718,4.727,0.189,103,67,15,18,5,52,33,0,1,20,25,2,15,4.8,20,1.537,Inf,92,0.08,0.224,0.075,0.6,0.269,0.635,NA,NA,NA,NA,https://www.espncricinfo.com/db/PICTURES/CMS/320500/320551.png,https://www.espncricinfo.com/db/PICTURES/CMS/320500/320551.png,https://www.espncricinfo.com/db/PICTURES/CMS/305800/305803.png
Sophie Devine,231740,Guyana Amazon Warriors Women,2023,Women's Caribbean Premier League,1380591,WCPL_BR-W_GAW-W_2023-09-03,6.427,0.096,2.655,0.065,3.771,0.145,42,41,6,15,0,35,18,1,1,23,26,2,14,5.308,23,1.024,42,67,0.077,0.146,0,0.538,0.366,0.514,NA,NA,NA,NA,https://www.espncricinfo.com/db/PICTURES/CMS/320500/320551.png,https://www.espncricinfo.com/db/PICTURES/CMS/320500/320551.png,https://www.espncricinfo.com/db/PICTURES/CMS/305800/305803.png
Sophie Devine,231740,Guyana Amazon Warriors Women,2023,Women's Caribbean Premier League,1380592,WCPL_TKR-W_GAW-W_2023-09-05,11.907,0.186,8.887,0.228,3.02,0.121,48,39,5,15,1,34,26,1,2,27,25,4,14,6.48,13.5,1.231,48,64,0.16,0.128,0.026,0.56,0.385,0.765,NA,NA,NA,NA,https://www.espncricinfo.com/db/PICTURES/CMS/320500/320551.png,https://www.espncricinfo.com/db/PICTURES/CMS/320500/320551.png,https://www.espncricinfo.com/db/PICTURES/CMS/305800/305803.png
Sophie Devine,231740,Guyana Amazon Warriors Women,2023,Women's Caribbean Premier League,1380594,WCPL_GAW-W_TKR-W_2023-09-09,15.797,0.494,17.852,0.94,-2.055,-0.158,38,19,6,7,3,13,8,0,1,16,13,3,7,7.385,16,2,Inf,32,0.231,0.316,0.158,0.538,0.368,0.615,NA,NA,NA,NA,https://www.espncricinfo.com/db/PICTURES/CMS/320500/320551.png,https://www.espncricinfo.com/db/PICTURES/CMS/320500/320551.png,https://www.espncricinfo.com/db/PICTURES/CMS/305800/305803.png
Sophie Devine,231740,Guyana Amazon Warriors Women,2023,Women's Caribbean Premier League,1380595,WCPL_GAW-W_BR-W_2023-09-10,-7.256,-0.213,5.009,0.239,-12.265,-0.943,22,21,4,11,1,17,4,1,0,24,13,5,5,11.077,Inf,1.048,22,34,0.385,0.19,0.048,0.385,0.524,0.235,NA,NA,NA,NA,https://www.espncricinfo.com/db/PICTURES/CMS/320500/320551.png,https://www.espncricinfo.com/db/PICTURES/CMS/320500/320551.png,https://www.espncricinfo.com/db/PICTURES/CMS/305800/305803.png
Stafanie Taylor,355359,Guyana Amazon Warriors Women,2022,Women's Caribbean Premier League,1323180,WCPL_BR-W_GAW-W_2022-09-03,-6.862,-0.202,-6.862,-0.202,0,0,32,34,2,11,0,32,24,0,0,0,0,0,0,NA,NA,0.941,Inf,34,NA,0.059,0,NA,0.324,0.75,NA,NA,NA,NA,https://www.espncricinfo.com/db/PICTURES/CMS/320600/320610.png,https://www.espncricinfo.com/db/PICTURES/CMS/320600/320610.png,https://www.espncricinfo.com/db/PICTURES/CMS/306600/306628.png
Stafanie Taylor,355359,Guyana Amazon Warriors Women,2023,Women's Caribbean Premier League,1380589,WCPL_BR-W_GAW-W_2023-08-31,-11.306,-0.435,-11.306,-0.435,0,0,22,26,1,9,0,25,18,1,0,0,0,0,0,NA,NA,0.846,22,26,NA,0.038,0,NA,0.346,0.72,NA,NA,NA,NA,https://www.espncricinfo.com/db/PICTURES/CMS/320600/320610.png,https://www.espncricinfo.com/db/PICTURES/CMS/320600/320610.png,https://www.espncricinfo.com/db/PICTURES/CMS/306600/306628.png
Stafanie Taylor,355359,Guyana Amazon Warriors Women,2023,Women's Caribbean Premier League,1380591,WCPL_BR-W_GAW-W_2023-09-03,-6.171,-0.475,-6.171,-0.475,0,0,10,13,1,7,0,12,6,1,0,0,0,0,0,NA,NA,0.769,10,13,NA,0.077,0,NA,0.538,0.5,NA,NA,NA,NA,https://www.espncricinfo.com/db/PICTURES/CMS/320600/320610.png,https://www.espncricinfo.com/db/PICTURES/CMS/320600/320610.png,https://www.espncricinfo.com/db/PICTURES/CMS/306600/306628.png
Stafanie Taylor,355359,Guyana Amazon Warriors Women,2023,Women's Caribbean Premier League,1380592,WCPL_TKR-W_GAW-W_2023-09-05,3.278,0.109,3.278,0.109,0,0,32,30,4,9,0,26,16,1,0,0,0,0,0,NA,NA,1.067,32,30,NA,0.133,0,NA,0.3,0.615,NA,NA,NA,NA,https://www.espncricinfo.com/db/PICTURES/CMS/320600/320610.png,https://www.espncricinfo.com/db/PICTURES/CMS/320600/320610.png,https://www.espncricinfo.com/db/PICTURES/CMS/306600/306628.png
Stafanie Taylor,355359,Guyana Amazon Warriors Women,2023,Women's Caribbean Premier League,1380594,WCPL_GAW-W_TKR-W_2023-09-09,8.105,1.013,8.105,1.013,0,0,17,8,3,3,1,5,3,0,0,0,0,0,0,NA,NA,2.125,Inf,8,NA,0.375,0.125,NA,0.375,0.6,NA,NA,NA,NA,https://www.espncricinfo.com/db/PICTURES/CMS/320600/320610.png,https://www.espncricinfo.com/db/PICTURES/CMS/320600/320610.png,https://www.espncricinfo.com/db/PICTURES/CMS/306600/306628.png
Stafanie Taylor,355359,Guyana Amazon Warriors Women,2023,Women's Caribbean Premier League,1380595,WCPL_GAW-W_BR-W_2023-09-10,-2.253,-0.751,-2.253,-0.751,0,0,4,3,1,2,0,2,0,1,0,0,0,0,0,NA,NA,1.333,4,3,NA,0.333,0,NA,0.667,0,NA,NA,NA,NA,https://www.espncricinfo.com/db/PICTURES/CMS/320600/320610.png,https://www.espncricinfo.com/db/PICTURES/CMS/320600/320610.png,https://www.espncricinfo.com/db/PICTURES/CMS/306600/306628.png
Sune Luus,487007,Trinbago Knight Riders Women,2022,Women's Caribbean Premier League,1323178,WCPL_BR-W_TKR-W_2022-08-31,-1.537,-0.032,-10.131,-0.44,8.593,0.344,17,23,1,10,0,22,13,1,0,14,25,0,12,3.36,Inf,0.739,17,48,0,0.043,0,0.48,0.435,0.591,NA,NA,NA,NA,https://www.espncricinfo.com/db/PICTURES/CMS/320600/320650.png,https://www.espncricinfo.com/db/PICTURES/CMS/320600/320650.png,https://www.espncricinfo.com/db/PICTURES/CMS/307300/307332.png
Sune Luus,487007,Trinbago Knight Riders Women,2022,Women's Caribbean Premier League,1323181,WCPL_BR-W_TKR-W_2022-09-04,3.254,0.079,-7.476,-0.467,10.73,0.429,12,16,1,8,0,15,8,1,2,17,25,0,11,4.08,8.5,0.75,12,41,0,0.062,0,0.44,0.5,0.533,NA,NA,NA,NA,https://www.espncricinfo.com/db/PICTURES/CMS/320600/320650.png,https://www.espncricinfo.com/db/PICTURES/CMS/320600/320650.png,https://www.espncricinfo.com/db/PICTURES/CMS/307300/307332.png
Suzie Bates,54565,Guyana Amazon Warriors Women,2023,Women's Caribbean Premier League,1380589,WCPL_BR-W_GAW-W_2023-08-31,-12.488,-0.284,-1.905,-0.087,-10.583,-0.481,23,22,2,7,0,20,15,1,0,33,22,4,3,9,Inf,1.045,23,44,0.182,0.091,0,0.136,0.318,0.75,NA,NA,NA,NA,https://www.espncricinfo.com/db/PICTURES/CMS/320600/320652.png,https://www.espncricinfo.com/db/PICTURES/CMS/320600/320652.png,https://www.espncricinfo.com/db/PICTURES/CMS/305800/305804.png
Suzie Bates,54565,Guyana Amazon Warriors Women,2023,Women's Caribbean Premier League,1380591,WCPL_BR-W_GAW-W_2023-09-03,2.588,0.1,2.588,0.1,0,0,30,26,3,5,0,23,18,1,0,0,0,0,0,NA,NA,1.154,30,26,NA,0.115,0,NA,0.192,0.783,NA,NA,NA,NA,https://www.espncricinfo.com/db/PICTURES/CMS/320600/320652.png,https://www.espncricinfo.com/db/PICTURES/CMS/320600/320652.png,https://www.espncricinfo.com/db/PICTURES/CMS/305800/305804.png
Suzie Bates,54565,Guyana Amazon Warriors Women,2023,Women's Caribbean Premier League,1380592,WCPL_TKR-W_GAW-W_2023-09-05,-1.039,-0.04,-0.373,-0.027,-0.666,-0.055,16,14,3,7,0,11,4,1,0,12,12,1,4,6,Inf,1.143,16,26,0.083,0.214,0,0.333,0.5,0.364,NA,NA,NA,NA,https://www.espncricinfo.com/db/PICTURES/CMS/320600/320652.png,https://www.espncricinfo.com/db/PICTURES/CMS/320600/320652.png,https://www.espncricinfo.com/db/PICTURES/CMS/305800/305804.png
Suzie Bates,54565,Guyana Amazon Warriors Women,2023,Women's Caribbean Premier League,1380594,WCPL_GAW-W_TKR-W_2023-09-09,1.805,0.095,1.805,0.095,0,0,18,19,2,9,0,17,10,1,0,0,0,0,0,NA,NA,0.947,18,19,NA,0.105,0,NA,0.474,0.588,NA,NA,NA,NA,https://www.espncricinfo.com/db/PICTURES/CMS/320600/320652.png,https://www.espncricinfo.com/db/PICTURES/CMS/320600/320652.png,https://www.espncricinfo.com/db/PICTURES/CMS/305800/305804.png
Suzie Bates,54565,Guyana Amazon Warriors Women,2023,Women's Caribbean Premier League,1380595,WCPL_GAW-W_BR-W_2023-09-10,4.189,0.085,3.599,0.1,0.59,0.045,36,36,4,13,0,32,20,1,0,13,13,1,4,6,Inf,1,36,49,0.077,0.111,0,0.308,0.361,0.625,NA,NA,NA,NA,https://www.espncricinfo.com/db/PICTURES/CMS/320600/320652.png,https://www.espncricinfo.com/db/PICTURES/CMS/320600/320652.png,https://www.espncricinfo.com/db/PICTURES/CMS/305800/305804.png
Trishan Holder,1325396,Barbados Royals Women,2023,Women's Caribbean Premier League,1380593,WCPL_BR-W_TKR-W_2023-09-06,-3.228,-0.646,-3.228,-0.646,0,0,4,5,0,2,0,5,4,1,0,0,0,0,0,NA,NA,0.8,4,5,NA,0,0,NA,0.4,0.8,NA,NA,NA,NA,https://www.espncricinfo.com/db/PICTURES/CMS/343000/343077.png,https://www.espncricinfo.com/db/PICTURES/CMS/343000/343077.png,https://www.espncricinfo.com/db/PICTURES/CMS/353900/353925.4.jpg
Vanessa Watts,474202,Barbados Royals Women,2023,Women's Caribbean Premier League,1380593,WCPL_BR-W_TKR-W_2023-09-06,-2.87,-0.205,0,0,-2.87,-0.205,0,0,0,0,0,0,0,0,0,17,14,1,4,7.286,Inf,NA,NA,14,0.071,NA,NA,0.286,NA,NA,NA,NA,NA,NA,https://www.espncricinfo.com/db/PICTURES/CMS/370900/370954.4.jpg,https://www.espncricinfo.com/db/PICTURES/CMS/370900/370954.4.jpg,https://www.espncricinfo.com/db/PICTURES/CMS/370900/370954.4.jpg
Zaida James,1268281,Trinbago Knight Riders Women,2023,Women's Caribbean Premier League,1380590,WCPL_BR-W_TKR-W_2023-09-02,-2.208,-0.158,-3.289,-3.289,1.081,0.083,0,1,0,1,0,1,0,1,1,14,13,2,6,6.462,14,0,0,14,0.154,0,0,0.462,1,0,NA,NA,NA,NA,https://www.espncricinfo.com/db/PICTURES/CMS/353900/353926.4.jpg,https://www.espncricinfo.com/db/PICTURES/CMS/353900/353926.4.jpg,https://www.espncricinfo.com/db/PICTURES/CMS/353900/353926.4.jpg
Zaida James,1268281,Trinbago Knight Riders Women,2023,Women's Caribbean Premier League,1380592,WCPL_TKR-W_GAW-W_2023-09-05,-9.596,-0.32,-7.946,-0.662,-1.65,-0.092,4,12,0,8,0,12,4,1,0,23,18,3,7,7.667,Inf,0.333,4,30,0.167,0,0,0.389,0.667,0.333,NA,NA,NA,NA,https://www.espncricinfo.com/db/PICTURES/CMS/353900/353926.4.jpg,https://www.espncricinfo.com/db/PICTURES/CMS/353900/353926.4.jpg,https://www.espncricinfo.com/db/PICTURES/CMS/353900/353926.4.jpg
Zaida James,1268281,Trinbago Knight Riders Women,2023,Women's Caribbean Premier League,1380593,WCPL_BR-W_TKR-W_2023-09-06,-3.919,-0.163,0,0,-3.919,-0.163,0,0,0,0,0,0,0,0,2,34,24,5,8,8.5,17,NA,NA,24,0.208,NA,NA,0.333,NA,NA,NA,NA,NA,NA,https://www.espncricinfo.com/db/PICTURES/CMS/353900/353926.4.jpg,https://www.espncricinfo.com/db/PICTURES/CMS/353900/353926.4.jpg,https://www.espncricinfo.com/db/PICTURES/CMS/353900/353926.4.jpg
Zaida James,1268281,Trinbago Knight Riders Women,2023,Women's Caribbean Premier League,1380594,WCPL_GAW-W_TKR-W_2023-09-09,-14.397,-1.028,-14.397,-1.028,0,0,3,14,0,11,0,14,3,1,0,0,0,0,0,NA,NA,0.214,3,14,NA,0,0,NA,0.786,0.214,NA,NA,NA,NA,https://www.espncricinfo.com/db/PICTURES/CMS/353900/353926.4.jpg,https://www.espncricinfo.com/db/PICTURES/CMS/353900/353926.4.jpg,https://www.espncricinfo.com/db/PICTURES/CMS/353900/353926.4.jpg
