player,cricinfo_id,team,season,competition,total_impact,total_impact_per_ball,total_bat_impact,bat_impact_per_ball,total_bowl_impact,bowl_impact_per_ball,runs_for,balls_faced,boundaries,dots_against,sixes,non_boundary_balls_faced,non_boundary_runs_gained,wickets_lost,wickets_taken,runs_against,balls_bowled,boundaries_against,dots_bowled,bowl_economy,bowl_average,strike_rate,average,balls_total,boundary_perc_against,boundary_percentage,six_percentage,dots_bowled_percentage,dots_batted_percentage,non_boundary_strike_rate,team_abbr,logo_url,primary_color,comp_logo,headshot_image_url,headshot_primary_image_url,headshot_secondary_image_url
Alice Capsey,1187120,Delhi Capitals Women,2023,Women's Premier League,44.52,0.189,49.619,0.477,-5.099,-0.039,159,104,27,44,10,77,31,6,7,153,132,21,52,6.955,21.857,1.529,26.5,236,0.159,0.26,0.096,0.394,0.423,0.403,DC-W,https://www.espncricinfo.com/db/PICTURES/CMS/313400/313422.logo.png,#004c93,https://upload.wikimedia.org/wikipedia/en/2/27/Women%27s_Premier_League.svg,https://www.espncricinfo.com/db/PICTURES/CMS/326500/326521.png,https://www.espncricinfo.com/db/PICTURES/CMS/326500/326521.png,https://www.espncricinfo.com/db/PICTURES/CMS/324700/324797.4.jpg
Alice Capsey,1187120,Delhi Capitals Women,2024,Women's Premier League,46.985,0.2,36.392,0.197,10.594,0.212,230,185,36,76,6,149,74,8,4,49,50,5,21,5.88,12.25,1.243,28.75,235,0.1,0.195,0.032,0.42,0.411,0.497,DC-W,https://www.espncricinfo.com/db/PICTURES/CMS/313400/313422.logo.png,#004c93,https://upload.wikimedia.org/wikipedia/en/2/27/Women%27s_Premier_League.svg,https://www.espncricinfo.com/db/PICTURES/CMS/326500/326521.png,https://www.espncricinfo.com/db/PICTURES/CMS/326500/326521.png,https://www.espncricinfo.com/db/PICTURES/CMS/324700/324797.4.jpg
Alyssa Healy,275486,UP Warriorz Women,2023,Women's Premier League,62.193,0.344,62.193,0.344,0,0,253,181,44,68,3,137,71,8,NA,NA,0,NA,NA,NA,NA,1.398,31.625,181,NA,0.243,0.017,NA,0.376,0.518,UPW-W,https://www.espncricinfo.com/db/PICTURES/CMS/355600/355624.png,#2a0659,https://upload.wikimedia.org/wikipedia/en/2/27/Women%27s_Premier_League.svg,https://www.espncricinfo.com/db/PICTURES/CMS/320100/320125.png,https://www.espncricinfo.com/db/PICTURES/CMS/320100/320125.png,https://www.espncricinfo.com/db/PICTURES/CMS/150200/150224.1.jpg
Alyssa Healy,275486,UP Warriorz Women,2024,Women's Premier League,15.827,0.103,15.827,0.103,0,0,175,153,31,75,3,122,45,8,NA,NA,0,NA,NA,NA,NA,1.144,21.875,153,NA,0.203,0.02,NA,0.49,0.369,UPW-W,https://www.espncricinfo.com/db/PICTURES/CMS/355600/355624.png,#2a0659,https://upload.wikimedia.org/wikipedia/en/2/27/Women%27s_Premier_League.svg,https://www.espncricinfo.com/db/PICTURES/CMS/320100/320125.png,https://www.espncricinfo.com/db/PICTURES/CMS/320100/320125.png,https://www.espncricinfo.com/db/PICTURES/CMS/150200/150224.1.jpg
Amanjot Kaur,1255411,Mumbai Indians Women,2023,Women's Premier League,-7.089,-0.169,-5.239,-0.218,-1.85,-0.103,24,24,2,8,0,22,16,3,0,19,18,3,8,6.333,Inf,1,8,42,0.167,0.083,0,0.444,0.333,0.727,MI-W,https://www.espncricinfo.com/db/PICTURES/CMS/344000/344062.png,#005ea0,https://upload.wikimedia.org/wikipedia/en/2/27/Women%27s_Premier_League.svg,https://cricketgoldcoast.com.au/wp-content/uploads/2019/08/generic-headshot.png,https://cricketgoldcoast.com.au/wp-content/uploads/2019/08/generic-headshot.png,https://cricketgoldcoast.com.au/wp-content/uploads/2019/08/generic-headshot.png
Amanjot Kaur,1255411,Mumbai Indians Women,2024,Women's Premier League,3.403,0.06,6.485,0.144,-3.082,-0.257,57,45,8,17,0,37,25,3,0,15,12,3,6,7.5,Inf,1.267,19,57,0.25,0.178,0,0.5,0.378,0.676,MI-W,https://www.espncricinfo.com/db/PICTURES/CMS/344000/344062.png,#005ea0,https://upload.wikimedia.org/wikipedia/en/2/27/Women%27s_Premier_League.svg,https://cricketgoldcoast.com.au/wp-content/uploads/2019/08/generic-headshot.png,https://cricketgoldcoast.com.au/wp-content/uploads/2019/08/generic-headshot.png,https://cricketgoldcoast.com.au/wp-content/uploads/2019/08/generic-headshot.png
Amelia Kerr,803971,Mumbai Indians Women,2023,Women's Premier League,32.416,0.105,29.391,0.253,3.025,0.016,149,116,21,34,1,95,63,4,14,212,192,31,91,6.625,15.143,1.284,37.25,308,0.161,0.181,0.009,0.474,0.293,0.663,MI-W,https://www.espncricinfo.com/db/PICTURES/CMS/344000/344062.png,#005ea0,https://upload.wikimedia.org/wikipedia/en/2/27/Women%27s_Premier_League.svg,https://www.espncricinfo.com/db/PICTURES/CMS/320500/320534.png,https://www.espncricinfo.com/db/PICTURES/CMS/320500/320534.png,https://www.espncricinfo.com/db/PICTURES/CMS/305700/305720.png
Amelia Kerr,803971,Mumbai Indians Women,2024,Women's Premier League,-27.953,-0.089,42.039,0.25,-69.993,-0.479,215,168,26,43,3,142,105,6,7,223,146,36,49,9.164,31.857,1.28,35.833,314,0.247,0.155,0.018,0.336,0.256,0.739,MI-W,https://www.espncricinfo.com/db/PICTURES/CMS/344000/344062.png,#005ea0,https://upload.wikimedia.org/wikipedia/en/2/27/Women%27s_Premier_League.svg,https://www.espncricinfo.com/db/PICTURES/CMS/320500/320534.png,https://www.espncricinfo.com/db/PICTURES/CMS/320500/320534.png,https://www.espncricinfo.com/db/PICTURES/CMS/305700/305720.png
Anjali Sarvani,960673,UP Warriorz Women,2023,Women's Premier League,-38.642,-0.218,-4.957,-0.177,-33.685,-0.226,16,28,1,12,0,27,12,2,4,189,149,25,52,7.611,47.25,0.571,8,177,0.168,0.036,0,0.349,0.429,0.444,UPW-W,https://www.espncricinfo.com/db/PICTURES/CMS/355600/355624.png,#2a0659,https://upload.wikimedia.org/wikipedia/en/2/27/Women%27s_Premier_League.svg,https://www.espncricinfo.com/db/PICTURES/CMS/357400/357485.png,https://www.espncricinfo.com/db/PICTURES/CMS/357400/357485.png,https://www.espncricinfo.com/db/PICTURES/CMS/353900/353965.4.jpg
Anjali Sarvani,960673,UP Warriorz Women,2024,Women's Premier League,-46.435,-0.737,-0.629,-0.157,-45.806,-0.776,3,4,0,1,0,4,3,NA,2,103,59,19,19,10.475,51.5,0.75,NA,63,0.322,0,0,0.322,0.25,0.75,UPW-W,https://www.espncricinfo.com/db/PICTURES/CMS/355600/355624.png,#2a0659,https://upload.wikimedia.org/wikipedia/en/2/27/Women%27s_Premier_League.svg,https://www.espncricinfo.com/db/PICTURES/CMS/357400/357485.png,https://www.espncricinfo.com/db/PICTURES/CMS/357400/357485.png,https://www.espncricinfo.com/db/PICTURES/CMS/353900/353965.4.jpg
Annabel Sutherland,1071705,Delhi Capitals Women,2024,Women's Premier League,-26.056,-0.255,0.762,0.033,-26.818,-0.339,27,23,4,11,1,19,9,2,1,111,79,16,28,8.43,111,1.174,13.5,102,0.203,0.174,0.043,0.354,0.478,0.474,DC-W,https://www.espncricinfo.com/db/PICTURES/CMS/313400/313422.logo.png,#004c93,https://upload.wikimedia.org/wikipedia/en/2/27/Women%27s_Premier_League.svg,https://www.espncricinfo.com/db/PICTURES/CMS/337100/337192.png,https://www.espncricinfo.com/db/PICTURES/CMS/337100/337192.png,https://www.espncricinfo.com/db/PICTURES/CMS/300500/300583.4.jpg
Annabel Sutherland,1071705,Gujarat Giants Women,2023,Women's Premier League,-84.894,-0.658,-14.816,-0.412,-70.078,-0.754,28,36,3,22,1,33,14,4,4,173,93,28,25,11.161,43.25,0.778,7,129,0.301,0.083,0.028,0.269,0.611,0.424,GG-W,https://www.espncricinfo.com/db/PICTURES/CMS/355500/355583.png,#f55607,https://upload.wikimedia.org/wikipedia/en/2/27/Women%27s_Premier_League.svg,https://www.espncricinfo.com/db/PICTURES/CMS/337100/337192.png,https://www.espncricinfo.com/db/PICTURES/CMS/337100/337192.png,https://www.espncricinfo.com/db/PICTURES/CMS/300500/300583.4.jpg
Arundhati Reddy,960867,Delhi Capitals Women,2023,Women's Premier League,-7.172,-0.089,-6.502,-0.296,-0.67,-0.011,25,22,4,11,0,18,9,2,2,69,59,8,17,7.017,34.5,1.136,12.5,81,0.136,0.182,0,0.288,0.5,0.5,DC-W,https://www.espncricinfo.com/db/PICTURES/CMS/313400/313422.logo.png,#004c93,https://upload.wikimedia.org/wikipedia/en/2/27/Women%27s_Premier_League.svg,https://www.espncricinfo.com/db/PICTURES/CMS/321800/321884.png,https://www.espncricinfo.com/db/PICTURES/CMS/321800/321884.png,https://www.espncricinfo.com/db/PICTURES/CMS/304500/304535.png
Arundhati Reddy,960867,Delhi Capitals Women,2024,Women's Premier League,-20.903,-0.096,-15.399,-0.57,-5.503,-0.029,25,27,2,9,0,25,17,3,9,227,190,26,62,7.168,25.222,0.926,8.333,217,0.137,0.074,0,0.326,0.333,0.68,DC-W,https://www.espncricinfo.com/db/PICTURES/CMS/313400/313422.logo.png,#004c93,https://upload.wikimedia.org/wikipedia/en/2/27/Women%27s_Premier_League.svg,https://www.espncricinfo.com/db/PICTURES/CMS/321800/321884.png,https://www.espncricinfo.com/db/PICTURES/CMS/321800/321884.png,https://www.espncricinfo.com/db/PICTURES/CMS/304500/304535.png
Asha Sobhana,550687,Royal Challengers Bangalore Women,2023,Women's Premier League,-37.825,-0.344,-2.351,-0.336,-35.474,-0.344,6,7,0,1,0,7,6,1,5,142,103,20,34,8.272,28.4,0.857,6,110,0.194,0,0,0.33,0.143,0.857,RCB-W,https://www.espncricinfo.com/db/PICTURES/CMS/355600/355629.jpg,#ef4022,https://upload.wikimedia.org/wikipedia/en/2/27/Women%27s_Premier_League.svg,NA,NA,NA
Asha Sobhana,550687,Royal Challengers Bangalore Women,2024,Women's Premier League,7.637,0.048,-3.449,-3.449,11.086,0.07,0,1,0,1,0,1,0,1,13,185,159,27,64,6.981,14.231,0,0,160,0.17,0,0,0.403,1,0,RCB-W,https://www.espncricinfo.com/db/PICTURES/CMS/355600/355629.jpg,#ef4022,https://upload.wikimedia.org/wikipedia/en/2/27/Women%27s_Premier_League.svg,NA,NA,NA
Ashleigh Gardner,858809,Gujarat Giants Women,2023,Women's Premier League,-4.455,-0.014,57.313,0.409,-61.768,-0.368,202,140,31,43,5,109,68,6,11,256,168,41,59,9.143,23.273,1.443,33.667,308,0.244,0.221,0.036,0.351,0.307,0.624,GG-W,https://www.espncricinfo.com/db/PICTURES/CMS/355500/355583.png,#f55607,https://upload.wikimedia.org/wikipedia/en/2/27/Women%27s_Premier_League.svg,https://www.espncricinfo.com/db/PICTURES/CMS/320100/320126.png,https://www.espncricinfo.com/db/PICTURES/CMS/320100/320126.png,https://www.espncricinfo.com/db/PICTURES/CMS/282400/282465.1.jpg
Ashleigh Gardner,858809,Gujarat Giants Women,2024,Women's Premier League,-31.907,-0.116,4.445,0.039,-36.352,-0.223,120,113,17,42,3,96,46,8,9,217,163,29,63,7.988,24.111,1.062,15,276,0.178,0.15,0.027,0.387,0.372,0.479,GG-W,https://www.espncricinfo.com/db/PICTURES/CMS/355500/355583.png,#f55607,https://upload.wikimedia.org/wikipedia/en/2/27/Women%27s_Premier_League.svg,https://www.espncricinfo.com/db/PICTURES/CMS/320100/320126.png,https://www.espncricinfo.com/db/PICTURES/CMS/320100/320126.png,https://www.espncricinfo.com/db/PICTURES/CMS/282400/282465.1.jpg
Ashwani Kumari,1345792,Gujarat Giants Women,2023,Women's Premier League,-12.053,-1.004,-2.302,-0.46,-9.751,-1.393,5,5,0,1,0,5,5,1,0,18,7,3,0,15.429,Inf,1,5,12,0.429,0,0,0,0.2,1,GG-W,https://www.espncricinfo.com/db/PICTURES/CMS/355500/355583.png,#f55607,https://upload.wikimedia.org/wikipedia/en/2/27/Women%27s_Premier_League.svg,NA,NA,NA
Beth Mooney,381258,Gujarat Giants Women,2023,Women's Premier League,-2.387,-0.796,-2.387,-0.796,0,0,0,3,0,3,0,3,0,0,NA,NA,0,NA,NA,NA,NA,0,NA,3,NA,0,0,NA,1,0,GG-W,https://www.espncricinfo.com/db/PICTURES/CMS/355500/355583.png,#f55607,https://upload.wikimedia.org/wikipedia/en/2/27/Women%27s_Premier_League.svg,https://www.espncricinfo.com/db/PICTURES/CMS/320100/320129.png,https://www.espncricinfo.com/db/PICTURES/CMS/320100/320129.png,https://www.espncricinfo.com/db/PICTURES/CMS/182400/182467.1.jpg
Beth Mooney,381258,Gujarat Giants Women,2024,Women's Premier League,84.673,0.407,84.673,0.407,0,0,285,208,43,65,5,165,103,6,NA,NA,0,NA,NA,NA,NA,1.37,47.5,208,NA,0.207,0.024,NA,0.312,0.624,GG-W,https://www.espncricinfo.com/db/PICTURES/CMS/355500/355583.png,#f55607,https://upload.wikimedia.org/wikipedia/en/2/27/Women%27s_Premier_League.svg,https://www.espncricinfo.com/db/PICTURES/CMS/320100/320129.png,https://www.espncricinfo.com/db/PICTURES/CMS/320100/320129.png,https://www.espncricinfo.com/db/PICTURES/CMS/182400/182467.1.jpg
Bharti Fulmali,961179,Gujarat Giants Women,2024,Women's Premier League,7.552,0.14,7.552,0.14,0,0,64,54,9,19,1,45,26,2,NA,NA,0,NA,NA,NA,NA,1.185,32,54,NA,0.167,0.019,NA,0.352,0.578,GG-W,https://www.espncricinfo.com/db/PICTURES/CMS/355500/355583.png,#f55607,https://upload.wikimedia.org/wikipedia/en/2/27/Women%27s_Premier_League.svg,https://www.espncricinfo.com/db/PICTURES/CMS/304200/304240.jpg,https://www.espncricinfo.com/db/PICTURES/CMS/304200/304240.jpg,https://www.espncricinfo.com/db/PICTURES/CMS/304200/304240.jpg
Chamari Athapaththu,318853,UP Warriorz Women,2024,Women's Premier League,-16.284,-0.138,-8.266,-0.306,-8.018,-0.088,28,27,6,18,0,21,4,4,3,111,91,17,41,7.319,37,1.037,7,118,0.187,0.222,0,0.451,0.667,0.19,UPW-W,https://www.espncricinfo.com/db/PICTURES/CMS/355600/355624.png,#2a0659,https://upload.wikimedia.org/wikipedia/en/2/27/Women%27s_Premier_League.svg,https://www.espncricinfo.com/db/PICTURES/CMS/320500/320555.png,https://www.espncricinfo.com/db/PICTURES/CMS/320500/320555.png,https://www.espncricinfo.com/db/PICTURES/CMS/302800/302875.jpg
Dayalan Hemalatha,961107,Gujarat Giants Women,2023,Women's Premier League,76.753,0.775,76.753,0.775,0,0,151,99,23,32,8,76,43,5,NA,NA,0,NA,NA,NA,NA,1.525,30.2,99,NA,0.232,0.081,NA,0.323,0.566,GG-W,https://www.espncricinfo.com/db/PICTURES/CMS/355500/355583.png,#f55607,https://upload.wikimedia.org/wikipedia/en/2/27/Women%27s_Premier_League.svg,https://www.espncricinfo.com/db/PICTURES/CMS/304300/304393.png,https://www.espncricinfo.com/db/PICTURES/CMS/304300/304393.png,https://www.espncricinfo.com/db/PICTURES/CMS/304300/304393.png
Dayalan Hemalatha,961107,Gujarat Giants Women,2024,Women's Premier League,21.551,0.229,21.551,0.229,0,0,115,94,15,29,3,79,48,5,NA,NA,0,NA,NA,NA,NA,1.223,23,94,NA,0.16,0.032,NA,0.309,0.608,GG-W,https://www.espncricinfo.com/db/PICTURES/CMS/355500/355583.png,#f55607,https://upload.wikimedia.org/wikipedia/en/2/27/Women%27s_Premier_League.svg,https://www.espncricinfo.com/db/PICTURES/CMS/304300/304393.png,https://www.espncricinfo.com/db/PICTURES/CMS/304300/304393.png,https://www.espncricinfo.com/db/PICTURES/CMS/304300/304393.png
Deepti Sharma,597811,UP Warriorz Women,2023,Women's Premier League,-95.92,-0.294,-25.804,-0.237,-70.116,-0.323,90,109,11,51,0,98,46,7,12,311,217,39,67,8.599,25.917,0.826,12.857,326,0.18,0.101,0,0.309,0.468,0.469,UPW-W,https://www.espncricinfo.com/db/PICTURES/CMS/355600/355624.png,#2a0659,https://upload.wikimedia.org/wikipedia/en/2/27/Women%27s_Premier_League.svg,https://www.espncricinfo.com/db/PICTURES/CMS/320600/320618.png,https://www.espncricinfo.com/db/PICTURES/CMS/320600/320618.png,https://www.espncricinfo.com/db/PICTURES/CMS/304400/304461.png
Deepti Sharma,597811,UP Warriorz Women,2024,Women's Premier League,41.752,0.104,67.431,0.305,-25.679,-0.143,295,221,42,67,8,179,111,3,10,223,180,26,56,7.433,22.3,1.335,98.333,401,0.144,0.19,0.036,0.311,0.303,0.62,UPW-W,https://www.espncricinfo.com/db/PICTURES/CMS/355600/355624.png,#2a0659,https://upload.wikimedia.org/wikipedia/en/2/27/Women%27s_Premier_League.svg,https://www.espncricinfo.com/db/PICTURES/CMS/320600/320618.png,https://www.espncricinfo.com/db/PICTURES/CMS/320600/320618.png,https://www.espncricinfo.com/db/PICTURES/CMS/304400/304461.png
Devika Vaidya,709837,UP Warriorz Women,2023,Women's Premier League,-26.618,-0.229,-7.219,-0.085,-19.4,-0.626,77,85,9,30,0,76,41,6,1,55,31,9,7,10.645,55,0.906,12.833,116,0.29,0.106,0,0.226,0.353,0.539,UPW-W,https://www.espncricinfo.com/db/PICTURES/CMS/355600/355624.png,#2a0659,https://upload.wikimedia.org/wikipedia/en/2/27/Women%27s_Premier_League.svg,https://www.espncricinfo.com/db/PICTURES/CMS/357400/357486.png,https://www.espncricinfo.com/db/PICTURES/CMS/357400/357486.png,https://www.espncricinfo.com/db/PICTURES/CMS/353900/353967.4.jpg
Dhara Gujjar,1255408,Mumbai Indians Women,2023,Women's Premier League,-2.257,-0.564,-2.257,-0.564,0,0,4,4,0,1,0,4,4,1,NA,NA,0,NA,NA,NA,NA,1,4,4,NA,0,0,NA,0.25,1,MI-W,https://www.espncricinfo.com/db/PICTURES/CMS/344000/344062.png,#005ea0,https://upload.wikimedia.org/wikipedia/en/2/27/Women%27s_Premier_League.svg,NA,NA,NA
Dinesh Vrinda,1289949,UP Warriorz Women,2024,Women's Premier League,-17.095,-0.488,-17.095,-0.488,0,0,18,35,3,24,0,32,6,2,NA,NA,0,NA,NA,NA,NA,0.514,9,35,NA,0.086,0,NA,0.686,0.188,UPW-W,https://www.espncricinfo.com/db/PICTURES/CMS/355600/355624.png,#2a0659,https://upload.wikimedia.org/wikipedia/en/2/27/Women%27s_Premier_League.svg,NA,NA,NA
Disha Kasat,961183,Royal Challengers Bangalore Women,2023,Women's Premier League,-14.057,-0.781,-14.057,-0.781,0,0,11,18,1,10,0,17,7,3,NA,NA,0,NA,NA,NA,NA,0.611,3.667,18,NA,0.056,0,NA,0.556,0.412,RCB-W,https://www.espncricinfo.com/db/PICTURES/CMS/355600/355629.jpg,#ef4022,https://upload.wikimedia.org/wikipedia/en/2/27/Women%27s_Premier_League.svg,NA,NA,NA
Disha Kasat,961183,Royal Challengers Bangalore Women,2024,Women's Premier League,-9.405,-1.344,-9.405,-1.344,0,0,0,7,0,6,0,7,0,2,NA,NA,0,NA,NA,NA,NA,0,0,7,NA,0,0,NA,0.857,0,RCB-W,https://www.espncricinfo.com/db/PICTURES/CMS/355600/355629.jpg,#ef4022,https://upload.wikimedia.org/wikipedia/en/2/27/Women%27s_Premier_League.svg,NA,NA,NA
Ekta Bisht,442048,Royal Challengers Bangalore Women,2024,Women's Premier League,-9.895,-0.319,3.582,0.716,-13.477,-0.518,12,5,1,0,1,4,6,1,0,42,26,7,7,9.692,Inf,2.4,12,31,0.269,0.2,0.2,0.269,0,1.5,RCB-W,https://www.espncricinfo.com/db/PICTURES/CMS/355600/355629.jpg,#ef4022,https://upload.wikimedia.org/wikipedia/en/2/27/Women%27s_Premier_League.svg,https://www.espncricinfo.com/db/PICTURES/CMS/320600/320619.png,https://www.espncricinfo.com/db/PICTURES/CMS/320600/320619.png,https://www.espncricinfo.com/db/PICTURES/CMS/304400/304463.png
Ellyse Perry,275487,Royal Challengers Bangalore Women,2023,Women's Premier League,-8.955,-0.025,29.192,0.14,-38.147,-0.251,253,209,35,74,7,174,99,6,4,202,152,28,54,7.974,50.5,1.211,42.167,361,0.184,0.167,0.033,0.355,0.354,0.569,RCB-W,https://www.espncricinfo.com/db/PICTURES/CMS/355600/355629.jpg,#ef4022,https://upload.wikimedia.org/wikipedia/en/2/27/Women%27s_Premier_League.svg,https://www.espncricinfo.com/db/PICTURES/CMS/320100/320130.png,https://www.espncricinfo.com/db/PICTURES/CMS/320100/320130.png,https://www.espncricinfo.com/db/PICTURES/CMS/282400/282462.1.jpg
Ellyse Perry,275487,Royal Challengers Bangalore Women,2024,Women's Premier League,66.997,0.175,65.534,0.232,1.463,0.015,347,283,48,99,7,235,141,5,7,110,99,17,46,6.667,15.714,1.226,69.4,382,0.172,0.17,0.025,0.465,0.35,0.6,RCB-W,https://www.espncricinfo.com/db/PICTURES/CMS/355600/355629.jpg,#ef4022,https://upload.wikimedia.org/wikipedia/en/2/27/Women%27s_Premier_League.svg,https://www.espncricinfo.com/db/PICTURES/CMS/320100/320130.png,https://www.espncricinfo.com/db/PICTURES/CMS/320100/320130.png,https://www.espncricinfo.com/db/PICTURES/CMS/282400/282462.1.jpg
Erin Burns,275447,Royal Challengers Bangalore Women,2023,Women's Premier League,-8.127,-0.387,-2.354,-0.262,-5.773,-0.481,12,9,2,3,0,7,4,1,0,18,12,3,5,9,Inf,1.333,12,21,0.25,0.222,0,0.417,0.333,0.571,RCB-W,https://www.espncricinfo.com/db/PICTURES/CMS/355600/355629.jpg,#ef4022,https://upload.wikimedia.org/wikipedia/en/2/27/Women%27s_Premier_League.svg,https://www.espncricinfo.com/db/PICTURES/CMS/326500/326534.png,https://www.espncricinfo.com/db/PICTURES/CMS/326500/326534.png,https://www.espncricinfo.com/db/PICTURES/CMS/305800/305807.jpg
Georgia Wareham,946057,Gujarat Giants Women,2023,Women's Premier League,-25.053,-0.456,-9.273,-0.258,-15.781,-0.831,30,36,4,18,0,32,14,2,1,34,19,6,6,10.737,34,0.833,15,55,0.316,0.111,0,0.316,0.5,0.438,GG-W,https://www.espncricinfo.com/db/PICTURES/CMS/355500/355583.png,#f55607,https://upload.wikimedia.org/wikipedia/en/2/27/Women%27s_Premier_League.svg,https://www.espncricinfo.com/db/PICTURES/CMS/321700/321702.png,https://www.espncricinfo.com/db/PICTURES/CMS/321700/321702.png,https://www.espncricinfo.com/db/PICTURES/CMS/300500/300592.1.jpg
Georgia Wareham,946057,Royal Challengers Bangalore Women,2024,Women's Premier League,-12.179,-0.05,26.267,0.386,-38.446,-0.22,111,68,15,13,3,53,45,5,8,233,175,30,55,7.989,29.125,1.632,22.2,243,0.171,0.221,0.044,0.314,0.191,0.849,RCB-W,https://www.espncricinfo.com/db/PICTURES/CMS/355600/355629.jpg,#ef4022,https://upload.wikimedia.org/wikipedia/en/2/27/Women%27s_Premier_League.svg,https://www.espncricinfo.com/db/PICTURES/CMS/321700/321702.png,https://www.espncricinfo.com/db/PICTURES/CMS/321700/321702.png,https://www.espncricinfo.com/db/PICTURES/CMS/300500/300592.1.jpg
Gouher Sultana,263980,UP Warriorz Women,2024,Women's Premier League,-16.742,-0.452,-3.778,-0.63,-12.964,-0.418,3,6,0,3,0,6,3,NA,0,44,31,8,13,8.516,Inf,0.5,NA,37,0.258,0,0,0.419,0.5,0.5,UPW-W,https://www.espncricinfo.com/db/PICTURES/CMS/355600/355624.png,#2a0659,https://upload.wikimedia.org/wikipedia/en/2/27/Women%27s_Premier_League.svg,https://www.espncricinfo.com/db/PICTURES/CMS/321800/321861.png,https://www.espncricinfo.com/db/PICTURES/CMS/321800/321861.png,https://www.espncricinfo.com/db/PICTURES/CMS/304400/304464.png
Grace Harris,381268,UP Warriorz Women,2023,Women's Premier League,42.487,0.191,76.374,0.53,-33.887,-0.434,230,144,38,47,9,106,60,4,1,112,78,18,36,8.615,112,1.597,57.5,222,0.231,0.264,0.062,0.462,0.326,0.566,UPW-W,https://www.espncricinfo.com/db/PICTURES/CMS/355600/355624.png,#2a0659,https://upload.wikimedia.org/wikipedia/en/2/27/Women%27s_Premier_League.svg,https://www.espncricinfo.com/db/PICTURES/CMS/351500/351556.png,https://www.espncricinfo.com/db/PICTURES/CMS/351500/351556.png,https://www.espncricinfo.com/db/PICTURES/CMS/346900/346946.4.jpg
Grace Harris,381268,UP Warriorz Women,2024,Women's Premier League,32.503,0.131,34.325,0.245,-1.822,-0.017,188,140,30,57,7,110,54,6,5,123,109,17,49,6.771,24.6,1.343,31.333,249,0.156,0.214,0.05,0.45,0.407,0.491,UPW-W,https://www.espncricinfo.com/db/PICTURES/CMS/355600/355624.png,#2a0659,https://upload.wikimedia.org/wikipedia/en/2/27/Women%27s_Premier_League.svg,https://www.espncricinfo.com/db/PICTURES/CMS/351500/351556.png,https://www.espncricinfo.com/db/PICTURES/CMS/351500/351556.png,https://www.espncricinfo.com/db/PICTURES/CMS/346900/346946.4.jpg
Harleen Deol,960845,Gujarat Giants Women,2023,Women's Premier League,13.525,0.07,32.169,0.2,-18.643,-0.601,199,161,31,60,2,130,71,6,1,54,31,7,8,10.452,54,1.236,33.167,192,0.226,0.193,0.012,0.258,0.373,0.546,GG-W,https://www.espncricinfo.com/db/PICTURES/CMS/355500/355583.png,#f55607,https://upload.wikimedia.org/wikipedia/en/2/27/Women%27s_Premier_League.svg,https://www.espncricinfo.com/db/PICTURES/CMS/331100/331193.png,https://www.espncricinfo.com/db/PICTURES/CMS/331100/331193.png,https://www.espncricinfo.com/db/PICTURES/CMS/329300/329348.5.jpg
Harleen Deol,960845,Gujarat Giants Women,2024,Women's Premier League,-21.411,-0.329,-21.411,-0.329,0,0,48,65,5,37,1,60,26,3,NA,NA,0,NA,NA,NA,NA,0.738,16,65,NA,0.077,0.015,NA,0.569,0.433,GG-W,https://www.espncricinfo.com/db/PICTURES/CMS/355500/355583.png,#f55607,https://upload.wikimedia.org/wikipedia/en/2/27/Women%27s_Premier_League.svg,https://www.espncricinfo.com/db/PICTURES/CMS/331100/331193.png,https://www.espncricinfo.com/db/PICTURES/CMS/331100/331193.png,https://www.espncricinfo.com/db/PICTURES/CMS/329300/329348.5.jpg
Harmanpreet Kaur,372317,Mumbai Indians Women,2023,Women's Premier League,62.449,0.292,62.449,0.292,0,0,281,214,47,78,3,167,87,7,NA,NA,0,NA,NA,NA,NA,1.313,40.143,214,NA,0.22,0.014,NA,0.364,0.521,MI-W,https://www.espncricinfo.com/db/PICTURES/CMS/344000/344062.png,#005ea0,https://upload.wikimedia.org/wikipedia/en/2/27/Women%27s_Premier_League.svg,https://www.espncricinfo.com/db/PICTURES/CMS/320600/320620.png,https://www.espncricinfo.com/db/PICTURES/CMS/320600/320620.png,https://www.espncricinfo.com/db/PICTURES/CMS/304400/304466.png
Harmanpreet Kaur,372317,Mumbai Indians Women,2024,Women's Premier League,65.476,0.336,65.476,0.336,0,0,268,195,38,56,8,157,100,5,NA,NA,0,NA,NA,NA,NA,1.374,53.6,195,NA,0.195,0.041,NA,0.287,0.637,MI-W,https://www.espncricinfo.com/db/PICTURES/CMS/344000/344062.png,#005ea0,https://upload.wikimedia.org/wikipedia/en/2/27/Women%27s_Premier_League.svg,https://www.espncricinfo.com/db/PICTURES/CMS/320600/320620.png,https://www.espncricinfo.com/db/PICTURES/CMS/320600/320620.png,https://www.espncricinfo.com/db/PICTURES/CMS/304400/304466.png
Hayley Matthews,474308,Mumbai Indians Women,2023,Women's Premier League,90.52,0.212,42.171,0.191,48.349,0.235,271,221,43,98,10,178,79,9,17,204,206,22,96,5.942,12,1.226,30.111,427,0.107,0.195,0.045,0.466,0.443,0.444,MI-W,https://www.espncricinfo.com/db/PICTURES/CMS/344000/344062.png,#005ea0,https://upload.wikimedia.org/wikipedia/en/2/27/Women%27s_Premier_League.svg,https://www.espncricinfo.com/db/PICTURES/CMS/320500/320598.png,https://www.espncricinfo.com/db/PICTURES/CMS/320500/320598.png,https://www.espncricinfo.com/db/PICTURES/CMS/306600/306637.jpg
Hayley Matthews,474308,Mumbai Indians Women,2024,Women's Premier League,-12.532,-0.037,11.036,0.067,-23.568,-0.137,180,165,33,90,4,132,40,9,7,212,172,27,65,7.395,30.286,1.091,20,337,0.157,0.2,0.024,0.378,0.545,0.303,MI-W,https://www.espncricinfo.com/db/PICTURES/CMS/344000/344062.png,#005ea0,https://upload.wikimedia.org/wikipedia/en/2/27/Women%27s_Premier_League.svg,https://www.espncricinfo.com/db/PICTURES/CMS/320500/320598.png,https://www.espncricinfo.com/db/PICTURES/CMS/320500/320598.png,https://www.espncricinfo.com/db/PICTURES/CMS/306600/306637.jpg
Heather Knight,358259,Royal Challengers Bangalore Women,2023,Women's Premier League,-10.652,-0.076,24.224,0.247,-34.877,-0.811,135,98,21,33,3,77,45,6,4,83,43,12,7,11.581,20.75,1.378,22.5,141,0.279,0.214,0.031,0.163,0.337,0.584,RCB-W,https://www.espncricinfo.com/db/PICTURES/CMS/355600/355629.jpg,#ef4022,https://upload.wikimedia.org/wikipedia/en/2/27/Women%27s_Premier_League.svg,https://www.espncricinfo.com/db/PICTURES/CMS/320400/320400.png,https://www.espncricinfo.com/db/PICTURES/CMS/320400/320400.png,https://www.espncricinfo.com/db/PICTURES/CMS/304900/304980.png
Humaira Kazi,961005,Mumbai Indians Women,2023,Women's Premier League,-6.941,-0.694,-6.941,-0.694,0,0,8,10,0,4,0,10,8,2,NA,NA,0,NA,NA,NA,NA,0.8,4,10,NA,0,0,NA,0.4,0.8,MI-W,https://www.espncricinfo.com/db/PICTURES/CMS/344000/344062.png,#005ea0,https://upload.wikimedia.org/wikipedia/en/2/27/Women%27s_Premier_League.svg,NA,NA,NA
Humaira Kazi,961005,Mumbai Indians Women,2024,Women's Premier League,-9.811,-0.654,-9.811,-0.654,0,0,10,15,0,9,0,15,10,2,NA,NA,0,NA,NA,NA,NA,0.667,5,15,NA,0,0,NA,0.6,0.667,MI-W,https://www.espncricinfo.com/db/PICTURES/CMS/344000/344062.png,#005ea0,https://upload.wikimedia.org/wikipedia/en/2/27/Women%27s_Premier_League.svg,NA,NA,NA
Issy Wong,1146066,Mumbai Indians Women,2023,Women's Premier League,13.011,0.054,1.352,0.029,11.659,0.059,61,47,7,14,3,40,27,4,15,217,196,32,96,6.643,14.467,1.298,15.25,243,0.163,0.149,0.064,0.49,0.298,0.675,MI-W,https://www.espncricinfo.com/db/PICTURES/CMS/344000/344062.png,#005ea0,https://upload.wikimedia.org/wikipedia/en/2/27/Women%27s_Premier_League.svg,https://www.espncricinfo.com/db/PICTURES/CMS/326500/326541.png,https://www.espncricinfo.com/db/PICTURES/CMS/326500/326541.png,https://www.espncricinfo.com/db/PICTURES/CMS/324700/324741.4.jpg
Issy Wong,1146066,Mumbai Indians Women,2024,Women's Premier League,3.65,0.085,10.245,1.708,-6.595,-0.178,15,6,2,0,1,4,5,NA,3,50,37,9,15,8.108,16.667,2.5,NA,43,0.243,0.333,0.167,0.405,0,1.25,MI-W,https://www.espncricinfo.com/db/PICTURES/CMS/344000/344062.png,#005ea0,https://upload.wikimedia.org/wikipedia/en/2/27/Women%27s_Premier_League.svg,https://www.espncricinfo.com/db/PICTURES/CMS/326500/326541.png,https://www.espncricinfo.com/db/PICTURES/CMS/326500/326541.png,https://www.espncricinfo.com/db/PICTURES/CMS/324700/324741.4.jpg
Jemimah Rodrigues,883405,Delhi Capitals Women,2023,Women's Premier League,10.642,0.104,10.642,0.104,0,0,126,102,15,25,0,87,66,5,NA,NA,0,NA,NA,NA,NA,1.235,25.2,102,NA,0.147,0,NA,0.245,0.759,DC-W,https://www.espncricinfo.com/db/PICTURES/CMS/313400/313422.logo.png,#004c93,https://upload.wikimedia.org/wikipedia/en/2/27/Women%27s_Premier_League.svg,https://www.espncricinfo.com/db/PICTURES/CMS/321800/321866.png,https://www.espncricinfo.com/db/PICTURES/CMS/321800/321866.png,https://www.espncricinfo.com/db/PICTURES/CMS/300600/300608.1.jpg
Jemimah Rodrigues,883405,Delhi Capitals Women,2024,Women's Premier League,73.553,0.471,73.553,0.471,0,0,235,156,34,43,8,122,83,6,NA,NA,0,NA,NA,NA,NA,1.506,39.167,156,NA,0.218,0.051,NA,0.276,0.68,DC-W,https://www.espncricinfo.com/db/PICTURES/CMS/313400/313422.logo.png,#004c93,https://upload.wikimedia.org/wikipedia/en/2/27/Women%27s_Premier_League.svg,https://www.espncricinfo.com/db/PICTURES/CMS/321800/321866.png,https://www.espncricinfo.com/db/PICTURES/CMS/321800/321866.png,https://www.espncricinfo.com/db/PICTURES/CMS/300600/300608.1.jpg
Jess Jonassen,374936,Delhi Capitals Women,2023,Women's Premier League,-28.191,-0.103,7.185,0.112,-35.377,-0.168,79,64,11,27,4,53,27,4,10,271,211,35,76,7.706,27.1,1.234,19.75,275,0.166,0.172,0.062,0.36,0.422,0.509,DC-W,https://www.espncricinfo.com/db/PICTURES/CMS/313400/313422.logo.png,#004c93,https://upload.wikimedia.org/wikipedia/en/2/27/Women%27s_Premier_League.svg,https://www.espncricinfo.com/db/PICTURES/CMS/320100/320133.png,https://www.espncricinfo.com/db/PICTURES/CMS/320100/320133.png,https://www.espncricinfo.com/db/PICTURES/CMS/150200/150218.1.jpg
Jess Jonassen,374936,Delhi Capitals Women,2024,Women's Premier League,24.994,0.12,15.906,0.331,9.089,0.057,66,48,9,17,4,39,22,4,15,186,160,21,58,6.975,12.4,1.375,16.5,208,0.131,0.188,0.083,0.362,0.354,0.564,DC-W,https://www.espncricinfo.com/db/PICTURES/CMS/313400/313422.logo.png,#004c93,https://upload.wikimedia.org/wikipedia/en/2/27/Women%27s_Premier_League.svg,https://www.espncricinfo.com/db/PICTURES/CMS/320100/320133.png,https://www.espncricinfo.com/db/PICTURES/CMS/320100/320133.png,https://www.espncricinfo.com/db/PICTURES/CMS/150200/150218.1.jpg
Jintimani Kalita,1255387,Mumbai Indians Women,2023,Women's Premier League,-1.442,-0.038,0.987,0.247,-2.429,-0.071,5,4,0,0,0,4,5,NA,1,37,34,4,13,6.529,37,1.25,NA,38,0.118,0,0,0.382,0,1.25,MI-W,https://www.espncricinfo.com/db/PICTURES/CMS/344000/344062.png,#005ea0,https://upload.wikimedia.org/wikipedia/en/2/27/Women%27s_Premier_League.svg,NA,NA,NA
Kanika Ahuja,1255560,Royal Challengers Bangalore Women,2023,Women's Premier League,16.003,0.193,9.382,0.123,6.621,0.946,98,76,16,31,2,60,30,6,2,5,7,0,2,4.286,2.5,1.289,16.333,83,0,0.211,0.026,0.286,0.408,0.5,RCB-W,https://www.espncricinfo.com/db/PICTURES/CMS/355600/355629.jpg,#ef4022,https://upload.wikimedia.org/wikipedia/en/2/27/Women%27s_Premier_League.svg,NA,NA,NA
Kathryn Bryce,914675,Gujarat Giants Women,2024,Women's Premier League,-67.885,-0.319,-21.046,-0.248,-46.84,-0.366,83,85,9,34,1,76,45,4,4,188,128,30,48,8.812,47,0.976,20.75,213,0.234,0.106,0.012,0.375,0.4,0.592,GG-W,https://www.espncricinfo.com/db/PICTURES/CMS/355500/355583.png,#f55607,https://upload.wikimedia.org/wikipedia/en/2/27/Women%27s_Premier_League.svg,https://www.espncricinfo.com/db/PICTURES/CMS/327500/327551.png,https://www.espncricinfo.com/db/PICTURES/CMS/327500/327551.png,https://www.espncricinfo.com/db/PICTURES/CMS/267000/267007.3.jpg
Kim Garth,418423,Gujarat Giants Women,2023,Women's Premier League,-29.026,-0.141,-7.165,-0.149,-21.862,-0.138,44,48,4,17,0,44,28,1,11,202,158,30,64,7.671,18.364,0.917,44,206,0.19,0.083,0,0.405,0.354,0.636,GG-W,https://www.espncricinfo.com/db/PICTURES/CMS/355500/355583.png,#f55607,https://upload.wikimedia.org/wikipedia/en/2/27/Women%27s_Premier_League.svg,https://www.espncricinfo.com/db/PICTURES/CMS/373900/373914.png,https://www.espncricinfo.com/db/PICTURES/CMS/373900/373914.png,https://www.espncricinfo.com/db/PICTURES/CMS/366300/366334.4.jpg
Kiran Navgire,1289983,UP Warriorz Women,2023,Women's Premier League,4.634,0.033,4.634,0.033,0,0,155,139,23,68,8,116,47,8,NA,NA,0,NA,NA,NA,NA,1.115,19.375,139,NA,0.165,0.058,NA,0.489,0.405,UPW-W,https://www.espncricinfo.com/db/PICTURES/CMS/355600/355624.png,#2a0659,https://upload.wikimedia.org/wikipedia/en/2/27/Women%27s_Premier_League.svg,https://cricketgoldcoast.com.au/wp-content/uploads/2019/08/generic-headshot.png,https://cricketgoldcoast.com.au/wp-content/uploads/2019/08/generic-headshot.png,https://cricketgoldcoast.com.au/wp-content/uploads/2019/08/generic-headshot.png
Kiran Navgire,1289983,UP Warriorz Women,2024,Women's Premier League,22.421,0.273,22.421,0.273,0,0,110,82,18,32,7,64,24,8,NA,NA,0,NA,NA,NA,NA,1.341,13.75,82,NA,0.22,0.085,NA,0.39,0.375,UPW-W,https://www.espncricinfo.com/db/PICTURES/CMS/355600/355624.png,#2a0659,https://upload.wikimedia.org/wikipedia/en/2/27/Women%27s_Premier_League.svg,https://cricketgoldcoast.com.au/wp-content/uploads/2019/08/generic-headshot.png,https://cricketgoldcoast.com.au/wp-content/uploads/2019/08/generic-headshot.png,https://cricketgoldcoast.com.au/wp-content/uploads/2019/08/generic-headshot.png
Komal Zanzad,961195,Royal Challengers Bangalore Women,2023,Women's Premier League,-14.852,-0.782,-4.73,-0.676,-10.122,-0.844,5,7,0,2,0,7,5,NA,0,22,12,4,3,11,Inf,0.714,NA,19,0.333,0,0,0.25,0.286,0.714,RCB-W,https://www.espncricinfo.com/db/PICTURES/CMS/355600/355629.jpg,#ef4022,https://upload.wikimedia.org/wikipedia/en/2/27/Women%27s_Premier_League.svg,https://www.espncricinfo.com/db/PICTURES/CMS/304200/304245.jpg,https://www.espncricinfo.com/db/PICTURES/CMS/304200/304245.jpg,https://www.espncricinfo.com/db/PICTURES/CMS/304200/304245.jpg
Laura Wolvaardt,922481,Gujarat Giants Women,2023,Women's Premier League,32.686,0.314,32.686,0.314,0,0,143,104,21,34,5,83,49,4,NA,NA,0,NA,NA,NA,NA,1.375,35.75,104,NA,0.202,0.048,NA,0.327,0.59,GG-W,https://www.espncricinfo.com/db/PICTURES/CMS/355500/355583.png,#f55607,https://upload.wikimedia.org/wikipedia/en/2/27/Women%27s_Premier_League.svg,https://www.espncricinfo.com/db/PICTURES/CMS/320600/320641.png,https://www.espncricinfo.com/db/PICTURES/CMS/320600/320641.png,https://www.espncricinfo.com/db/PICTURES/CMS/307300/307313.jpg
Laura Wolvaardt,922481,Gujarat Giants Women,2024,Women's Premier League,41.355,0.306,41.355,0.306,0,0,167,135,30,58,1,105,45,6,NA,NA,0,NA,NA,NA,NA,1.237,27.833,135,NA,0.222,0.007,NA,0.43,0.429,GG-W,https://www.espncricinfo.com/db/PICTURES/CMS/355500/355583.png,#f55607,https://upload.wikimedia.org/wikipedia/en/2/27/Women%27s_Premier_League.svg,https://www.espncricinfo.com/db/PICTURES/CMS/320600/320641.png,https://www.espncricinfo.com/db/PICTURES/CMS/320600/320641.png,https://www.espncricinfo.com/db/PICTURES/CMS/307300/307313.jpg
Lea Tahuhu,380929,Gujarat Giants Women,2024,Women's Premier League,-13.94,-0.422,-4.503,-2.252,-9.437,-0.304,0,2,0,2,0,2,0,1,1,43,31,7,15,8.323,43,0,0,33,0.226,0,0,0.484,1,0,GG-W,https://www.espncricinfo.com/db/PICTURES/CMS/355500/355583.png,#f55607,https://upload.wikimedia.org/wikipedia/en/2/27/Women%27s_Premier_League.svg,https://www.espncricinfo.com/db/PICTURES/CMS/320500/320543.png,https://www.espncricinfo.com/db/PICTURES/CMS/320500/320543.png,https://www.espncricinfo.com/db/PICTURES/CMS/305700/305782.png
Mannat Kashyap,1346682,Gujarat Giants Women,2024,Women's Premier League,-15.37,-0.248,0,0,-15.37,-0.248,NA,0,NA,NA,NA,NA,NA,NA,1,83,62,12,24,8.032,83,NA,NA,62,0.194,NA,NA,0.387,NA,NA,GG-W,https://www.espncricinfo.com/db/PICTURES/CMS/355500/355583.png,#f55607,https://upload.wikimedia.org/wikipedia/en/2/27/Women%27s_Premier_League.svg,NA,NA,NA
Mansi Joshi,960815,Gujarat Giants Women,2023,Women's Premier League,-38.015,-0.464,-10.453,-0.348,-27.562,-0.53,18,30,2,19,0,28,10,1,2,88,52,13,15,10.154,44,0.6,18,82,0.25,0.067,0,0.288,0.633,0.357,GG-W,https://www.espncricinfo.com/db/PICTURES/CMS/355500/355583.png,#f55607,https://upload.wikimedia.org/wikipedia/en/2/27/Women%27s_Premier_League.svg,https://www.espncricinfo.com/db/PICTURES/CMS/321800/321873.png,https://www.espncricinfo.com/db/PICTURES/CMS/321800/321873.png,https://www.espncricinfo.com/db/PICTURES/CMS/304300/304395.png
Marizanne Kapp,351836,Delhi Capitals Women,2023,Women's Premier League,62.529,0.169,33.627,0.224,28.902,0.131,177,150,24,57,6,126,69,4,9,208,221,32,119,5.647,23.111,1.18,44.25,371,0.145,0.16,0.04,0.538,0.38,0.548,DC-W,https://www.espncricinfo.com/db/PICTURES/CMS/313400/313422.logo.png,#004c93,https://upload.wikimedia.org/wikipedia/en/2/27/Women%27s_Premier_League.svg,https://www.espncricinfo.com/db/PICTURES/CMS/320600/320644.png,https://www.espncricinfo.com/db/PICTURES/CMS/320600/320644.png,https://www.espncricinfo.com/db/PICTURES/CMS/307300/307319.png
Marizanne Kapp,351836,Delhi Capitals Women,2024,Women's Premier League,25.615,0.111,10.142,0.169,15.473,0.09,79,60,10,21,4,50,31,4,11,178,171,27,83,6.246,16.182,1.317,19.75,231,0.158,0.167,0.067,0.485,0.35,0.62,DC-W,https://www.espncricinfo.com/db/PICTURES/CMS/313400/313422.logo.png,#004c93,https://upload.wikimedia.org/wikipedia/en/2/27/Women%27s_Premier_League.svg,https://www.espncricinfo.com/db/PICTURES/CMS/320600/320644.png,https://www.espncricinfo.com/db/PICTURES/CMS/320600/320644.png,https://www.espncricinfo.com/db/PICTURES/CMS/307300/307319.png
Meg Lanning,329336,Delhi Capitals Women,2023,Women's Premier League,108.003,0.415,108.003,0.415,0,0,345,260,56,91,6,204,109,7,NA,NA,0,NA,NA,NA,NA,1.327,49.286,260,NA,0.215,0.023,NA,0.35,0.534,DC-W,https://www.espncricinfo.com/db/PICTURES/CMS/313400/313422.logo.png,#004c93,https://upload.wikimedia.org/wikipedia/en/2/27/Women%27s_Premier_League.svg,https://www.espncricinfo.com/db/PICTURES/CMS/320100/320138.png,https://www.espncricinfo.com/db/PICTURES/CMS/320100/320138.png,https://www.espncricinfo.com/db/PICTURES/CMS/282400/282468.1.jpg
Meg Lanning,329336,Delhi Capitals Women,2024,Women's Premier League,57.732,0.207,57.732,0.207,0,0,331,279,51,108,4,228,119,9,NA,NA,0,NA,NA,NA,NA,1.186,36.778,279,NA,0.183,0.014,NA,0.387,0.522,DC-W,https://www.espncricinfo.com/db/PICTURES/CMS/313400/313422.logo.png,#004c93,https://upload.wikimedia.org/wikipedia/en/2/27/Women%27s_Premier_League.svg,https://www.espncricinfo.com/db/PICTURES/CMS/320100/320138.png,https://www.espncricinfo.com/db/PICTURES/CMS/320100/320138.png,https://www.espncricinfo.com/db/PICTURES/CMS/282400/282468.1.jpg
Megan Schutt,420314,Royal Challengers Bangalore Women,2023,Women's Premier League,-45.013,-0.227,14.603,0.356,-59.616,-0.38,52,41,8,9,0,33,20,2,4,220,157,36,59,8.408,55,1.268,26,198,0.229,0.195,0,0.376,0.22,0.606,RCB-W,https://www.espncricinfo.com/db/PICTURES/CMS/355600/355629.jpg,#ef4022,https://upload.wikimedia.org/wikipedia/en/2/27/Women%27s_Premier_League.svg,https://www.espncricinfo.com/db/PICTURES/CMS/321600/321667.png,https://www.espncricinfo.com/db/PICTURES/CMS/321600/321667.png,https://www.espncricinfo.com/db/PICTURES/CMS/282400/282464.1.jpg
Meghna Singh,709839,Gujarat Giants Women,2024,Women's Premier League,-68.849,-0.417,0.782,0.06,-69.631,-0.458,14,13,1,3,0,12,10,1,8,242,152,37,47,9.553,30.25,1.077,14,165,0.243,0.077,0,0.309,0.231,0.833,GG-W,https://www.espncricinfo.com/db/PICTURES/CMS/355500/355583.png,#f55607,https://upload.wikimedia.org/wikipedia/en/2/27/Women%27s_Premier_League.svg,https://www.espncricinfo.com/db/PICTURES/CMS/331100/331194.png,https://www.espncricinfo.com/db/PICTURES/CMS/331100/331194.png,https://www.espncricinfo.com/db/PICTURES/CMS/329300/329350.4.jpg
Minnu Mani,960949,Delhi Capitals Women,2023,Women's Premier League,-15.564,-0.519,-16.381,-1.365,0.817,0.045,1,12,0,10,0,12,1,2,0,18,18,1,4,6,Inf,0.083,0.5,30,0.056,0,0,0.222,0.833,0.083,DC-W,https://www.espncricinfo.com/db/PICTURES/CMS/313400/313422.logo.png,#004c93,https://upload.wikimedia.org/wikipedia/en/2/27/Women%27s_Premier_League.svg,NA,NA,NA
Minnu Mani,960949,Delhi Capitals Women,2024,Women's Premier League,-5.006,-0.096,0.081,0.02,-5.087,-0.106,5,4,1,1,0,3,1,1,3,63,48,7,19,7.875,21,1.25,5,52,0.146,0.25,0,0.396,0.25,0.333,DC-W,https://www.espncricinfo.com/db/PICTURES/CMS/313400/313422.logo.png,#004c93,https://upload.wikimedia.org/wikipedia/en/2/27/Women%27s_Premier_League.svg,NA,NA,NA
Monica Patel,1213438,Gujarat Giants Women,2023,Women's Premier League,-30.046,-0.733,-1.303,-0.145,-28.743,-0.898,10,9,2,5,0,7,2,1,1,61,32,12,7,11.438,61,1.111,10,41,0.375,0.222,0,0.219,0.556,0.286,GG-W,https://www.espncricinfo.com/db/PICTURES/CMS/355500/355583.png,#f55607,https://upload.wikimedia.org/wikipedia/en/2/27/Women%27s_Premier_League.svg,https://cricketgoldcoast.com.au/wp-content/uploads/2019/08/generic-headshot.png,https://cricketgoldcoast.com.au/wp-content/uploads/2019/08/generic-headshot.png,https://cricketgoldcoast.com.au/wp-content/uploads/2019/08/generic-headshot.png
Nadine de Klerk,939249,Royal Challengers Bangalore Women,2024,Women's Premier League,-6.419,-0.238,-3.394,-1.697,-3.025,-0.121,1,2,0,1,0,2,1,1,2,35,25,4,10,8.4,17.5,0.5,1,27,0.16,0,0,0.4,0.5,0.5,RCB-W,https://www.espncricinfo.com/db/PICTURES/CMS/355600/355629.jpg,#ef4022,https://upload.wikimedia.org/wikipedia/en/2/27/Women%27s_Premier_League.svg,https://www.espncricinfo.com/db/PICTURES/CMS/323500/323591.png,https://www.espncricinfo.com/db/PICTURES/CMS/323500/323591.png,https://www.espncricinfo.com/db/PICTURES/CMS/307300/307323.png
Nat Sciver-Brunt,515905,Mumbai Indians Women,2023,Women's Premier League,87.325,0.2,104.145,0.436,-16.82,-0.085,332,239,53,78,6,186,108,5,11,233,198,33,87,7.061,21.182,1.389,66.4,437,0.167,0.222,0.025,0.439,0.326,0.581,MI-W,https://www.espncricinfo.com/db/PICTURES/CMS/344000/344062.png,#005ea0,https://upload.wikimedia.org/wikipedia/en/2/27/Women%27s_Premier_League.svg,https://www.espncricinfo.com/db/PICTURES/CMS/320400/320409.png,https://www.espncricinfo.com/db/PICTURES/CMS/320400/320409.png,https://www.espncricinfo.com/db/PICTURES/CMS/305000/305060.jpg
Nat Sciver-Brunt,515905,Mumbai Indians Women,2024,Women's Premier League,-8.353,-0.026,15.621,0.108,-23.974,-0.137,172,144,27,59,1,117,62,9,10,221,175,28,70,7.577,22.1,1.194,19.111,319,0.16,0.188,0.007,0.4,0.41,0.53,MI-W,https://www.espncricinfo.com/db/PICTURES/CMS/344000/344062.png,#005ea0,https://upload.wikimedia.org/wikipedia/en/2/27/Women%27s_Premier_League.svg,https://www.espncricinfo.com/db/PICTURES/CMS/320400/320409.png,https://www.espncricinfo.com/db/PICTURES/CMS/320400/320409.png,https://www.espncricinfo.com/db/PICTURES/CMS/305000/305060.jpg
Parshavi Chopra,1346678,UP Warriorz Women,2023,Women's Premier League,-27.625,-0.35,-3.868,-0.553,-23.758,-0.33,0,7,0,5,0,7,0,NA,3,98,72,13,23,8.167,32.667,0,NA,79,0.181,0,0,0.319,0.714,0,UPW-W,https://www.espncricinfo.com/db/PICTURES/CMS/355600/355624.png,#2a0659,https://upload.wikimedia.org/wikipedia/en/2/27/Women%27s_Premier_League.svg,NA,NA,NA
Phoebe Litchfield,1176132,Gujarat Giants Women,2024,Women's Premier League,-17.528,-0.162,-17.528,-0.162,0,0,108,108,14,49,3,94,46,8,NA,NA,0,NA,NA,NA,NA,1,13.5,108,NA,0.13,0.028,NA,0.454,0.489,GG-W,https://www.espncricinfo.com/db/PICTURES/CMS/355500/355583.png,#f55607,https://upload.wikimedia.org/wikipedia/en/2/27/Women%27s_Premier_League.svg,https://www.espncricinfo.com/db/PICTURES/CMS/373900/373912.png,https://www.espncricinfo.com/db/PICTURES/CMS/373900/373912.png,https://www.espncricinfo.com/db/PICTURES/CMS/366300/366328.4.jpg
Pooja Vastrakar,883413,Mumbai Indians Women,2023,Women's Premier League,23.13,0.304,18.089,0.355,5.041,0.202,71,51,11,17,2,40,23,3,2,23,25,3,14,5.52,11.5,1.392,23.667,76,0.12,0.216,0.039,0.56,0.333,0.575,MI-W,https://www.espncricinfo.com/db/PICTURES/CMS/344000/344062.png,#005ea0,https://upload.wikimedia.org/wikipedia/en/2/27/Women%27s_Premier_League.svg,https://www.espncricinfo.com/db/PICTURES/CMS/321800/321886.png,https://www.espncricinfo.com/db/PICTURES/CMS/321800/321886.png,https://www.espncricinfo.com/db/PICTURES/CMS/300600/300610.1.jpg
Pooja Vastrakar,883413,Mumbai Indians Women,2024,Women's Premier League,-30.03,-0.142,-13.066,-0.214,-16.964,-0.113,55,61,4,23,1,57,36,6,6,185,150,25,57,7.4,30.833,0.902,9.167,211,0.167,0.066,0.016,0.38,0.377,0.632,MI-W,https://www.espncricinfo.com/db/PICTURES/CMS/344000/344062.png,#005ea0,https://upload.wikimedia.org/wikipedia/en/2/27/Women%27s_Premier_League.svg,https://www.espncricinfo.com/db/PICTURES/CMS/321800/321886.png,https://www.espncricinfo.com/db/PICTURES/CMS/321800/321886.png,https://www.espncricinfo.com/db/PICTURES/CMS/300600/300610.1.jpg
Poonam Khemnar,1289979,Royal Challengers Bangalore Women,2023,Women's Premier League,-4.134,-1.034,-4.134,-1.034,0,0,2,4,0,2,0,4,2,1,NA,NA,0,NA,NA,NA,NA,0.5,2,4,NA,0,0,NA,0.5,0.5,RCB-W,https://www.espncricinfo.com/db/PICTURES/CMS/355600/355629.jpg,#ef4022,https://upload.wikimedia.org/wikipedia/en/2/27/Women%27s_Premier_League.svg,NA,NA,NA
Poonam Khemnar,1289979,UP Warriorz Women,2024,Women's Premier League,4.437,0.045,5.621,0.06,-1.184,-0.197,99,93,15,41,2,78,35,5,0,7,6,1,4,7,Inf,1.065,19.8,99,0.167,0.161,0.022,0.667,0.441,0.449,UPW-W,https://www.espncricinfo.com/db/PICTURES/CMS/355600/355624.png,#2a0659,https://upload.wikimedia.org/wikipedia/en/2/27/Women%27s_Premier_League.svg,NA,NA,NA
Poonam Yadav,630972,Delhi Capitals Women,2023,Women's Premier League,-12.404,-0.591,-5.041,-1.68,-7.363,-0.409,0,3,0,3,0,3,0,1,0,25,18,3,5,8.333,Inf,0,0,21,0.167,0,0,0.278,1,0,DC-W,https://www.espncricinfo.com/db/PICTURES/CMS/313400/313422.logo.png,#004c93,https://upload.wikimedia.org/wikipedia/en/2/27/Women%27s_Premier_League.svg,https://www.espncricinfo.com/db/PICTURES/CMS/320600/320627.png,https://www.espncricinfo.com/db/PICTURES/CMS/320600/320627.png,https://www.espncricinfo.com/db/PICTURES/CMS/304400/304470.png
Preeti Bose,709843,Royal Challengers Bangalore Women,2023,Women's Premier League,-62.318,-0.561,-4.709,-0.523,-57.609,-0.565,3,9,0,6,0,9,3,NA,3,166,102,26,27,9.765,55.333,0.333,NA,111,0.255,0,0,0.265,0.667,0.333,RCB-W,https://www.espncricinfo.com/db/PICTURES/CMS/355600/355629.jpg,#ef4022,https://upload.wikimedia.org/wikipedia/en/2/27/Women%27s_Premier_League.svg,https://cricketgoldcoast.com.au/wp-content/uploads/2019/08/generic-headshot.png,https://cricketgoldcoast.com.au/wp-content/uploads/2019/08/generic-headshot.png,https://cricketgoldcoast.com.au/wp-content/uploads/2019/08/generic-headshot.png
Priyanka Bala,1255564,Mumbai Indians Women,2024,Women's Premier League,0.352,0.02,0.352,0.02,0,0,19,18,2,6,0,16,11,NA,NA,NA,0,NA,NA,NA,NA,1.056,NA,18,NA,0.111,0,NA,0.333,0.688,MI-W,https://www.espncricinfo.com/db/PICTURES/CMS/344000/344062.png,#005ea0,https://upload.wikimedia.org/wikipedia/en/2/27/Women%27s_Premier_League.svg,NA,NA,NA
Radha Yadav,960737,Delhi Capitals Women,2023,Women's Premier League,-0.603,-0.004,12.649,0.527,-13.252,-0.09,38,24,5,7,3,19,12,2,4,174,148,24,56,7.054,43.5,1.583,19,172,0.162,0.208,0.125,0.378,0.292,0.632,DC-W,https://www.espncricinfo.com/db/PICTURES/CMS/313400/313422.logo.png,#004c93,https://upload.wikimedia.org/wikipedia/en/2/27/Women%27s_Premier_League.svg,https://www.espncricinfo.com/db/PICTURES/CMS/321800/321883.png,https://www.espncricinfo.com/db/PICTURES/CMS/321800/321883.png,https://www.espncricinfo.com/db/PICTURES/CMS/304500/304548.png
Radha Yadav,960737,Delhi Capitals Women,2024,Women's Premier League,-10.526,-0.061,-3.23,-0.154,-7.296,-0.048,27,21,3,6,1,18,13,3,11,188,152,26,58,7.421,17.091,1.286,9,173,0.171,0.143,0.048,0.382,0.286,0.722,DC-W,https://www.espncricinfo.com/db/PICTURES/CMS/313400/313422.logo.png,#004c93,https://upload.wikimedia.org/wikipedia/en/2/27/Women%27s_Premier_League.svg,https://www.espncricinfo.com/db/PICTURES/CMS/321800/321883.png,https://www.espncricinfo.com/db/PICTURES/CMS/321800/321883.png,https://www.espncricinfo.com/db/PICTURES/CMS/304500/304548.png
Rajeshwari Gayakwad,709635,UP Warriorz Women,2023,Women's Premier League,-54.334,-0.283,-6.456,-0.587,-47.878,-0.265,7,11,1,7,0,10,3,1,9,251,181,39,67,8.32,27.889,0.636,7,192,0.215,0.091,0,0.37,0.636,0.3,UPW-W,https://www.espncricinfo.com/db/PICTURES/CMS/355600/355624.png,#2a0659,https://upload.wikimedia.org/wikipedia/en/2/27/Women%27s_Premier_League.svg,https://www.espncricinfo.com/db/PICTURES/CMS/320600/320629.png,https://www.espncricinfo.com/db/PICTURES/CMS/320600/320629.png,https://www.espncricinfo.com/db/PICTURES/CMS/304400/304473.png
Rajeshwari Gayakwad,709635,UP Warriorz Women,2024,Women's Premier League,-62.723,-0.382,-0.74,-0.37,-61.982,-0.383,1,2,0,1,0,2,1,NA,6,237,162,33,51,8.778,39.5,0.5,NA,164,0.204,0,0,0.315,0.5,0.5,UPW-W,https://www.espncricinfo.com/db/PICTURES/CMS/355600/355624.png,#2a0659,https://upload.wikimedia.org/wikipedia/en/2/27/Women%27s_Premier_League.svg,https://www.espncricinfo.com/db/PICTURES/CMS/320600/320629.png,https://www.espncricinfo.com/db/PICTURES/CMS/320600/320629.png,https://www.espncricinfo.com/db/PICTURES/CMS/304400/304473.png
Renuka Singh,960853,Royal Challengers Bangalore Women,2023,Women's Premier League,-72.201,-0.633,-14.089,-1.084,-58.111,-0.575,5,13,0,8,0,13,5,2,2,160,101,28,35,9.505,80,0.385,2.5,114,0.277,0,0,0.347,0.615,0.385,RCB-W,https://www.espncricinfo.com/db/PICTURES/CMS/355600/355629.jpg,#ef4022,https://upload.wikimedia.org/wikipedia/en/2/27/Women%27s_Premier_League.svg,https://www.espncricinfo.com/db/PICTURES/CMS/331100/331196.png,https://www.espncricinfo.com/db/PICTURES/CMS/331100/331196.png,https://www.espncricinfo.com/db/PICTURES/CMS/329300/329351.5.jpg
Renuka Singh,960853,Royal Challengers Bangalore Women,2024,Women's Premier League,-55.438,-0.296,0.055,0.055,-55.493,-0.298,1,1,0,0,0,1,1,NA,2,233,186,31,77,7.516,116.5,1,NA,187,0.167,0,0,0.414,0,1,RCB-W,https://www.espncricinfo.com/db/PICTURES/CMS/355600/355629.jpg,#ef4022,https://upload.wikimedia.org/wikipedia/en/2/27/Women%27s_Premier_League.svg,https://www.espncricinfo.com/db/PICTURES/CMS/331100/331196.png,https://www.espncricinfo.com/db/PICTURES/CMS/331100/331196.png,https://www.espncricinfo.com/db/PICTURES/CMS/329300/329351.5.jpg
Richa Ghosh,1212830,Royal Challengers Bangalore Women,2023,Women's Premier League,35.282,0.339,35.282,0.339,0,0,138,104,21,41,7,83,40,6,NA,NA,0,NA,NA,NA,NA,1.327,23,104,NA,0.202,0.067,NA,0.394,0.482,RCB-W,https://www.espncricinfo.com/db/PICTURES/CMS/355600/355629.jpg,#ef4022,https://upload.wikimedia.org/wikipedia/en/2/27/Women%27s_Premier_League.svg,https://www.espncricinfo.com/db/PICTURES/CMS/331100/331192.png,https://www.espncricinfo.com/db/PICTURES/CMS/331100/331192.png,https://www.espncricinfo.com/db/PICTURES/CMS/304500/304552.png
Richa Ghosh,1212830,Royal Challengers Bangalore Women,2024,Women's Premier League,72.148,0.388,72.148,0.388,0,0,257,186,41,70,10,145,73,6,NA,NA,0,NA,NA,NA,NA,1.382,42.833,186,NA,0.22,0.054,NA,0.376,0.503,RCB-W,https://www.espncricinfo.com/db/PICTURES/CMS/355600/355629.jpg,#ef4022,https://upload.wikimedia.org/wikipedia/en/2/27/Women%27s_Premier_League.svg,https://www.espncricinfo.com/db/PICTURES/CMS/331100/331192.png,https://www.espncricinfo.com/db/PICTURES/CMS/331100/331192.png,https://www.espncricinfo.com/db/PICTURES/CMS/304500/304552.png
Sabbhineni Meghana,556529,Gujarat Giants Women,2023,Women's Premier League,-6.421,-0.076,-6.421,-0.076,0,0,81,84,14,43,0,70,25,6,NA,NA,0,NA,NA,NA,NA,0.964,13.5,84,NA,0.167,0,NA,0.512,0.357,GG-W,https://www.espncricinfo.com/db/PICTURES/CMS/355500/355583.png,#f55607,https://upload.wikimedia.org/wikipedia/en/2/27/Women%27s_Premier_League.svg,https://www.espncricinfo.com/db/PICTURES/CMS/336200/336287.png,https://www.espncricinfo.com/db/PICTURES/CMS/336200/336287.png,https://www.espncricinfo.com/db/PICTURES/CMS/335100/335141.4.jpg
Sabbhineni Meghana,556529,Royal Challengers Bangalore Women,2024,Women's Premier League,13.431,0.088,13.431,0.088,0,0,168,153,23,59,3,130,70,5,NA,NA,0,NA,NA,NA,NA,1.098,33.6,153,NA,0.15,0.02,NA,0.386,0.538,RCB-W,https://www.espncricinfo.com/db/PICTURES/CMS/355600/355629.jpg,#ef4022,https://upload.wikimedia.org/wikipedia/en/2/27/Women%27s_Premier_League.svg,https://www.espncricinfo.com/db/PICTURES/CMS/336200/336287.png,https://www.espncricinfo.com/db/PICTURES/CMS/336200/336287.png,https://www.espncricinfo.com/db/PICTURES/CMS/335100/335141.4.jpg
Sahana Pawar,960931,Royal Challengers Bangalore Women,2023,Women's Premier League,-7.261,-1.037,-3.289,-3.289,-3.972,-0.662,0,1,0,1,0,1,0,1,0,11,6,2,1,11,Inf,0,0,7,0.333,0,0,0.167,1,0,RCB-W,https://www.espncricinfo.com/db/PICTURES/CMS/355600/355629.jpg,#ef4022,https://upload.wikimedia.org/wikipedia/en/2/27/Women%27s_Premier_League.svg,NA,NA,NA
Saika Ishaque,597815,Mumbai Indians Women,2023,Women's Premier League,5.898,0.028,-4.503,-2.252,10.401,0.049,0,2,0,2,0,2,0,1,16,245,211,39,96,6.967,15.312,0,0,213,0.185,0,0,0.455,1,0,MI-W,https://www.espncricinfo.com/db/PICTURES/CMS/344000/344062.png,#005ea0,https://upload.wikimedia.org/wikipedia/en/2/27/Women%27s_Premier_League.svg,NA,NA,NA
Saika Ishaque,597815,Mumbai Indians Women,2024,Women's Premier League,-23.358,-0.15,-5.762,-1.441,-17.596,-0.116,1,4,0,3,0,4,1,1,9,191,152,24,55,7.539,21.222,0.25,1,156,0.158,0,0,0.362,0.75,0.25,MI-W,https://www.espncricinfo.com/db/PICTURES/CMS/344000/344062.png,#005ea0,https://upload.wikimedia.org/wikipedia/en/2/27/Women%27s_Premier_League.svg,NA,NA,NA
Saima Thakor,1255542,UP Warriorz Women,2024,Women's Premier League,-30.36,-0.428,-6.15,-0.683,-24.21,-0.39,5,9,0,4,0,9,5,1,3,91,62,17,27,8.806,30.333,0.556,5,71,0.274,0,0,0.435,0.444,0.556,UPW-W,https://www.espncricinfo.com/db/PICTURES/CMS/355600/355624.png,#2a0659,https://upload.wikimedia.org/wikipedia/en/2/27/Women%27s_Premier_League.svg,NA,NA,NA
Sajeevan Sajana,960955,Mumbai Indians Women,2024,Women's Premier League,18.533,0.273,24.815,0.443,-6.282,-0.524,87,56,16,21,3,40,17,3,2,23,12,4,3,11.5,11.5,1.554,29,68,0.333,0.286,0.054,0.25,0.375,0.425,MI-W,https://www.espncricinfo.com/db/PICTURES/CMS/344000/344062.png,#005ea0,https://upload.wikimedia.org/wikipedia/en/2/27/Women%27s_Premier_League.svg,NA,NA,NA
Sathyamoorthy Keerthana,961109,Mumbai Indians Women,2024,Women's Premier League,-13.831,-0.461,0,0,-13.831,-0.461,NA,0,NA,NA,NA,NA,NA,NA,0,43,30,6,7,8.6,Inf,NA,NA,30,0.2,NA,NA,0.233,NA,NA,MI-W,https://www.espncricinfo.com/db/PICTURES/CMS/344000/344062.png,#005ea0,https://upload.wikimedia.org/wikipedia/en/2/27/Women%27s_Premier_League.svg,NA,NA,NA
Sayali Satghare,1255540,Gujarat Giants Women,2024,Women's Premier League,0.388,0.055,0.388,0.055,0,0,7,7,0,1,0,7,7,NA,NA,NA,0,NA,NA,NA,NA,1,NA,7,NA,0,0,NA,0.143,1,GG-W,https://www.espncricinfo.com/db/PICTURES/CMS/355500/355583.png,#f55607,https://upload.wikimedia.org/wikipedia/en/2/27/Women%27s_Premier_League.svg,NA,NA,NA
Shabnam Shakil,1346683,Gujarat Giants Women,2024,Women's Premier League,-6.676,-0.089,-1.259,-0.63,-5.416,-0.074,1,2,0,1,0,2,1,2,4,86,73,14,36,7.068,21.5,0.5,0.5,75,0.192,0,0,0.493,0.5,0.5,GG-W,https://www.espncricinfo.com/db/PICTURES/CMS/355500/355583.png,#f55607,https://upload.wikimedia.org/wikipedia/en/2/27/Women%27s_Premier_League.svg,NA,NA,NA
Shabnim Ismail,276997,Mumbai Indians Women,2024,Women's Premier League,6.89,0.038,-5.814,-0.727,12.704,0.073,8,8,1,3,0,7,4,1,8,178,175,24,95,6.103,22.25,1,8,183,0.137,0.125,0,0.543,0.375,0.571,MI-W,https://www.espncricinfo.com/db/PICTURES/CMS/344000/344062.png,#005ea0,https://upload.wikimedia.org/wikipedia/en/2/27/Women%27s_Premier_League.svg,https://www.espncricinfo.com/db/PICTURES/CMS/320600/320648.png,https://www.espncricinfo.com/db/PICTURES/CMS/320600/320648.png,https://www.espncricinfo.com/db/PICTURES/CMS/307300/307335.png
Shabnim Ismail,276997,UP Warriorz Women,2023,Women's Premier League,-19.08,-0.281,0,0,-19.08,-0.281,NA,0,NA,NA,NA,NA,NA,NA,3,94,68,16,34,8.294,31.333,NA,NA,68,0.235,NA,NA,0.5,NA,NA,UPW-W,https://www.espncricinfo.com/db/PICTURES/CMS/355600/355624.png,#2a0659,https://upload.wikimedia.org/wikipedia/en/2/27/Women%27s_Premier_League.svg,https://www.espncricinfo.com/db/PICTURES/CMS/320600/320648.png,https://www.espncricinfo.com/db/PICTURES/CMS/320600/320648.png,https://www.espncricinfo.com/db/PICTURES/CMS/307300/307335.png
Shafali Verma,1182523,Delhi Capitals Women,2023,Women's Premier League,106.339,0.738,106.339,0.738,0,0,252,144,45,47,13,99,46,8,NA,NA,0,NA,NA,NA,NA,1.75,31.5,144,NA,0.312,0.09,NA,0.326,0.465,DC-W,https://www.espncricinfo.com/db/PICTURES/CMS/313400/313422.logo.png,#004c93,https://upload.wikimedia.org/wikipedia/en/2/27/Women%27s_Premier_League.svg,https://www.espncricinfo.com/db/PICTURES/CMS/321800/321885.png,https://www.espncricinfo.com/db/PICTURES/CMS/321800/321885.png,https://www.espncricinfo.com/db/PICTURES/CMS/304500/304562.png
Shafali Verma,1182523,Delhi Capitals Women,2024,Women's Premier League,98.266,0.466,98.266,0.466,0,0,309,211,47,76,20,164,81,8,NA,NA,0,NA,NA,NA,NA,1.464,38.625,211,NA,0.223,0.095,NA,0.36,0.494,DC-W,https://www.espncricinfo.com/db/PICTURES/CMS/313400/313422.logo.png,#004c93,https://upload.wikimedia.org/wikipedia/en/2/27/Women%27s_Premier_League.svg,https://www.espncricinfo.com/db/PICTURES/CMS/321800/321885.png,https://www.espncricinfo.com/db/PICTURES/CMS/321800/321885.png,https://www.espncricinfo.com/db/PICTURES/CMS/304500/304562.png
Shikha Pandey,442145,Delhi Capitals Women,2023,Women's Premier League,13.692,0.059,7.946,0.227,5.746,0.029,39,35,4,9,1,31,21,NA,10,217,196,33,89,6.643,21.7,1.114,NA,231,0.168,0.114,0.029,0.454,0.257,0.677,DC-W,https://www.espncricinfo.com/db/PICTURES/CMS/313400/313422.logo.png,#004c93,https://upload.wikimedia.org/wikipedia/en/2/27/Women%27s_Premier_League.svg,https://www.espncricinfo.com/db/PICTURES/CMS/320600/320631.png,https://www.espncricinfo.com/db/PICTURES/CMS/320600/320631.png,https://www.espncricinfo.com/db/PICTURES/CMS/304500/304564.png
Shikha Pandey,442145,Delhi Capitals Women,2024,Women's Premier League,-10.988,-0.048,5.581,0.372,-16.569,-0.078,23,15,3,2,0,12,11,1,9,248,213,33,84,6.986,27.556,1.533,23,228,0.155,0.2,0,0.394,0.133,0.917,DC-W,https://www.espncricinfo.com/db/PICTURES/CMS/313400/313422.logo.png,#004c93,https://upload.wikimedia.org/wikipedia/en/2/27/Women%27s_Premier_League.svg,https://www.espncricinfo.com/db/PICTURES/CMS/320600/320631.png,https://www.espncricinfo.com/db/PICTURES/CMS/320600/320631.png,https://www.espncricinfo.com/db/PICTURES/CMS/304500/304564.png
Shradda Pokharkar,1255517,Royal Challengers Bangalore Women,2024,Women's Premier League,-10.552,-0.422,0,0,-10.552,-0.422,NA,0,NA,NA,NA,NA,NA,NA,0,35,25,5,11,8.4,Inf,NA,NA,25,0.2,NA,NA,0.44,NA,NA,RCB-W,https://www.espncricinfo.com/db/PICTURES/CMS/355600/355629.jpg,#ef4022,https://upload.wikimedia.org/wikipedia/en/2/27/Women%27s_Premier_League.svg,NA,NA,NA
Shreyanka Patil,1289948,Royal Challengers Bangalore Women,2023,Women's Premier League,-43.286,-0.269,11.961,0.272,-55.247,-0.472,62,44,11,16,1,33,16,3,7,192,117,34,37,9.846,27.429,1.409,20.667,161,0.291,0.25,0.023,0.316,0.364,0.485,RCB-W,https://www.espncricinfo.com/db/PICTURES/CMS/355600/355629.jpg,#ef4022,https://upload.wikimedia.org/wikipedia/en/2/27/Women%27s_Premier_League.svg,NA,NA,NA
Shreyanka Patil,1289948,Royal Challengers Bangalore Women,2024,Women's Premier League,6.992,0.048,5.727,0.409,1.265,0.01,19,14,2,4,1,12,9,NA,13,157,131,21,50,7.191,12.077,1.357,NA,145,0.16,0.143,0.071,0.382,0.286,0.75,RCB-W,https://www.espncricinfo.com/db/PICTURES/CMS/355600/355629.jpg,#ef4022,https://upload.wikimedia.org/wikipedia/en/2/27/Women%27s_Premier_League.svg,NA,NA,NA
Shweta Sehrawat,1255442,UP Warriorz Women,2023,Women's Premier League,-18.161,-0.432,-18.161,-0.432,0,0,34,42,6,24,0,36,10,5,NA,NA,0,NA,NA,NA,NA,0.81,6.8,42,NA,0.143,0,NA,0.571,0.278,UPW-W,https://www.espncricinfo.com/db/PICTURES/CMS/355600/355624.png,#2a0659,https://upload.wikimedia.org/wikipedia/en/2/27/Women%27s_Premier_League.svg,NA,NA,NA
Shweta Sehrawat,1255442,UP Warriorz Women,2024,Women's Premier League,-7.95,-0.07,-7.95,-0.07,0,0,108,113,15,55,3,98,42,7,NA,NA,0,NA,NA,NA,NA,0.956,15.429,113,NA,0.133,0.027,NA,0.487,0.429,UPW-W,https://www.espncricinfo.com/db/PICTURES/CMS/355600/355624.png,#2a0659,https://upload.wikimedia.org/wikipedia/en/2/27/Women%27s_Premier_League.svg,NA,NA,NA
Simran Bahadur,1204925,Royal Challengers Bangalore Women,2024,Women's Premier League,-9.674,-0.967,-5.085,-1.271,-4.589,-0.765,3,4,0,1,0,4,3,1,0,11,6,2,2,11,Inf,0.75,3,10,0.333,0,0,0.333,0.25,0.75,RCB-W,https://www.espncricinfo.com/db/PICTURES/CMS/355600/355629.jpg,#ef4022,https://upload.wikimedia.org/wikipedia/en/2/27/Women%27s_Premier_League.svg,https://www.espncricinfo.com/db/PICTURES/CMS/341900/341907.png,https://www.espncricinfo.com/db/PICTURES/CMS/341900/341907.png,https://www.espncricinfo.com/db/PICTURES/CMS/335100/335142.4.jpg
Simran Shaikh,1255541,UP Warriorz Women,2023,Women's Premier League,-32.761,-0.669,-32.761,-0.669,0,0,29,49,2,26,0,47,21,5,NA,NA,0,NA,NA,NA,NA,0.592,5.8,49,NA,0.041,0,NA,0.531,0.447,UPW-W,https://www.espncricinfo.com/db/PICTURES/CMS/355600/355624.png,#2a0659,https://upload.wikimedia.org/wikipedia/en/2/27/Women%27s_Premier_League.svg,NA,NA,NA
Smriti Mandhana,597806,Royal Challengers Bangalore Women,2023,Women's Premier League,1.184,0.008,4.86,0.035,-3.676,-0.919,149,138,25,69,3,113,43,8,0,9,4,1,2,13.5,Inf,1.08,18.625,142,0.25,0.181,0.022,0.5,0.5,0.381,RCB-W,https://www.espncricinfo.com/db/PICTURES/CMS/355600/355629.jpg,#ef4022,https://upload.wikimedia.org/wikipedia/en/2/27/Women%27s_Premier_League.svg,https://www.espncricinfo.com/db/PICTURES/CMS/320600/320632.png,https://www.espncricinfo.com/db/PICTURES/CMS/320600/320632.png,https://www.espncricinfo.com/db/PICTURES/CMS/304500/304569.png
Smriti Mandhana,597806,Royal Challengers Bangalore Women,2024,Women's Premier League,66.181,0.29,66.181,0.29,0,0,300,228,50,98,10,178,80,10,NA,NA,0,NA,NA,NA,NA,1.316,30,228,NA,0.219,0.044,NA,0.43,0.449,RCB-W,https://www.espncricinfo.com/db/PICTURES/CMS/355600/355629.jpg,#ef4022,https://upload.wikimedia.org/wikipedia/en/2/27/Women%27s_Premier_League.svg,https://www.espncricinfo.com/db/PICTURES/CMS/320600/320632.png,https://www.espncricinfo.com/db/PICTURES/CMS/320600/320632.png,https://www.espncricinfo.com/db/PICTURES/CMS/304500/304569.png
Sneh Rana,556537,Gujarat Giants Women,2023,Women's Premier League,-73.763,-0.405,-35.136,-1.133,-38.628,-0.256,34,31,4,11,0,27,18,4,9,217,151,30,47,8.623,24.111,1.097,8.5,182,0.199,0.129,0,0.311,0.355,0.667,GG-W,https://www.espncricinfo.com/db/PICTURES/CMS/355500/355583.png,#f55607,https://upload.wikimedia.org/wikipedia/en/2/27/Women%27s_Premier_League.svg,https://www.espncricinfo.com/db/PICTURES/CMS/331100/331190.png,https://www.espncricinfo.com/db/PICTURES/CMS/331100/331190.png,https://www.espncricinfo.com/db/PICTURES/CMS/323300/323312.15.jpg
Sneh Rana,556537,Gujarat Giants Women,2024,Women's Premier League,-48.115,-0.625,-8.075,-0.538,-40.041,-0.646,13,15,2,7,0,13,5,3,0,105,62,18,18,10.161,Inf,0.867,4.333,77,0.29,0.133,0,0.29,0.467,0.385,GG-W,https://www.espncricinfo.com/db/PICTURES/CMS/355500/355583.png,#f55607,https://upload.wikimedia.org/wikipedia/en/2/27/Women%27s_Premier_League.svg,https://www.espncricinfo.com/db/PICTURES/CMS/331100/331190.png,https://www.espncricinfo.com/db/PICTURES/CMS/331100/331190.png,https://www.espncricinfo.com/db/PICTURES/CMS/323300/323312.15.jpg
Sophia Dunkley,885815,Gujarat Giants Women,2023,Women's Premier League,52.073,0.744,52.073,0.744,0,0,121,70,22,28,3,48,27,6,NA,NA,0,NA,NA,NA,NA,1.729,20.167,70,NA,0.314,0.043,NA,0.4,0.562,GG-W,https://www.espncricinfo.com/db/PICTURES/CMS/355500/355583.png,#f55607,https://upload.wikimedia.org/wikipedia/en/2/27/Women%27s_Premier_League.svg,https://www.espncricinfo.com/db/PICTURES/CMS/323100/323187.png,https://www.espncricinfo.com/db/PICTURES/CMS/323100/323187.png,https://www.espncricinfo.com/db/PICTURES/CMS/305200/305204.png
Sophie Devine,231740,Royal Challengers Bangalore Women,2023,Women's Premier League,67.582,0.302,91.705,0.588,-24.123,-0.355,266,156,45,52,13,111,60,8,3,98,68,15,26,8.647,32.667,1.705,33.25,224,0.221,0.288,0.083,0.382,0.333,0.541,RCB-W,https://www.espncricinfo.com/db/PICTURES/CMS/355600/355629.jpg,#ef4022,https://upload.wikimedia.org/wikipedia/en/2/27/Women%27s_Premier_League.svg,https://www.espncricinfo.com/db/PICTURES/CMS/320500/320551.png,https://www.espncricinfo.com/db/PICTURES/CMS/320500/320551.png,https://www.espncricinfo.com/db/PICTURES/CMS/305800/305803.png
Sophie Devine,231740,Royal Challengers Bangalore Women,2024,Women's Premier League,-18.532,-0.074,6.217,0.056,-24.749,-0.176,136,111,20,44,7,91,42,9,6,180,141,28,64,7.66,30,1.225,15.111,252,0.199,0.18,0.063,0.454,0.396,0.462,RCB-W,https://www.espncricinfo.com/db/PICTURES/CMS/355600/355629.jpg,#ef4022,https://upload.wikimedia.org/wikipedia/en/2/27/Women%27s_Premier_League.svg,https://www.espncricinfo.com/db/PICTURES/CMS/320500/320551.png,https://www.espncricinfo.com/db/PICTURES/CMS/320500/320551.png,https://www.espncricinfo.com/db/PICTURES/CMS/305800/305803.png
Sophie Ecclestone,878039,UP Warriorz Women,2023,Women's Premier League,13.098,0.047,0.232,0.004,12.865,0.06,70,60,8,21,2,52,34,4,16,236,216,33,96,6.556,14.75,1.167,17.5,276,0.153,0.133,0.033,0.444,0.35,0.654,UPW-W,https://www.espncricinfo.com/db/PICTURES/CMS/355600/355624.png,#2a0659,https://upload.wikimedia.org/wikipedia/en/2/27/Women%27s_Premier_League.svg,https://www.espncricinfo.com/db/PICTURES/CMS/323100/323178.png,https://www.espncricinfo.com/db/PICTURES/CMS/323100/323178.png,https://www.espncricinfo.com/db/PICTURES/CMS/305000/305064.png
Sophie Ecclestone,878039,UP Warriorz Women,2024,Women's Premier League,5.332,0.025,-10.193,-0.51,15.525,0.081,19,20,2,11,1,18,9,4,15,208,192,29,87,6.5,13.867,0.95,4.75,212,0.151,0.1,0.05,0.453,0.55,0.5,UPW-W,https://www.espncricinfo.com/db/PICTURES/CMS/355600/355624.png,#2a0659,https://upload.wikimedia.org/wikipedia/en/2/27/Women%27s_Premier_League.svg,https://www.espncricinfo.com/db/PICTURES/CMS/323100/323178.png,https://www.espncricinfo.com/db/PICTURES/CMS/323100/323178.png,https://www.espncricinfo.com/db/PICTURES/CMS/305000/305064.png
Sophie Molineux,944373,Royal Challengers Bangalore Women,2024,Women's Premier League,-28.809,-0.091,-20.507,-0.238,-8.302,-0.036,78,86,10,37,0,76,38,6,15,279,232,35,91,7.216,18.6,0.907,13,318,0.151,0.116,0,0.392,0.43,0.5,RCB-W,https://www.espncricinfo.com/db/PICTURES/CMS/355600/355629.jpg,#ef4022,https://upload.wikimedia.org/wikipedia/en/2/27/Women%27s_Premier_League.svg,https://www.espncricinfo.com/db/PICTURES/CMS/321600/321699.png,https://www.espncricinfo.com/db/PICTURES/CMS/321600/321699.png,https://www.espncricinfo.com/db/PICTURES/CMS/305800/305813.jpg
Soppadhandi Yashasri,1255485,UP Warriorz Women,2023,Women's Premier League,-1.971,-0.09,0,0,-1.971,-0.09,NA,0,NA,NA,NA,NA,NA,NA,1,26,22,4,8,7.091,26,NA,NA,22,0.182,NA,NA,0.364,NA,NA,UPW-W,https://www.espncricinfo.com/db/PICTURES/CMS/355600/355624.png,#2a0659,https://upload.wikimedia.org/wikipedia/en/2/27/Women%27s_Premier_League.svg,NA,NA,NA
Sushma Verma,597821,Gujarat Giants Women,2023,Women's Premier League,-11.424,-0.208,-11.424,-0.208,0,0,42,55,4,23,0,51,26,2,NA,NA,0,NA,NA,NA,NA,0.764,21,55,NA,0.073,0,NA,0.418,0.51,GG-W,https://www.espncricinfo.com/db/PICTURES/CMS/355500/355583.png,#f55607,https://upload.wikimedia.org/wikipedia/en/2/27/Women%27s_Premier_League.svg,https://www.espncricinfo.com/db/PICTURES/CMS/321800/321860.png,https://www.espncricinfo.com/db/PICTURES/CMS/321800/321860.png,https://www.espncricinfo.com/db/PICTURES/CMS/304500/304575.png
Tahlia McGrath,381311,UP Warriorz Women,2023,Women's Premier League,63.855,0.272,98.942,0.505,-35.087,-0.9,302,196,53,66,7,143,76,6,2,75,39,12,13,11.538,37.5,1.541,50.333,235,0.308,0.27,0.036,0.333,0.337,0.531,UPW-W,https://www.espncricinfo.com/db/PICTURES/CMS/355600/355624.png,#2a0659,https://upload.wikimedia.org/wikipedia/en/2/27/Women%27s_Premier_League.svg,https://www.espncricinfo.com/db/PICTURES/CMS/337100/337191.png,https://www.espncricinfo.com/db/PICTURES/CMS/337100/337191.png,https://www.espncricinfo.com/db/PICTURES/CMS/305800/305808.jpg
Tahlia McGrath,381311,UP Warriorz Women,2024,Women's Premier League,-50.045,-0.603,-17.325,-0.495,-32.72,-0.682,27,35,3,21,1,32,13,4,1,83,48,14,17,10.375,83,0.771,6.75,83,0.292,0.086,0.029,0.354,0.6,0.406,UPW-W,https://www.espncricinfo.com/db/PICTURES/CMS/355600/355624.png,#2a0659,https://upload.wikimedia.org/wikipedia/en/2/27/Women%27s_Premier_League.svg,https://www.espncricinfo.com/db/PICTURES/CMS/337100/337191.png,https://www.espncricinfo.com/db/PICTURES/CMS/337100/337191.png,https://www.espncricinfo.com/db/PICTURES/CMS/305800/305808.jpg
Taniya Bhatia,883423,Delhi Capitals Women,2023,Women's Premier League,-21.191,-1.413,-21.191,-1.413,0,0,5,15,0,10,0,15,5,3,NA,NA,0,NA,NA,NA,NA,0.333,1.667,15,NA,0,0,NA,0.667,0.333,DC-W,https://www.espncricinfo.com/db/PICTURES/CMS/313400/313422.logo.png,#004c93,https://upload.wikimedia.org/wikipedia/en/2/27/Women%27s_Premier_League.svg,https://www.espncricinfo.com/db/PICTURES/CMS/321800/321868.png,https://www.espncricinfo.com/db/PICTURES/CMS/321800/321868.png,https://www.espncricinfo.com/db/PICTURES/CMS/304300/304398.png
Taniya Bhatia,883423,Delhi Capitals Women,2024,Women's Premier League,-6.738,-3.369,-6.738,-3.369,0,0,0,2,0,2,0,2,0,1,NA,NA,0,NA,NA,NA,NA,0,0,2,NA,0,0,NA,1,0,DC-W,https://www.espncricinfo.com/db/PICTURES/CMS/313400/313422.logo.png,#004c93,https://upload.wikimedia.org/wikipedia/en/2/27/Women%27s_Premier_League.svg,https://www.espncricinfo.com/db/PICTURES/CMS/321800/321868.png,https://www.espncricinfo.com/db/PICTURES/CMS/321800/321868.png,https://www.espncricinfo.com/db/PICTURES/CMS/304300/304398.png
Tanuja Kanwar,960847,Gujarat Giants Women,2023,Women's Premier League,-79.012,-0.407,-24.203,-0.931,-54.809,-0.326,13,26,1,16,0,25,9,3,5,244,168,36,59,8.714,48.8,0.5,4.333,194,0.214,0.038,0,0.351,0.615,0.36,GG-W,https://www.espncricinfo.com/db/PICTURES/CMS/355500/355583.png,#f55607,https://upload.wikimedia.org/wikipedia/en/2/27/Women%27s_Premier_League.svg,NA,NA,NA
Tanuja Kanwar,960847,Gujarat Giants Women,2024,Women's Premier League,-17.478,-0.079,-8.131,-0.185,-9.347,-0.053,46,44,5,15,0,39,26,4,11,215,176,29,71,7.33,19.545,1.045,11.5,220,0.165,0.114,0,0.403,0.341,0.667,GG-W,https://www.espncricinfo.com/db/PICTURES/CMS/355500/355583.png,#f55607,https://upload.wikimedia.org/wikipedia/en/2/27/Women%27s_Premier_League.svg,NA,NA,NA
Tara Norris,872217,Delhi Capitals Women,2023,Women's Premier League,-3.543,-0.052,-3.289,-3.289,-0.254,-0.004,0,1,0,1,0,1,0,1,7,89,67,13,26,7.97,12.714,0,0,68,0.194,0,0,0.388,1,0,DC-W,https://www.espncricinfo.com/db/PICTURES/CMS/313400/313422.logo.png,#004c93,https://upload.wikimedia.org/wikipedia/en/2/27/Women%27s_Premier_League.svg,https://www.espncricinfo.com/db/PICTURES/CMS/334400/334408.png,https://www.espncricinfo.com/db/PICTURES/CMS/334400/334408.png,https://www.espncricinfo.com/db/PICTURES/CMS/332500/332569.4.jpg
Tarannum Pathan,960729,Gujarat Giants Women,2024,Women's Premier League,-7.241,-0.402,-2.839,-0.237,-4.402,-0.734,9,12,1,4,0,11,5,1,0,10,6,1,1,10,Inf,0.75,9,18,0.167,0.083,0,0.167,0.333,0.455,GG-W,https://www.espncricinfo.com/db/PICTURES/CMS/355500/355583.png,#f55607,https://upload.wikimedia.org/wikipedia/en/2/27/Women%27s_Premier_League.svg,NA,NA,NA
Titas Sadhu,1255407,Delhi Capitals Women,2024,Women's Premier League,-12.781,-0.228,-3.449,-3.449,-9.332,-0.17,0,1,0,1,0,1,0,1,3,71,55,11,26,7.745,23.667,0,0,56,0.2,0,0,0.473,1,0,DC-W,https://www.espncricinfo.com/db/PICTURES/CMS/313400/313422.logo.png,#004c93,https://upload.wikimedia.org/wikipedia/en/2/27/Women%27s_Premier_League.svg,NA,NA,NA
Uma  Chetry,960695,UP Warriorz Women,2024,Women's Premier League,-3.801,-0.38,-3.801,-0.38,0,0,8,10,1,6,0,9,4,1,NA,NA,0,NA,NA,NA,NA,0.8,8,10,NA,0.1,0,NA,0.6,0.444,UPW-W,https://www.espncricinfo.com/db/PICTURES/CMS/355600/355624.png,#2a0659,https://upload.wikimedia.org/wikipedia/en/2/27/Women%27s_Premier_League.svg,NA,NA,NA
Veda Krishnamurthy,442205,Gujarat Giants Women,2024,Women's Premier League,-18.304,-0.538,-18.304,-0.538,0,0,22,34,3,21,1,31,8,4,NA,NA,0,NA,NA,NA,NA,0.647,5.5,34,NA,0.088,0.029,NA,0.618,0.258,GG-W,https://www.espncricinfo.com/db/PICTURES/CMS/355500/355583.png,#f55607,https://upload.wikimedia.org/wikipedia/en/2/27/Women%27s_Premier_League.svg,https://www.espncricinfo.com/db/PICTURES/CMS/320600/320634.png,https://www.espncricinfo.com/db/PICTURES/CMS/320600/320634.png,https://www.espncricinfo.com/db/PICTURES/CMS/304500/304537.png
Yastika Bhatia,960715,Mumbai Indians Women,2023,Women's Premier League,4.912,0.025,4.912,0.025,0,0,214,196,38,96,2,158,58,10,NA,NA,0,NA,NA,NA,NA,1.092,21.4,196,NA,0.194,0.01,NA,0.49,0.367,MI-W,https://www.espncricinfo.com/db/PICTURES/CMS/344000/344062.png,#005ea0,https://upload.wikimedia.org/wikipedia/en/2/27/Women%27s_Premier_League.svg,https://www.espncricinfo.com/db/PICTURES/CMS/331100/331197.png,https://www.espncricinfo.com/db/PICTURES/CMS/331100/331197.png,https://www.espncricinfo.com/db/PICTURES/CMS/329300/329353.4.jpg
Yastika Bhatia,960715,Mumbai Indians Women,2024,Women's Premier League,29.279,0.172,29.279,0.172,0,0,204,170,36,86,6,134,48,8,NA,NA,0,NA,NA,NA,NA,1.2,25.5,170,NA,0.212,0.035,NA,0.506,0.358,MI-W,https://www.espncricinfo.com/db/PICTURES/CMS/344000/344062.png,#005ea0,https://upload.wikimedia.org/wikipedia/en/2/27/Women%27s_Premier_League.svg,https://www.espncricinfo.com/db/PICTURES/CMS/331100/331197.png,https://www.espncricinfo.com/db/PICTURES/CMS/331100/331197.png,https://www.espncricinfo.com/db/PICTURES/CMS/329300/329353.4.jpg
